{
  "timestamp": "2026-03-31T21:43:55.362Z",
  "type": "request",
  "endpoint": "GET /games",
  "fullUrl": "https://staging.slotegrator.com/api/index.php/v1/games",
  "headers": {
    "X-Merchant-Id": "dbb46701285c1a2e24a0bf92f00501e5",
    "X-Timestamp": "1774993435",
    "X-Nonce": "30eb8339b566c8027200952e0b16689f",
    "X-Sign": "94dd3fa6...",
    "Accept": "application/json"
  },
  "body": null,
  "params": null
}
================================================================================

{
  "timestamp": "2026-03-31T21:43:56.788Z",
  "type": "request",
  "endpoint": "GET /games",
  "fullUrl": "https://staging.slotegrator.com/api/index.php/v1/games?page=2",
  "headers": {
    "X-Merchant-Id": "dbb46701285c1a2e24a0bf92f00501e5",
    "X-Timestamp": "1774993436",
    "X-Nonce": "1470fbb5ced5fbd608ecee48529ef4a9",
    "X-Sign": "03f936a7...",
    "Accept": "application/json"
  },
  "body": null,
  "params": {
    "page": 2
  }
}
================================================================================

{
  "timestamp": "2026-03-31T21:43:57.356Z",
  "type": "request",
  "endpoint": "GET /games",
  "fullUrl": "https://staging.slotegrator.com/api/index.php/v1/games?page=3",
  "headers": {
    "X-Merchant-Id": "dbb46701285c1a2e24a0bf92f00501e5",
    "X-Timestamp": "1774993437",
    "X-Nonce": "5dc647f9fa01e4c09caca19919bf5a2b",
    "X-Sign": "c4144e1a...",
    "Accept": "application/json"
  },
  "body": null,
  "params": {
    "page": 3
  }
}
================================================================================

{
  "timestamp": "2026-03-31T21:43:57.931Z",
  "type": "request",
  "endpoint": "GET /games",
  "fullUrl": "https://staging.slotegrator.com/api/index.php/v1/games?page=4",
  "headers": {
    "X-Merchant-Id": "dbb46701285c1a2e24a0bf92f00501e5",
    "X-Timestamp": "1774993437",
    "X-Nonce": "d18488653e6eead9ba46d0589767557e",
    "X-Sign": "0a2323f2...",
    "Accept": "application/json"
  },
  "body": null,
  "params": {
    "page": 4
  }
}
================================================================================

{
  "timestamp": "2026-03-31T21:43:58.533Z",
  "type": "request",
  "endpoint": "GET /games",
  "fullUrl": "https://staging.slotegrator.com/api/index.php/v1/games?page=5",
  "headers": {
    "X-Merchant-Id": "dbb46701285c1a2e24a0bf92f00501e5",
    "X-Timestamp": "1774993438",
    "X-Nonce": "017ea91af84be8383e064b4632aa9bdc",
    "X-Sign": "518536f6...",
    "Accept": "application/json"
  },
  "body": null,
  "params": {
    "page": 5
  }
}
================================================================================

{
  "timestamp": "2026-03-31T21:43:59.105Z",
  "type": "request",
  "endpoint": "GET /games",
  "fullUrl": "https://staging.slotegrator.com/api/index.php/v1/games?page=6",
  "headers": {
    "X-Merchant-Id": "dbb46701285c1a2e24a0bf92f00501e5",
    "X-Timestamp": "1774993439",
    "X-Nonce": "251bcf122d559546c2dceb064adeaa73",
    "X-Sign": "2d2e8421...",
    "Accept": "application/json"
  },
  "body": null,
  "params": {
    "page": 6
  }
}
================================================================================

{
  "timestamp": "2026-03-31T21:43:59.724Z",
  "type": "request",
  "endpoint": "GET /games",
  "fullUrl": "https://staging.slotegrator.com/api/index.php/v1/games?page=7",
  "headers": {
    "X-Merchant-Id": "dbb46701285c1a2e24a0bf92f00501e5",
    "X-Timestamp": "1774993439",
    "X-Nonce": "8ce1992030cb885dd74d5d41f8602367",
    "X-Sign": "939fb386...",
    "Accept": "application/json"
  },
  "body": null,
  "params": {
    "page": 7
  }
}
================================================================================

{
  "timestamp": "2026-03-31T21:44:00.230Z",
  "type": "request",
  "endpoint": "GET /games",
  "fullUrl": "https://staging.slotegrator.com/api/index.php/v1/games?page=8",
  "headers": {
    "X-Merchant-Id": "dbb46701285c1a2e24a0bf92f00501e5",
    "X-Timestamp": "1774993440",
    "X-Nonce": "c75b9c9306e1fa7d076a0b49017b3bc3",
    "X-Sign": "57a539bd...",
    "Accept": "application/json"
  },
  "body": null,
  "params": {
    "page": 8
  }
}
================================================================================

{
  "timestamp": "2026-03-31T21:44:00.737Z",
  "type": "request",
  "endpoint": "GET /games",
  "fullUrl": "https://staging.slotegrator.com/api/index.php/v1/games?page=9",
  "headers": {
    "X-Merchant-Id": "dbb46701285c1a2e24a0bf92f00501e5",
    "X-Timestamp": "1774993440",
    "X-Nonce": "40b55bd8cffb72600c5cffdaaaa47cfb",
    "X-Sign": "bada16be...",
    "Accept": "application/json"
  },
  "body": null,
  "params": {
    "page": 9
  }
}
================================================================================

{
  "timestamp": "2026-03-31T21:44:01.278Z",
  "type": "request",
  "endpoint": "GET /games",
  "fullUrl": "https://staging.slotegrator.com/api/index.php/v1/games?page=10",
  "headers": {
    "X-Merchant-Id": "dbb46701285c1a2e24a0bf92f00501e5",
    "X-Timestamp": "1774993441",
    "X-Nonce": "db46e3273a19f599cf9a192f1fa0a5ed",
    "X-Sign": "4248aa65...",
    "Accept": "application/json"
  },
  "body": null,
  "params": {
    "page": 10
  }
}
================================================================================

{
  "timestamp": "2026-03-31T21:44:01.851Z",
  "type": "request",
  "endpoint": "GET /games",
  "fullUrl": "https://staging.slotegrator.com/api/index.php/v1/games?page=11",
  "headers": {
    "X-Merchant-Id": "dbb46701285c1a2e24a0bf92f00501e5",
    "X-Timestamp": "1774993441",
    "X-Nonce": "00722c41baebefdb3aa90481c08a1166",
    "X-Sign": "9643ca8a...",
    "Accept": "application/json"
  },
  "body": null,
  "params": {
    "page": 11
  }
}
================================================================================

{
  "timestamp": "2026-03-31T21:44:02.389Z",
  "type": "request",
  "endpoint": "GET /games",
  "fullUrl": "https://staging.slotegrator.com/api/index.php/v1/games?page=12",
  "headers": {
    "X-Merchant-Id": "dbb46701285c1a2e24a0bf92f00501e5",
    "X-Timestamp": "1774993442",
    "X-Nonce": "7bfc0b8a76ff116a34a9ecea039cc67f",
    "X-Sign": "1b3f2695...",
    "Accept": "application/json"
  },
  "body": null,
  "params": {
    "page": 12
  }
}
================================================================================

{
  "timestamp": "2026-03-31T21:44:02.899Z",
  "type": "request",
  "endpoint": "GET /games",
  "fullUrl": "https://staging.slotegrator.com/api/index.php/v1/games?page=13",
  "headers": {
    "X-Merchant-Id": "dbb46701285c1a2e24a0bf92f00501e5",
    "X-Timestamp": "1774993442",
    "X-Nonce": "4d8affc3ac66691909ac2b66602778f9",
    "X-Sign": "593bf535...",
    "Accept": "application/json"
  },
  "body": null,
  "params": {
    "page": 13
  }
}
================================================================================

{
  "timestamp": "2026-03-31T21:44:03.421Z",
  "type": "request",
  "endpoint": "GET /games",
  "fullUrl": "https://staging.slotegrator.com/api/index.php/v1/games?page=14",
  "headers": {
    "X-Merchant-Id": "dbb46701285c1a2e24a0bf92f00501e5",
    "X-Timestamp": "1774993443",
    "X-Nonce": "1fcd7141c8f14a395ddf2a8653411f0a",
    "X-Sign": "7faf58a8...",
    "Accept": "application/json"
  },
  "body": null,
  "params": {
    "page": 14
  }
}
================================================================================

{
  "timestamp": "2026-03-31T21:44:03.977Z",
  "type": "request",
  "endpoint": "GET /games",
  "fullUrl": "https://staging.slotegrator.com/api/index.php/v1/games?page=15",
  "headers": {
    "X-Merchant-Id": "dbb46701285c1a2e24a0bf92f00501e5",
    "X-Timestamp": "1774993443",
    "X-Nonce": "ccf328aeccae179ef6ae90c480003c78",
    "X-Sign": "4eff69c8...",
    "Accept": "application/json"
  },
  "body": null,
  "params": {
    "page": 15
  }
}
================================================================================

{
  "timestamp": "2026-03-31T21:44:04.483Z",
  "type": "request",
  "endpoint": "GET /games",
  "fullUrl": "https://staging.slotegrator.com/api/index.php/v1/games?page=16",
  "headers": {
    "X-Merchant-Id": "dbb46701285c1a2e24a0bf92f00501e5",
    "X-Timestamp": "1774993444",
    "X-Nonce": "a4e18a8016c88afee5b8d3ff368caa4e",
    "X-Sign": "702e9057...",
    "Accept": "application/json"
  },
  "body": null,
  "params": {
    "page": 16
  }
}
================================================================================

{
  "timestamp": "2026-03-31T21:44:05.029Z",
  "type": "request",
  "endpoint": "GET /games",
  "fullUrl": "https://staging.slotegrator.com/api/index.php/v1/games?page=17",
  "headers": {
    "X-Merchant-Id": "dbb46701285c1a2e24a0bf92f00501e5",
    "X-Timestamp": "1774993445",
    "X-Nonce": "0c83730a1f01c7a7cb5a0b9792b6a94f",
    "X-Sign": "7d3dca44...",
    "Accept": "application/json"
  },
  "body": null,
  "params": {
    "page": 17
  }
}
================================================================================

{
  "timestamp": "2026-03-31T21:44:06.294Z",
  "type": "request",
  "endpoint": "GET /games",
  "fullUrl": "https://staging.slotegrator.com/api/index.php/v1/games?page=18",
  "headers": {
    "X-Merchant-Id": "dbb46701285c1a2e24a0bf92f00501e5",
    "X-Timestamp": "1774993446",
    "X-Nonce": "38c1db7b90026f2d7feab1e62fa3af03",
    "X-Sign": "85eaee2c...",
    "Accept": "application/json"
  },
  "body": null,
  "params": {
    "page": 18
  }
}
================================================================================

{
  "timestamp": "2026-03-31T21:44:07.402Z",
  "type": "request",
  "endpoint": "GET /games",
  "fullUrl": "https://staging.slotegrator.com/api/index.php/v1/games?page=19",
  "headers": {
    "X-Merchant-Id": "dbb46701285c1a2e24a0bf92f00501e5",
    "X-Timestamp": "1774993447",
    "X-Nonce": "c34bba1cbb900b226a6280ae13941d40",
    "X-Sign": "07e259c2...",
    "Accept": "application/json"
  },
  "body": null,
  "params": {
    "page": 19
  }
}
================================================================================

{
  "timestamp": "2026-03-31T21:44:08.145Z",
  "type": "request",
  "endpoint": "GET /games",
  "fullUrl": "https://staging.slotegrator.com/api/index.php/v1/games?page=20",
  "headers": {
    "X-Merchant-Id": "dbb46701285c1a2e24a0bf92f00501e5",
    "X-Timestamp": "1774993448",
    "X-Nonce": "5a83450e6bc3e376df85a56c779b4e43",
    "X-Sign": "8fa5eb03...",
    "Accept": "application/json"
  },
  "body": null,
  "params": {
    "page": 20
  }
}
================================================================================

{
  "timestamp": "2026-03-31T21:44:08.722Z",
  "type": "request",
  "endpoint": "GET /games",
  "fullUrl": "https://staging.slotegrator.com/api/index.php/v1/games?page=21",
  "headers": {
    "X-Merchant-Id": "dbb46701285c1a2e24a0bf92f00501e5",
    "X-Timestamp": "1774993448",
    "X-Nonce": "5d5695331c92727da13e7e25437dc7e6",
    "X-Sign": "626ee902...",
    "Accept": "application/json"
  },
  "body": null,
  "params": {
    "page": 21
  }
}
================================================================================

{
  "timestamp": "2026-03-31T21:44:09.430Z",
  "type": "request",
  "endpoint": "GET /games",
  "fullUrl": "https://staging.slotegrator.com/api/index.php/v1/games?page=22",
  "headers": {
    "X-Merchant-Id": "dbb46701285c1a2e24a0bf92f00501e5",
    "X-Timestamp": "1774993449",
    "X-Nonce": "e29f287d358d8649a1f8908333cf1fae",
    "X-Sign": "cee9f2ba...",
    "Accept": "application/json"
  },
  "body": null,
  "params": {
    "page": 22
  }
}
================================================================================

{
  "timestamp": "2026-03-31T21:44:10.052Z",
  "type": "request",
  "endpoint": "GET /games",
  "fullUrl": "https://staging.slotegrator.com/api/index.php/v1/games?page=23",
  "headers": {
    "X-Merchant-Id": "dbb46701285c1a2e24a0bf92f00501e5",
    "X-Timestamp": "1774993450",
    "X-Nonce": "c4c9dc66353a470a8a407f3b38e47a8f",
    "X-Sign": "ab41a72b...",
    "Accept": "application/json"
  },
  "body": null,
  "params": {
    "page": 23
  }
}
================================================================================

{
  "timestamp": "2026-03-31T21:44:10.859Z",
  "type": "request",
  "endpoint": "GET /games",
  "fullUrl": "https://staging.slotegrator.com/api/index.php/v1/games?page=24",
  "headers": {
    "X-Merchant-Id": "dbb46701285c1a2e24a0bf92f00501e5",
    "X-Timestamp": "1774993450",
    "X-Nonce": "5282e2e279fe53f2c64beac72a49492d",
    "X-Sign": "9fd1bf32...",
    "Accept": "application/json"
  },
  "body": null,
  "params": {
    "page": 24
  }
}
================================================================================

{
  "timestamp": "2026-03-31T21:44:11.481Z",
  "type": "request",
  "endpoint": "GET /games",
  "fullUrl": "https://staging.slotegrator.com/api/index.php/v1/games?page=25",
  "headers": {
    "X-Merchant-Id": "dbb46701285c1a2e24a0bf92f00501e5",
    "X-Timestamp": "1774993451",
    "X-Nonce": "a6b377184e5f8ac0a201e65024797acb",
    "X-Sign": "f2c34989...",
    "Accept": "application/json"
  },
  "body": null,
  "params": {
    "page": 25
  }
}
================================================================================

{
  "timestamp": "2026-03-31T21:44:18.482Z",
  "type": "request",
  "endpoint": "GET /games",
  "fullUrl": "https://staging.slotegrator.com/api/index.php/v1/games?page=26",
  "headers": {
    "X-Merchant-Id": "dbb46701285c1a2e24a0bf92f00501e5",
    "X-Timestamp": "1774993458",
    "X-Nonce": "4707910c3d9810e035c91d20a151f58a",
    "X-Sign": "e7393610...",
    "Accept": "application/json"
  },
  "body": null,
  "params": {
    "page": 26
  }
}
================================================================================

{
  "timestamp": "2026-03-31T21:44:27.307Z",
  "type": "request",
  "endpoint": "GET /games",
  "fullUrl": "https://staging.slotegrator.com/api/index.php/v1/games?page=27",
  "headers": {
    "X-Merchant-Id": "dbb46701285c1a2e24a0bf92f00501e5",
    "X-Timestamp": "1774993467",
    "X-Nonce": "117a9822746491e0e345b9eb90b3ad3d",
    "X-Sign": "c3f3156b...",
    "Accept": "application/json"
  },
  "body": null,
  "params": {
    "page": 27
  }
}
================================================================================

{
  "timestamp": "2026-03-31T21:44:32.794Z",
  "type": "request",
  "endpoint": "GET /games",
  "fullUrl": "https://staging.slotegrator.com/api/index.php/v1/games?page=28",
  "headers": {
    "X-Merchant-Id": "dbb46701285c1a2e24a0bf92f00501e5",
    "X-Timestamp": "1774993472",
    "X-Nonce": "2b8a2c69ef928d6dc06c921a16ef7025",
    "X-Sign": "05a30aec...",
    "Accept": "application/json"
  },
  "body": null,
  "params": {
    "page": 28
  }
}
================================================================================

{
  "timestamp": "2026-03-31T21:44:42.396Z",
  "type": "request",
  "endpoint": "GET /games",
  "fullUrl": "https://staging.slotegrator.com/api/index.php/v1/games?page=29",
  "headers": {
    "X-Merchant-Id": "dbb46701285c1a2e24a0bf92f00501e5",
    "X-Timestamp": "1774993482",
    "X-Nonce": "eda1189a1801f225506acef0dafdb99f",
    "X-Sign": "210ecd72...",
    "Accept": "application/json"
  },
  "body": null,
  "params": {
    "page": 29
  }
}
================================================================================

{
  "timestamp": "2026-03-31T21:49:42.432Z",
  "type": "request",
  "endpoint": "GET /games",
  "fullUrl": "https://staging.slotegrator.com/api/index.php/v1/games?page=30",
  "headers": {
    "X-Merchant-Id": "dbb46701285c1a2e24a0bf92f00501e5",
    "X-Timestamp": "1774993782",
    "X-Nonce": "8cf9a19720c9a24c6239d619801a4931",
    "X-Sign": "e450d064...",
    "Accept": "application/json"
  },
  "body": null,
  "params": {
    "page": 30
  }
}
================================================================================

{
  "timestamp": "2026-03-31T21:50:44.107Z",
  "type": "request",
  "endpoint": "GET /games",
  "fullUrl": "https://staging.slotegrator.com/api/index.php/v1/games",
  "headers": {
    "X-Merchant-Id": "dbb46701285c1a2e24a0bf92f00501e5",
    "X-Timestamp": "1774993844",
    "X-Nonce": "4d08b12e762255edccdac33ed539d404",
    "X-Sign": "79dc0d43...",
    "Accept": "application/json"
  },
  "body": null,
  "params": null
}
================================================================================

{
  "timestamp": "2026-03-31T21:50:44.126Z",
  "type": "request",
  "endpoint": "GET /games",
  "fullUrl": "https://staging.slotegrator.com/api/index.php/v1/games?expand=images",
  "headers": {
    "X-Merchant-Id": "dbb46701285c1a2e24a0bf92f00501e5",
    "X-Timestamp": "1774993844",
    "X-Nonce": "c0867e1708daa005c684395edcda2b73",
    "X-Sign": "9ecd6223...",
    "Accept": "application/json"
  },
  "body": null,
  "params": {
    "expand": "images"
  }
}
================================================================================

{
  "timestamp": "2026-03-31T21:50:45.018Z",
  "type": "request",
  "endpoint": "GET /games",
  "fullUrl": "https://staging.slotegrator.com/api/index.php/v1/games?page=2",
  "headers": {
    "X-Merchant-Id": "dbb46701285c1a2e24a0bf92f00501e5",
    "X-Timestamp": "1774993845",
    "X-Nonce": "efac833767aaa90868ce2f9db5035ba0",
    "X-Sign": "c8b8b8d0...",
    "Accept": "application/json"
  },
  "body": null,
  "params": {
    "page": 2
  }
}
================================================================================

{
  "timestamp": "2026-03-31T21:50:45.418Z",
  "type": "request",
  "endpoint": "GET /games",
  "fullUrl": "https://staging.slotegrator.com/api/index.php/v1/games?expand=images&page=2",
  "headers": {
    "X-Merchant-Id": "dbb46701285c1a2e24a0bf92f00501e5",
    "X-Timestamp": "1774993845",
    "X-Nonce": "12184ddbe8e9b0a1c8c81d9f77fb5afc",
    "X-Sign": "d523d9c1...",
    "Accept": "application/json"
  },
  "body": null,
  "params": {
    "expand": "images",
    "page": 2
  }
}
================================================================================

{
  "timestamp": "2026-03-31T21:50:45.668Z",
  "type": "request",
  "endpoint": "GET /games",
  "fullUrl": "https://staging.slotegrator.com/api/index.php/v1/games?page=3",
  "headers": {
    "X-Merchant-Id": "dbb46701285c1a2e24a0bf92f00501e5",
    "X-Timestamp": "1774993845",
    "X-Nonce": "089e8dcd2b10c0e46bc1999ae1df3c27",
    "X-Sign": "13bdcdc9...",
    "Accept": "application/json"
  },
  "body": null,
  "params": {
    "page": 3
  }
}
================================================================================

{
  "timestamp": "2026-03-31T21:50:46.101Z",
  "type": "request",
  "endpoint": "GET /games",
  "fullUrl": "https://staging.slotegrator.com/api/index.php/v1/games?expand=images&page=3",
  "headers": {
    "X-Merchant-Id": "dbb46701285c1a2e24a0bf92f00501e5",
    "X-Timestamp": "1774993846",
    "X-Nonce": "206bf3cad8efa6f9d1304d652068270a",
    "X-Sign": "14baa2ca...",
    "Accept": "application/json"
  },
  "body": null,
  "params": {
    "expand": "images",
    "page": 3
  }
}
================================================================================

{
  "timestamp": "2026-03-31T21:50:46.302Z",
  "type": "request",
  "endpoint": "GET /games",
  "fullUrl": "https://staging.slotegrator.com/api/index.php/v1/games?page=4",
  "headers": {
    "X-Merchant-Id": "dbb46701285c1a2e24a0bf92f00501e5",
    "X-Timestamp": "1774993846",
    "X-Nonce": "70481a949bd485b48c0d145f0a6b622d",
    "X-Sign": "f5cf1eca...",
    "Accept": "application/json"
  },
  "body": null,
  "params": {
    "page": 4
  }
}
================================================================================

{
  "timestamp": "2026-03-31T21:50:47.033Z",
  "type": "request",
  "endpoint": "GET /games",
  "fullUrl": "https://staging.slotegrator.com/api/index.php/v1/games?expand=images&page=4",
  "headers": {
    "X-Merchant-Id": "dbb46701285c1a2e24a0bf92f00501e5",
    "X-Timestamp": "1774993847",
    "X-Nonce": "2440527be7b95a22a16f9e6fff51fd8e",
    "X-Sign": "d2da7094...",
    "Accept": "application/json"
  },
  "body": null,
  "params": {
    "expand": "images",
    "page": 4
  }
}
================================================================================

{
  "timestamp": "2026-03-31T21:50:47.518Z",
  "type": "request",
  "endpoint": "GET /games",
  "fullUrl": "https://staging.slotegrator.com/api/index.php/v1/games?page=5",
  "headers": {
    "X-Merchant-Id": "dbb46701285c1a2e24a0bf92f00501e5",
    "X-Timestamp": "1774993847",
    "X-Nonce": "d98391cefbe4b0463f9d7c89ac4f7add",
    "X-Sign": "54782aa7...",
    "Accept": "application/json"
  },
  "body": null,
  "params": {
    "page": 5
  }
}
================================================================================

{
  "timestamp": "2026-03-31T21:50:47.685Z",
  "type": "request",
  "endpoint": "GET /games",
  "fullUrl": "https://staging.slotegrator.com/api/index.php/v1/games?expand=images&page=5",
  "headers": {
    "X-Merchant-Id": "dbb46701285c1a2e24a0bf92f00501e5",
    "X-Timestamp": "1774993847",
    "X-Nonce": "81bfc1f2e77e229e3160bdd78298a736",
    "X-Sign": "d7fddcf0...",
    "Accept": "application/json"
  },
  "body": null,
  "params": {
    "expand": "images",
    "page": 5
  }
}
================================================================================

{
  "timestamp": "2026-03-31T21:50:48.052Z",
  "type": "request",
  "endpoint": "GET /games",
  "fullUrl": "https://staging.slotegrator.com/api/index.php/v1/games?page=6",
  "headers": {
    "X-Merchant-Id": "dbb46701285c1a2e24a0bf92f00501e5",
    "X-Timestamp": "1774993848",
    "X-Nonce": "55ac3c3d49f49c20aa09dde2ca7aabc0",
    "X-Sign": "3245d1ba...",
    "Accept": "application/json"
  },
  "body": null,
  "params": {
    "page": 6
  }
}
================================================================================

{
  "timestamp": "2026-03-31T21:50:48.191Z",
  "type": "request",
  "endpoint": "GET /games",
  "fullUrl": "https://staging.slotegrator.com/api/index.php/v1/games?expand=images",
  "headers": {
    "X-Merchant-Id": "dbb46701285c1a2e24a0bf92f00501e5",
    "X-Timestamp": "1774993848",
    "X-Nonce": "2014a66d0befef93ccde98e6b7e63177",
    "X-Sign": "1c97662d...",
    "Accept": "application/json"
  },
  "body": null,
  "params": {
    "expand": "images"
  }
}
================================================================================

{
  "timestamp": "2026-03-31T21:50:48.402Z",
  "type": "request",
  "endpoint": "GET /games",
  "fullUrl": "https://staging.slotegrator.com/api/index.php/v1/games?expand=images&page=6",
  "headers": {
    "X-Merchant-Id": "dbb46701285c1a2e24a0bf92f00501e5",
    "X-Timestamp": "1774993848",
    "X-Nonce": "452efdc6fc8209c1ed84745ff2d3cfdf",
    "X-Sign": "ed2b3b1c...",
    "Accept": "application/json"
  },
  "body": null,
  "params": {
    "expand": "images",
    "page": 6
  }
}
================================================================================

{
  "timestamp": "2026-03-31T21:50:48.618Z",
  "type": "request",
  "endpoint": "GET /games",
  "fullUrl": "https://staging.slotegrator.com/api/index.php/v1/games?page=7",
  "headers": {
    "X-Merchant-Id": "dbb46701285c1a2e24a0bf92f00501e5",
    "X-Timestamp": "1774993848",
    "X-Nonce": "d0a806730725371fa43eb73116cdf64b",
    "X-Sign": "1aa36c05...",
    "Accept": "application/json"
  },
  "body": null,
  "params": {
    "page": 7
  }
}
================================================================================

{
  "timestamp": "2026-03-31T21:50:48.818Z",
  "type": "request",
  "endpoint": "GET /games",
  "fullUrl": "https://staging.slotegrator.com/api/index.php/v1/games?expand=images&page=2",
  "headers": {
    "X-Merchant-Id": "dbb46701285c1a2e24a0bf92f00501e5",
    "X-Timestamp": "1774993848",
    "X-Nonce": "adeda7c6f60834a4cc6519af78fbe7f3",
    "X-Sign": "701d1ca7...",
    "Accept": "application/json"
  },
  "body": null,
  "params": {
    "expand": "images",
    "page": 2
  }
}
================================================================================

{
  "timestamp": "2026-03-31T21:50:49.004Z",
  "type": "request",
  "endpoint": "GET /games",
  "fullUrl": "https://staging.slotegrator.com/api/index.php/v1/games?expand=images&page=7",
  "headers": {
    "X-Merchant-Id": "dbb46701285c1a2e24a0bf92f00501e5",
    "X-Timestamp": "1774993849",
    "X-Nonce": "463ba0fecd012cabd9dc41400cf7e478",
    "X-Sign": "432224d9...",
    "Accept": "application/json"
  },
  "body": null,
  "params": {
    "expand": "images",
    "page": 7
  }
}
================================================================================

{
  "timestamp": "2026-03-31T21:50:49.186Z",
  "type": "request",
  "endpoint": "GET /games",
  "fullUrl": "https://staging.slotegrator.com/api/index.php/v1/games?page=8",
  "headers": {
    "X-Merchant-Id": "dbb46701285c1a2e24a0bf92f00501e5",
    "X-Timestamp": "1774993849",
    "X-Nonce": "d87e492cde4fc31f0684cbcadfa1043d",
    "X-Sign": "bb0b532d...",
    "Accept": "application/json"
  },
  "body": null,
  "params": {
    "page": 8
  }
}
================================================================================

{
  "timestamp": "2026-03-31T21:50:49.369Z",
  "type": "request",
  "endpoint": "GET /games",
  "fullUrl": "https://staging.slotegrator.com/api/index.php/v1/games?expand=images&page=3",
  "headers": {
    "X-Merchant-Id": "dbb46701285c1a2e24a0bf92f00501e5",
    "X-Timestamp": "1774993849",
    "X-Nonce": "67454e8e201e7f80420c36d2d117974d",
    "X-Sign": "20467860...",
    "Accept": "application/json"
  },
  "body": null,
  "params": {
    "expand": "images",
    "page": 3
  }
}
================================================================================

{
  "timestamp": "2026-03-31T21:50:49.634Z",
  "type": "request",
  "endpoint": "GET /games",
  "fullUrl": "https://staging.slotegrator.com/api/index.php/v1/games?expand=images&page=8",
  "headers": {
    "X-Merchant-Id": "dbb46701285c1a2e24a0bf92f00501e5",
    "X-Timestamp": "1774993849",
    "X-Nonce": "8c672e6cdc392635c8c179e92854b7f5",
    "X-Sign": "cee21369...",
    "Accept": "application/json"
  },
  "body": null,
  "params": {
    "expand": "images",
    "page": 8
  }
}
================================================================================

{
  "timestamp": "2026-03-31T21:50:49.769Z",
  "type": "request",
  "endpoint": "GET /games",
  "fullUrl": "https://staging.slotegrator.com/api/index.php/v1/games?page=9",
  "headers": {
    "X-Merchant-Id": "dbb46701285c1a2e24a0bf92f00501e5",
    "X-Timestamp": "1774993849",
    "X-Nonce": "0d5ff9ecd90cba9f22373bdacecba383",
    "X-Sign": "729ba402...",
    "Accept": "application/json"
  },
  "body": null,
  "params": {
    "page": 9
  }
}
================================================================================

{
  "timestamp": "2026-03-31T21:50:49.969Z",
  "type": "request",
  "endpoint": "GET /games",
  "fullUrl": "https://staging.slotegrator.com/api/index.php/v1/games?expand=images&page=4",
  "headers": {
    "X-Merchant-Id": "dbb46701285c1a2e24a0bf92f00501e5",
    "X-Timestamp": "1774993849",
    "X-Nonce": "cb1829dcfda55a46acfa0bca7d0c58e4",
    "X-Sign": "2c291c01...",
    "Accept": "application/json"
  },
  "body": null,
  "params": {
    "expand": "images",
    "page": 4
  }
}
================================================================================

{
  "timestamp": "2026-03-31T21:50:50.322Z",
  "type": "request",
  "endpoint": "GET /games",
  "fullUrl": "https://staging.slotegrator.com/api/index.php/v1/games?page=10",
  "headers": {
    "X-Merchant-Id": "dbb46701285c1a2e24a0bf92f00501e5",
    "X-Timestamp": "1774993850",
    "X-Nonce": "8f2b89ed277ccd75f13f985b159f1261",
    "X-Sign": "17979e9b...",
    "Accept": "application/json"
  },
  "body": null,
  "params": {
    "page": 10
  }
}
================================================================================

{
  "timestamp": "2026-03-31T21:50:50.335Z",
  "type": "request",
  "endpoint": "GET /games",
  "fullUrl": "https://staging.slotegrator.com/api/index.php/v1/games?expand=images&page=9",
  "headers": {
    "X-Merchant-Id": "dbb46701285c1a2e24a0bf92f00501e5",
    "X-Timestamp": "1774993850",
    "X-Nonce": "4792eb8e03d8af9c5e866028e8bff75a",
    "X-Sign": "1f7837c5...",
    "Accept": "application/json"
  },
  "body": null,
  "params": {
    "expand": "images",
    "page": 9
  }
}
================================================================================

{
  "timestamp": "2026-03-31T21:50:50.535Z",
  "type": "request",
  "endpoint": "GET /games",
  "fullUrl": "https://staging.slotegrator.com/api/index.php/v1/games?expand=images&page=5",
  "headers": {
    "X-Merchant-Id": "dbb46701285c1a2e24a0bf92f00501e5",
    "X-Timestamp": "1774993850",
    "X-Nonce": "3eeafade42c8e3fd9d25d1c2c8ad0d14",
    "X-Sign": "c3abe60b...",
    "Accept": "application/json"
  },
  "body": null,
  "params": {
    "expand": "images",
    "page": 5
  }
}
================================================================================

{
  "timestamp": "2026-03-31T21:50:50.949Z",
  "type": "request",
  "endpoint": "GET /games",
  "fullUrl": "https://staging.slotegrator.com/api/index.php/v1/games?expand=images&page=10",
  "headers": {
    "X-Merchant-Id": "dbb46701285c1a2e24a0bf92f00501e5",
    "X-Timestamp": "1774993850",
    "X-Nonce": "95f6c8998684130dccb661f3880efa2e",
    "X-Sign": "551cee8b...",
    "Accept": "application/json"
  },
  "body": null,
  "params": {
    "expand": "images",
    "page": 10
  }
}
================================================================================

{
  "timestamp": "2026-03-31T21:50:50.972Z",
  "type": "request",
  "endpoint": "GET /games",
  "fullUrl": "https://staging.slotegrator.com/api/index.php/v1/games?page=11",
  "headers": {
    "X-Merchant-Id": "dbb46701285c1a2e24a0bf92f00501e5",
    "X-Timestamp": "1774993850",
    "X-Nonce": "a2e67e36f1464b7b667ea824cb485f38",
    "X-Sign": "767fc790...",
    "Accept": "application/json"
  },
  "body": null,
  "params": {
    "page": 11
  }
}
================================================================================

{
  "timestamp": "2026-03-31T21:50:51.109Z",
  "type": "request",
  "endpoint": "GET /games",
  "fullUrl": "https://staging.slotegrator.com/api/index.php/v1/games?expand=images&page=6",
  "headers": {
    "X-Merchant-Id": "dbb46701285c1a2e24a0bf92f00501e5",
    "X-Timestamp": "1774993851",
    "X-Nonce": "014cdcd88922f40b2b24b0701dbdc185",
    "X-Sign": "4cf4e700...",
    "Accept": "application/json"
  },
  "body": null,
  "params": {
    "expand": "images",
    "page": 6
  }
}
================================================================================

{
  "timestamp": "2026-03-31T21:50:51.562Z",
  "type": "request",
  "endpoint": "GET /games",
  "fullUrl": "https://staging.slotegrator.com/api/index.php/v1/games?page=12",
  "headers": {
    "X-Merchant-Id": "dbb46701285c1a2e24a0bf92f00501e5",
    "X-Timestamp": "1774993851",
    "X-Nonce": "84b2eff70d7241c9967e9229e6940cec",
    "X-Sign": "756fe860...",
    "Accept": "application/json"
  },
  "body": null,
  "params": {
    "page": 12
  }
}
================================================================================

{
  "timestamp": "2026-03-31T21:50:51.618Z",
  "type": "request",
  "endpoint": "GET /games",
  "fullUrl": "https://staging.slotegrator.com/api/index.php/v1/games?expand=images&page=11",
  "headers": {
    "X-Merchant-Id": "dbb46701285c1a2e24a0bf92f00501e5",
    "X-Timestamp": "1774993851",
    "X-Nonce": "48985f5f04b34fae5d8a0984c1ef941b",
    "X-Sign": "60961ae2...",
    "Accept": "application/json"
  },
  "body": null,
  "params": {
    "expand": "images",
    "page": 11
  }
}
================================================================================

{
  "timestamp": "2026-03-31T21:50:51.690Z",
  "type": "request",
  "endpoint": "GET /games",
  "fullUrl": "https://staging.slotegrator.com/api/index.php/v1/games?expand=images&page=7",
  "headers": {
    "X-Merchant-Id": "dbb46701285c1a2e24a0bf92f00501e5",
    "X-Timestamp": "1774993851",
    "X-Nonce": "0a3876f98f89ccfee4bac12847a5a7ce",
    "X-Sign": "2b41cd6e...",
    "Accept": "application/json"
  },
  "body": null,
  "params": {
    "expand": "images",
    "page": 7
  }
}
================================================================================

{
  "timestamp": "2026-03-31T21:50:52.224Z",
  "type": "request",
  "endpoint": "GET /games",
  "fullUrl": "https://staging.slotegrator.com/api/index.php/v1/games?expand=images&page=12",
  "headers": {
    "X-Merchant-Id": "dbb46701285c1a2e24a0bf92f00501e5",
    "X-Timestamp": "1774993852",
    "X-Nonce": "137a5221ed4fa6e4f945ee4592397c82",
    "X-Sign": "76b258b4...",
    "Accept": "application/json"
  },
  "body": null,
  "params": {
    "expand": "images",
    "page": 12
  }
}
================================================================================

{
  "timestamp": "2026-03-31T21:50:52.269Z",
  "type": "request",
  "endpoint": "GET /games",
  "fullUrl": "https://staging.slotegrator.com/api/index.php/v1/games?expand=images&page=8",
  "headers": {
    "X-Merchant-Id": "dbb46701285c1a2e24a0bf92f00501e5",
    "X-Timestamp": "1774993852",
    "X-Nonce": "6f876336687d600ad9bfc05b38a783f3",
    "X-Sign": "3f86c7eb...",
    "Accept": "application/json"
  },
  "body": null,
  "params": {
    "expand": "images",
    "page": 8
  }
}
================================================================================

{
  "timestamp": "2026-03-31T21:50:52.318Z",
  "type": "request",
  "endpoint": "GET /games",
  "fullUrl": "https://staging.slotegrator.com/api/index.php/v1/games?page=13",
  "headers": {
    "X-Merchant-Id": "dbb46701285c1a2e24a0bf92f00501e5",
    "X-Timestamp": "1774993852",
    "X-Nonce": "6e4e8a1c3b45f01dd002885be3d97785",
    "X-Sign": "d5ff1825...",
    "Accept": "application/json"
  },
  "body": null,
  "params": {
    "page": 13
  }
}
================================================================================

{
  "timestamp": "2026-03-31T21:50:52.793Z",
  "type": "request",
  "endpoint": "GET /games",
  "fullUrl": "https://staging.slotegrator.com/api/index.php/v1/games?expand=images&page=13",
  "headers": {
    "X-Merchant-Id": "dbb46701285c1a2e24a0bf92f00501e5",
    "X-Timestamp": "1774993852",
    "X-Nonce": "ea6c895920cabe4e03f4f0bbd07e6457",
    "X-Sign": "f16e40e3...",
    "Accept": "application/json"
  },
  "body": null,
  "params": {
    "expand": "images",
    "page": 13
  }
}
================================================================================

{
  "timestamp": "2026-03-31T21:50:52.935Z",
  "type": "request",
  "endpoint": "GET /games",
  "fullUrl": "https://staging.slotegrator.com/api/index.php/v1/games?page=14",
  "headers": {
    "X-Merchant-Id": "dbb46701285c1a2e24a0bf92f00501e5",
    "X-Timestamp": "1774993852",
    "X-Nonce": "e76076e88ea26736f75571db6735a11e",
    "X-Sign": "7d4898c3...",
    "Accept": "application/json"
  },
  "body": null,
  "params": {
    "page": 14
  }
}
================================================================================

{
  "timestamp": "2026-03-31T21:50:52.987Z",
  "type": "request",
  "endpoint": "GET /games",
  "fullUrl": "https://staging.slotegrator.com/api/index.php/v1/games?expand=images&page=9",
  "headers": {
    "X-Merchant-Id": "dbb46701285c1a2e24a0bf92f00501e5",
    "X-Timestamp": "1774993852",
    "X-Nonce": "8c36d402be833cd0629da214658d418b",
    "X-Sign": "517971fe...",
    "Accept": "application/json"
  },
  "body": null,
  "params": {
    "expand": "images",
    "page": 9
  }
}
================================================================================

{
  "timestamp": "2026-03-31T21:50:53.405Z",
  "type": "request",
  "endpoint": "GET /games",
  "fullUrl": "https://staging.slotegrator.com/api/index.php/v1/games?expand=images&page=14",
  "headers": {
    "X-Merchant-Id": "dbb46701285c1a2e24a0bf92f00501e5",
    "X-Timestamp": "1774993853",
    "X-Nonce": "73635d0f40df5787e95b8992b97cabbb",
    "X-Sign": "873499a1...",
    "Accept": "application/json"
  },
  "body": null,
  "params": {
    "expand": "images",
    "page": 14
  }
}
================================================================================

{
  "timestamp": "2026-03-31T21:50:53.574Z",
  "type": "request",
  "endpoint": "GET /games",
  "fullUrl": "https://staging.slotegrator.com/api/index.php/v1/games?page=15",
  "headers": {
    "X-Merchant-Id": "dbb46701285c1a2e24a0bf92f00501e5",
    "X-Timestamp": "1774993853",
    "X-Nonce": "7744e11a5681cf42620736dbfe948498",
    "X-Sign": "0f14ed92...",
    "Accept": "application/json"
  },
  "body": null,
  "params": {
    "page": 15
  }
}
================================================================================

{
  "timestamp": "2026-03-31T21:50:53.653Z",
  "type": "request",
  "endpoint": "GET /games",
  "fullUrl": "https://staging.slotegrator.com/api/index.php/v1/games?expand=images&page=10",
  "headers": {
    "X-Merchant-Id": "dbb46701285c1a2e24a0bf92f00501e5",
    "X-Timestamp": "1774993853",
    "X-Nonce": "3ee24e9aac276116a7832cf1b4fe4ba7",
    "X-Sign": "3fbd6f54...",
    "Accept": "application/json"
  },
  "body": null,
  "params": {
    "expand": "images",
    "page": 10
  }
}
================================================================================

{
  "timestamp": "2026-03-31T21:50:54.008Z",
  "type": "request",
  "endpoint": "GET /games",
  "fullUrl": "https://staging.slotegrator.com/api/index.php/v1/games?expand=images&page=15",
  "headers": {
    "X-Merchant-Id": "dbb46701285c1a2e24a0bf92f00501e5",
    "X-Timestamp": "1774993854",
    "X-Nonce": "0808c3b24446392590787cc13a6217df",
    "X-Sign": "7a68c450...",
    "Accept": "application/json"
  },
  "body": null,
  "params": {
    "expand": "images",
    "page": 15
  }
}
================================================================================

{
  "timestamp": "2026-03-31T21:50:54.123Z",
  "type": "request",
  "endpoint": "GET /games",
  "fullUrl": "https://staging.slotegrator.com/api/index.php/v1/games?page=16",
  "headers": {
    "X-Merchant-Id": "dbb46701285c1a2e24a0bf92f00501e5",
    "X-Timestamp": "1774993854",
    "X-Nonce": "79a50be4cd52f0d536dde00d991cb5f7",
    "X-Sign": "56d12497...",
    "Accept": "application/json"
  },
  "body": null,
  "params": {
    "page": 16
  }
}
================================================================================

{
  "timestamp": "2026-03-31T21:50:54.285Z",
  "type": "request",
  "endpoint": "GET /games",
  "fullUrl": "https://staging.slotegrator.com/api/index.php/v1/games?expand=images&page=11",
  "headers": {
    "X-Merchant-Id": "dbb46701285c1a2e24a0bf92f00501e5",
    "X-Timestamp": "1774993854",
    "X-Nonce": "12a68d6f2b3246e6a7374f0f465f2371",
    "X-Sign": "b22672d1...",
    "Accept": "application/json"
  },
  "body": null,
  "params": {
    "expand": "images",
    "page": 11
  }
}
================================================================================

{
  "timestamp": "2026-03-31T21:50:54.569Z",
  "type": "request",
  "endpoint": "GET /games",
  "fullUrl": "https://staging.slotegrator.com/api/index.php/v1/games?expand=images&page=16",
  "headers": {
    "X-Merchant-Id": "dbb46701285c1a2e24a0bf92f00501e5",
    "X-Timestamp": "1774993854",
    "X-Nonce": "df102a6f8f98c2b40676be8fc7a6d7c3",
    "X-Sign": "11fdc609...",
    "Accept": "application/json"
  },
  "body": null,
  "params": {
    "expand": "images",
    "page": 16
  }
}
================================================================================

{
  "timestamp": "2026-03-31T21:50:54.720Z",
  "type": "request",
  "endpoint": "GET /games",
  "fullUrl": "https://staging.slotegrator.com/api/index.php/v1/games?page=17",
  "headers": {
    "X-Merchant-Id": "dbb46701285c1a2e24a0bf92f00501e5",
    "X-Timestamp": "1774993854",
    "X-Nonce": "f1d06e391483e70d1b7bd69cdab14c45",
    "X-Sign": "90a0deaa...",
    "Accept": "application/json"
  },
  "body": null,
  "params": {
    "page": 17
  }
}
================================================================================

{
  "timestamp": "2026-03-31T21:50:54.934Z",
  "type": "request",
  "endpoint": "GET /games",
  "fullUrl": "https://staging.slotegrator.com/api/index.php/v1/games?expand=images&page=12",
  "headers": {
    "X-Merchant-Id": "dbb46701285c1a2e24a0bf92f00501e5",
    "X-Timestamp": "1774993854",
    "X-Nonce": "202c8f3868014772b72af68832c78583",
    "X-Sign": "1953c545...",
    "Accept": "application/json"
  },
  "body": null,
  "params": {
    "expand": "images",
    "page": 12
  }
}
================================================================================

{
  "timestamp": "2026-03-31T21:50:55.135Z",
  "type": "request",
  "endpoint": "GET /games",
  "fullUrl": "https://staging.slotegrator.com/api/index.php/v1/games?expand=images&page=17",
  "headers": {
    "X-Merchant-Id": "dbb46701285c1a2e24a0bf92f00501e5",
    "X-Timestamp": "1774993855",
    "X-Nonce": "cfcadaf3e0d3200c610b6c1b7a428bb2",
    "X-Sign": "fc2ed38d...",
    "Accept": "application/json"
  },
  "body": null,
  "params": {
    "expand": "images",
    "page": 17
  }
}
================================================================================

{
  "timestamp": "2026-03-31T21:50:55.268Z",
  "type": "request",
  "endpoint": "GET /games",
  "fullUrl": "https://staging.slotegrator.com/api/index.php/v1/games?page=18",
  "headers": {
    "X-Merchant-Id": "dbb46701285c1a2e24a0bf92f00501e5",
    "X-Timestamp": "1774993855",
    "X-Nonce": "5d2d9dc3ee678baab1f6ad1a14aa30be",
    "X-Sign": "87027b4e...",
    "Accept": "application/json"
  },
  "body": null,
  "params": {
    "page": 18
  }
}
================================================================================

{
  "timestamp": "2026-03-31T21:50:55.618Z",
  "type": "request",
  "endpoint": "GET /games",
  "fullUrl": "https://staging.slotegrator.com/api/index.php/v1/games?expand=images&page=13",
  "headers": {
    "X-Merchant-Id": "dbb46701285c1a2e24a0bf92f00501e5",
    "X-Timestamp": "1774993855",
    "X-Nonce": "c0b781ef01757b1cffc687f2fb40f32d",
    "X-Sign": "c4d10123...",
    "Accept": "application/json"
  },
  "body": null,
  "params": {
    "expand": "images",
    "page": 13
  }
}
================================================================================

{
  "timestamp": "2026-03-31T21:50:55.716Z",
  "type": "request",
  "endpoint": "GET /games",
  "fullUrl": "https://staging.slotegrator.com/api/index.php/v1/games?expand=images&page=18",
  "headers": {
    "X-Merchant-Id": "dbb46701285c1a2e24a0bf92f00501e5",
    "X-Timestamp": "1774993855",
    "X-Nonce": "31ac8a3416d0c495e0f30db871007cb5",
    "X-Sign": "aeba85b3...",
    "Accept": "application/json"
  },
  "body": null,
  "params": {
    "expand": "images",
    "page": 18
  }
}
================================================================================

{
  "timestamp": "2026-03-31T21:50:55.869Z",
  "type": "request",
  "endpoint": "GET /games",
  "fullUrl": "https://staging.slotegrator.com/api/index.php/v1/games?page=19",
  "headers": {
    "X-Merchant-Id": "dbb46701285c1a2e24a0bf92f00501e5",
    "X-Timestamp": "1774993855",
    "X-Nonce": "f89ac7afa582600353503352fc26a9af",
    "X-Sign": "fed19e41...",
    "Accept": "application/json"
  },
  "body": null,
  "params": {
    "page": 19
  }
}
================================================================================

{
  "timestamp": "2026-03-31T21:50:56.761Z",
  "type": "request",
  "endpoint": "GET /games",
  "fullUrl": "https://staging.slotegrator.com/api/index.php/v1/games?expand=images&page=14",
  "headers": {
    "X-Merchant-Id": "dbb46701285c1a2e24a0bf92f00501e5",
    "X-Timestamp": "1774993856",
    "X-Nonce": "45c10508d01b9e0dbad217a851d7b8c8",
    "X-Sign": "fd3d097c...",
    "Accept": "application/json"
  },
  "body": null,
  "params": {
    "expand": "images",
    "page": 14
  }
}
================================================================================

{
  "timestamp": "2026-03-31T21:50:56.763Z",
  "type": "request",
  "endpoint": "GET /games",
  "fullUrl": "https://staging.slotegrator.com/api/index.php/v1/games?expand=images&page=19",
  "headers": {
    "X-Merchant-Id": "dbb46701285c1a2e24a0bf92f00501e5",
    "X-Timestamp": "1774993856",
    "X-Nonce": "b8061efa81b64820b25eb7315a343966",
    "X-Sign": "31321b2b...",
    "Accept": "application/json"
  },
  "body": null,
  "params": {
    "expand": "images",
    "page": 19
  }
}
================================================================================

{
  "timestamp": "2026-03-31T21:50:56.771Z",
  "type": "request",
  "endpoint": "GET /games",
  "fullUrl": "https://staging.slotegrator.com/api/index.php/v1/games?page=20",
  "headers": {
    "X-Merchant-Id": "dbb46701285c1a2e24a0bf92f00501e5",
    "X-Timestamp": "1774993856",
    "X-Nonce": "af020912d427f594d7820a91dc1c0002",
    "X-Sign": "ea4fc9b8...",
    "Accept": "application/json"
  },
  "body": null,
  "params": {
    "page": 20
  }
}
================================================================================

{
  "timestamp": "2026-03-31T21:50:57.393Z",
  "type": "request",
  "endpoint": "GET /games",
  "fullUrl": "https://staging.slotegrator.com/api/index.php/v1/games?page=21",
  "headers": {
    "X-Merchant-Id": "dbb46701285c1a2e24a0bf92f00501e5",
    "X-Timestamp": "1774993857",
    "X-Nonce": "abe31f29ef0c88d3b1c6dc45a3402713",
    "X-Sign": "0bf1450f...",
    "Accept": "application/json"
  },
  "body": null,
  "params": {
    "page": 21
  }
}
================================================================================

{
  "timestamp": "2026-03-31T21:50:57.427Z",
  "type": "request",
  "endpoint": "GET /games",
  "fullUrl": "https://staging.slotegrator.com/api/index.php/v1/games?expand=images&page=20",
  "headers": {
    "X-Merchant-Id": "dbb46701285c1a2e24a0bf92f00501e5",
    "X-Timestamp": "1774993857",
    "X-Nonce": "044f49b26c83489a6ff3dd68420b0612",
    "X-Sign": "bf94f708...",
    "Accept": "application/json"
  },
  "body": null,
  "params": {
    "expand": "images",
    "page": 20
  }
}
================================================================================

{
  "timestamp": "2026-03-31T21:50:57.468Z",
  "type": "request",
  "endpoint": "GET /games",
  "fullUrl": "https://staging.slotegrator.com/api/index.php/v1/games?expand=images&page=15",
  "headers": {
    "X-Merchant-Id": "dbb46701285c1a2e24a0bf92f00501e5",
    "X-Timestamp": "1774993857",
    "X-Nonce": "934c3dd93dbb7bbc969ac25b07d6e1b0",
    "X-Sign": "6f236e09...",
    "Accept": "application/json"
  },
  "body": null,
  "params": {
    "expand": "images",
    "page": 15
  }
}
================================================================================

{
  "timestamp": "2026-03-31T21:50:58.050Z",
  "type": "request",
  "endpoint": "GET /games",
  "fullUrl": "https://staging.slotegrator.com/api/index.php/v1/games?page=22",
  "headers": {
    "X-Merchant-Id": "dbb46701285c1a2e24a0bf92f00501e5",
    "X-Timestamp": "1774993858",
    "X-Nonce": "c8010873368913636c7cc2c147895bba",
    "X-Sign": "f7d55c05...",
    "Accept": "application/json"
  },
  "body": null,
  "params": {
    "page": 22
  }
}
================================================================================

{
  "timestamp": "2026-03-31T21:50:58.118Z",
  "type": "request",
  "endpoint": "GET /games",
  "fullUrl": "https://staging.slotegrator.com/api/index.php/v1/games?expand=images&page=16",
  "headers": {
    "X-Merchant-Id": "dbb46701285c1a2e24a0bf92f00501e5",
    "X-Timestamp": "1774993858",
    "X-Nonce": "7acf04e46a1da2d6fe410af7a2c02661",
    "X-Sign": "838e2bf3...",
    "Accept": "application/json"
  },
  "body": null,
  "params": {
    "expand": "images",
    "page": 16
  }
}
================================================================================

{
  "timestamp": "2026-03-31T21:50:58.171Z",
  "type": "request",
  "endpoint": "GET /games",
  "fullUrl": "https://staging.slotegrator.com/api/index.php/v1/games?expand=images&page=21",
  "headers": {
    "X-Merchant-Id": "dbb46701285c1a2e24a0bf92f00501e5",
    "X-Timestamp": "1774993858",
    "X-Nonce": "493d29a60e831411b87bdea50c6cdbbb",
    "X-Sign": "8d8fb55d...",
    "Accept": "application/json"
  },
  "body": null,
  "params": {
    "expand": "images",
    "page": 21
  }
}
================================================================================

{
  "timestamp": "2026-03-31T21:50:58.618Z",
  "type": "request",
  "endpoint": "GET /games",
  "fullUrl": "https://staging.slotegrator.com/api/index.php/v1/games?page=23",
  "headers": {
    "X-Merchant-Id": "dbb46701285c1a2e24a0bf92f00501e5",
    "X-Timestamp": "1774993858",
    "X-Nonce": "34c5c74933c2392dcc789723c31aef79",
    "X-Sign": "cb081a7c...",
    "Accept": "application/json"
  },
  "body": null,
  "params": {
    "page": 23
  }
}
================================================================================

{
  "timestamp": "2026-03-31T21:50:58.753Z",
  "type": "request",
  "endpoint": "GET /games",
  "fullUrl": "https://staging.slotegrator.com/api/index.php/v1/games?expand=images&page=17",
  "headers": {
    "X-Merchant-Id": "dbb46701285c1a2e24a0bf92f00501e5",
    "X-Timestamp": "1774993858",
    "X-Nonce": "a80f00bf660ac621037a46a639ad2e64",
    "X-Sign": "ac3a0978...",
    "Accept": "application/json"
  },
  "body": null,
  "params": {
    "expand": "images",
    "page": 17
  }
}
================================================================================

{
  "timestamp": "2026-03-31T21:50:58.884Z",
  "type": "request",
  "endpoint": "GET /games",
  "fullUrl": "https://staging.slotegrator.com/api/index.php/v1/games?expand=images&page=22",
  "headers": {
    "X-Merchant-Id": "dbb46701285c1a2e24a0bf92f00501e5",
    "X-Timestamp": "1774993858",
    "X-Nonce": "47fce18b4a13f24d1ee91c74eb87d78e",
    "X-Sign": "019876cd...",
    "Accept": "application/json"
  },
  "body": null,
  "params": {
    "expand": "images",
    "page": 22
  }
}
================================================================================

{
  "timestamp": "2026-03-31T21:50:59.204Z",
  "type": "request",
  "endpoint": "GET /games",
  "fullUrl": "https://staging.slotegrator.com/api/index.php/v1/games?page=24",
  "headers": {
    "X-Merchant-Id": "dbb46701285c1a2e24a0bf92f00501e5",
    "X-Timestamp": "1774993859",
    "X-Nonce": "9e53b632f772aab169a164809cfbc787",
    "X-Sign": "71acb7e4...",
    "Accept": "application/json"
  },
  "body": null,
  "params": {
    "page": 24
  }
}
================================================================================

{
  "timestamp": "2026-03-31T21:50:59.333Z",
  "type": "request",
  "endpoint": "GET /games",
  "fullUrl": "https://staging.slotegrator.com/api/index.php/v1/games?expand=images&page=18",
  "headers": {
    "X-Merchant-Id": "dbb46701285c1a2e24a0bf92f00501e5",
    "X-Timestamp": "1774993859",
    "X-Nonce": "84850d4aa8985dd7a947d73da3863274",
    "X-Sign": "8a16aa0d...",
    "Accept": "application/json"
  },
  "body": null,
  "params": {
    "expand": "images",
    "page": 18
  }
}
================================================================================

{
  "timestamp": "2026-03-31T21:50:59.553Z",
  "type": "request",
  "endpoint": "GET /games",
  "fullUrl": "https://staging.slotegrator.com/api/index.php/v1/games?expand=images&page=23",
  "headers": {
    "X-Merchant-Id": "dbb46701285c1a2e24a0bf92f00501e5",
    "X-Timestamp": "1774993859",
    "X-Nonce": "d0f9d846d76744732df2c4ba213e8f33",
    "X-Sign": "5163bc60...",
    "Accept": "application/json"
  },
  "body": null,
  "params": {
    "expand": "images",
    "page": 23
  }
}
================================================================================

{
  "timestamp": "2026-03-31T21:50:59.884Z",
  "type": "request",
  "endpoint": "GET /games",
  "fullUrl": "https://staging.slotegrator.com/api/index.php/v1/games?page=25",
  "headers": {
    "X-Merchant-Id": "dbb46701285c1a2e24a0bf92f00501e5",
    "X-Timestamp": "1774993859",
    "X-Nonce": "1120dc79e55b88d1d49741ec4d02f8f0",
    "X-Sign": "cf22a331...",
    "Accept": "application/json"
  },
  "body": null,
  "params": {
    "page": 25
  }
}
================================================================================

{
  "timestamp": "2026-03-31T21:50:59.953Z",
  "type": "request",
  "endpoint": "GET /games",
  "fullUrl": "https://staging.slotegrator.com/api/index.php/v1/games?expand=images&page=19",
  "headers": {
    "X-Merchant-Id": "dbb46701285c1a2e24a0bf92f00501e5",
    "X-Timestamp": "1774993859",
    "X-Nonce": "9442e39abf61ce1c8fbc8e659a396bde",
    "X-Sign": "630d6fb4...",
    "Accept": "application/json"
  },
  "body": null,
  "params": {
    "expand": "images",
    "page": 19
  }
}
================================================================================

{
  "timestamp": "2026-03-31T21:51:00.237Z",
  "type": "request",
  "endpoint": "GET /games",
  "fullUrl": "https://staging.slotegrator.com/api/index.php/v1/games?expand=images&page=24",
  "headers": {
    "X-Merchant-Id": "dbb46701285c1a2e24a0bf92f00501e5",
    "X-Timestamp": "1774993860",
    "X-Nonce": "b289d552600bbb58dd56c2f64bad7c47",
    "X-Sign": "6de673ae...",
    "Accept": "application/json"
  },
  "body": null,
  "params": {
    "expand": "images",
    "page": 24
  }
}
================================================================================

{
  "timestamp": "2026-03-31T21:51:00.452Z",
  "type": "request",
  "endpoint": "GET /games",
  "fullUrl": "https://staging.slotegrator.com/api/index.php/v1/games?page=26",
  "headers": {
    "X-Merchant-Id": "dbb46701285c1a2e24a0bf92f00501e5",
    "X-Timestamp": "1774993860",
    "X-Nonce": "e050c027a2a37bb2f88c6a2aadd3a5bc",
    "X-Sign": "dfd4975f...",
    "Accept": "application/json"
  },
  "body": null,
  "params": {
    "page": 26
  }
}
================================================================================

{
  "timestamp": "2026-03-31T21:51:00.553Z",
  "type": "request",
  "endpoint": "GET /games",
  "fullUrl": "https://staging.slotegrator.com/api/index.php/v1/games?expand=images&page=20",
  "headers": {
    "X-Merchant-Id": "dbb46701285c1a2e24a0bf92f00501e5",
    "X-Timestamp": "1774993860",
    "X-Nonce": "da752e1974d8f25bbeb7d1a8fba9a988",
    "X-Sign": "fcd76685...",
    "Accept": "application/json"
  },
  "body": null,
  "params": {
    "expand": "images",
    "page": 20
  }
}
================================================================================

{
  "timestamp": "2026-03-31T21:51:00.918Z",
  "type": "request",
  "endpoint": "GET /games",
  "fullUrl": "https://staging.slotegrator.com/api/index.php/v1/games?expand=images&page=25",
  "headers": {
    "X-Merchant-Id": "dbb46701285c1a2e24a0bf92f00501e5",
    "X-Timestamp": "1774993860",
    "X-Nonce": "271b751800b507237b777580bab144ce",
    "X-Sign": "a89fc037...",
    "Accept": "application/json"
  },
  "body": null,
  "params": {
    "expand": "images",
    "page": 25
  }
}
================================================================================

{
  "timestamp": "2026-03-31T21:51:01.033Z",
  "type": "request",
  "endpoint": "GET /games",
  "fullUrl": "https://staging.slotegrator.com/api/index.php/v1/games?page=27",
  "headers": {
    "X-Merchant-Id": "dbb46701285c1a2e24a0bf92f00501e5",
    "X-Timestamp": "1774993861",
    "X-Nonce": "03ceced08bf614bb686824a78c895789",
    "X-Sign": "c29e8b82...",
    "Accept": "application/json"
  },
  "body": null,
  "params": {
    "page": 27
  }
}
================================================================================

{
  "timestamp": "2026-03-31T21:51:01.154Z",
  "type": "request",
  "endpoint": "GET /games",
  "fullUrl": "https://staging.slotegrator.com/api/index.php/v1/games?expand=images&page=21",
  "headers": {
    "X-Merchant-Id": "dbb46701285c1a2e24a0bf92f00501e5",
    "X-Timestamp": "1774993861",
    "X-Nonce": "dd4b46bb91a89fe395aa5f9988188fd2",
    "X-Sign": "79a5204e...",
    "Accept": "application/json"
  },
  "body": null,
  "params": {
    "expand": "images",
    "page": 21
  }
}
================================================================================

{
  "timestamp": "2026-03-31T21:51:01.595Z",
  "type": "request",
  "endpoint": "GET /games",
  "fullUrl": "https://staging.slotegrator.com/api/index.php/v1/games?expand=images&page=26",
  "headers": {
    "X-Merchant-Id": "dbb46701285c1a2e24a0bf92f00501e5",
    "X-Timestamp": "1774993861",
    "X-Nonce": "ef534e55696851349f9165fd290ea7d4",
    "X-Sign": "3ddc334e...",
    "Accept": "application/json"
  },
  "body": null,
  "params": {
    "expand": "images",
    "page": 26
  }
}
================================================================================

{
  "timestamp": "2026-03-31T21:51:01.648Z",
  "type": "request",
  "endpoint": "GET /games",
  "fullUrl": "https://staging.slotegrator.com/api/index.php/v1/games?page=28",
  "headers": {
    "X-Merchant-Id": "dbb46701285c1a2e24a0bf92f00501e5",
    "X-Timestamp": "1774993861",
    "X-Nonce": "b487672a0cb90d7b5b80fd47847729d3",
    "X-Sign": "f482462a...",
    "Accept": "application/json"
  },
  "body": null,
  "params": {
    "page": 28
  }
}
================================================================================

{
  "timestamp": "2026-03-31T21:51:01.719Z",
  "type": "request",
  "endpoint": "GET /games",
  "fullUrl": "https://staging.slotegrator.com/api/index.php/v1/games?expand=images&page=22",
  "headers": {
    "X-Merchant-Id": "dbb46701285c1a2e24a0bf92f00501e5",
    "X-Timestamp": "1774993861",
    "X-Nonce": "3e35d1c030e662d61d66589f390482fa",
    "X-Sign": "4d8aad6e...",
    "Accept": "application/json"
  },
  "body": null,
  "params": {
    "expand": "images",
    "page": 22
  }
}
================================================================================

{
  "timestamp": "2026-03-31T21:51:02.240Z",
  "type": "request",
  "endpoint": "GET /games",
  "fullUrl": "https://staging.slotegrator.com/api/index.php/v1/games?expand=images&page=27",
  "headers": {
    "X-Merchant-Id": "dbb46701285c1a2e24a0bf92f00501e5",
    "X-Timestamp": "1774993862",
    "X-Nonce": "3e6ad4f24e6348de8b63d4c90f8b087e",
    "X-Sign": "561b881f...",
    "Accept": "application/json"
  },
  "body": null,
  "params": {
    "expand": "images",
    "page": 27
  }
}
================================================================================

{
  "timestamp": "2026-03-31T21:51:02.324Z",
  "type": "request",
  "endpoint": "GET /games",
  "fullUrl": "https://staging.slotegrator.com/api/index.php/v1/games?page=29",
  "headers": {
    "X-Merchant-Id": "dbb46701285c1a2e24a0bf92f00501e5",
    "X-Timestamp": "1774993862",
    "X-Nonce": "8aa0b750df71645cd62578953d602ba5",
    "X-Sign": "483c2b0b...",
    "Accept": "application/json"
  },
  "body": null,
  "params": {
    "page": 29
  }
}
================================================================================

{
  "timestamp": "2026-03-31T21:51:02.389Z",
  "type": "request",
  "endpoint": "GET /games",
  "fullUrl": "https://staging.slotegrator.com/api/index.php/v1/games?expand=images&page=23",
  "headers": {
    "X-Merchant-Id": "dbb46701285c1a2e24a0bf92f00501e5",
    "X-Timestamp": "1774993862",
    "X-Nonce": "4d610033a025c6d648d5846f86c2c847",
    "X-Sign": "50894ef3...",
    "Accept": "application/json"
  },
  "body": null,
  "params": {
    "expand": "images",
    "page": 23
  }
}
================================================================================

{
  "timestamp": "2026-03-31T21:51:02.941Z",
  "type": "request",
  "endpoint": "GET /games",
  "fullUrl": "https://staging.slotegrator.com/api/index.php/v1/games?expand=images&page=28",
  "headers": {
    "X-Merchant-Id": "dbb46701285c1a2e24a0bf92f00501e5",
    "X-Timestamp": "1774993862",
    "X-Nonce": "0392b781c02181c8f2a7d0da6bea11c2",
    "X-Sign": "3c6412ad...",
    "Accept": "application/json"
  },
  "body": null,
  "params": {
    "expand": "images",
    "page": 28
  }
}
================================================================================

{
  "timestamp": "2026-03-31T21:51:03.093Z",
  "type": "request",
  "endpoint": "GET /games",
  "fullUrl": "https://staging.slotegrator.com/api/index.php/v1/games?page=30",
  "headers": {
    "X-Merchant-Id": "dbb46701285c1a2e24a0bf92f00501e5",
    "X-Timestamp": "1774993863",
    "X-Nonce": "1a06dc63ac55ce73197a5df385d22d9e",
    "X-Sign": "b4aeb478...",
    "Accept": "application/json"
  },
  "body": null,
  "params": {
    "page": 30
  }
}
================================================================================

{
  "timestamp": "2026-03-31T21:51:03.204Z",
  "type": "request",
  "endpoint": "GET /games",
  "fullUrl": "https://staging.slotegrator.com/api/index.php/v1/games?expand=images&page=24",
  "headers": {
    "X-Merchant-Id": "dbb46701285c1a2e24a0bf92f00501e5",
    "X-Timestamp": "1774993863",
    "X-Nonce": "79ed2406cf34e92bd60e6ef9999bd363",
    "X-Sign": "23a96090...",
    "Accept": "application/json"
  },
  "body": null,
  "params": {
    "expand": "images",
    "page": 24
  }
}
================================================================================

{
  "timestamp": "2026-03-31T21:51:03.872Z",
  "type": "request",
  "endpoint": "GET /games",
  "fullUrl": "https://staging.slotegrator.com/api/index.php/v1/games?expand=images&page=29",
  "headers": {
    "X-Merchant-Id": "dbb46701285c1a2e24a0bf92f00501e5",
    "X-Timestamp": "1774993863",
    "X-Nonce": "96657d0357199af7d65f5d610d30ad66",
    "X-Sign": "a1663791...",
    "Accept": "application/json"
  },
  "body": null,
  "params": {
    "expand": "images",
    "page": 29
  }
}
================================================================================

{
  "timestamp": "2026-03-31T21:51:03.977Z",
  "type": "request",
  "endpoint": "GET /games",
  "fullUrl": "https://staging.slotegrator.com/api/index.php/v1/games?expand=images&page=25",
  "headers": {
    "X-Merchant-Id": "dbb46701285c1a2e24a0bf92f00501e5",
    "X-Timestamp": "1774993863",
    "X-Nonce": "30b2a7362747c8f401c8f325225eb429",
    "X-Sign": "7e199baa...",
    "Accept": "application/json"
  },
  "body": null,
  "params": {
    "expand": "images",
    "page": 25
  }
}
================================================================================

{
  "timestamp": "2026-03-31T21:51:04.600Z",
  "type": "request",
  "endpoint": "GET /games",
  "fullUrl": "https://staging.slotegrator.com/api/index.php/v1/games?expand=images&page=30",
  "headers": {
    "X-Merchant-Id": "dbb46701285c1a2e24a0bf92f00501e5",
    "X-Timestamp": "1774993864",
    "X-Nonce": "a4e0a3fa7d8004ddbe012cc40d09e193",
    "X-Sign": "9f840cae...",
    "Accept": "application/json"
  },
  "body": null,
  "params": {
    "expand": "images",
    "page": 30
  }
}
================================================================================

{
  "timestamp": "2026-03-31T21:51:04.772Z",
  "type": "request",
  "endpoint": "GET /games",
  "fullUrl": "https://staging.slotegrator.com/api/index.php/v1/games?expand=images&page=26",
  "headers": {
    "X-Merchant-Id": "dbb46701285c1a2e24a0bf92f00501e5",
    "X-Timestamp": "1774993864",
    "X-Nonce": "4bcdc6b5c01e8e490afc039162340484",
    "X-Sign": "8b50b0d5...",
    "Accept": "application/json"
  },
  "body": null,
  "params": {
    "expand": "images",
    "page": 26
  }
}
================================================================================

{
  "timestamp": "2026-03-31T21:51:05.271Z",
  "type": "request",
  "endpoint": "GET /games",
  "fullUrl": "https://staging.slotegrator.com/api/index.php/v1/games?expand=images&page=31",
  "headers": {
    "X-Merchant-Id": "dbb46701285c1a2e24a0bf92f00501e5",
    "X-Timestamp": "1774993865",
    "X-Nonce": "9d91a6cb73f663ba8dcd6e61d0dd98b2",
    "X-Sign": "ee3aa0e4...",
    "Accept": "application/json"
  },
  "body": null,
  "params": {
    "expand": "images",
    "page": 31
  }
}
================================================================================

{
  "timestamp": "2026-03-31T21:51:05.390Z",
  "type": "request",
  "endpoint": "GET /games",
  "fullUrl": "https://staging.slotegrator.com/api/index.php/v1/games?expand=images&page=27",
  "headers": {
    "X-Merchant-Id": "dbb46701285c1a2e24a0bf92f00501e5",
    "X-Timestamp": "1774993865",
    "X-Nonce": "ec3e6ca6699b1dbbb93d0017fc2fe627",
    "X-Sign": "e97b868c...",
    "Accept": "application/json"
  },
  "body": null,
  "params": {
    "expand": "images",
    "page": 27
  }
}
================================================================================

{
  "timestamp": "2026-03-31T21:51:06.106Z",
  "type": "request",
  "endpoint": "GET /games",
  "fullUrl": "https://staging.slotegrator.com/api/index.php/v1/games?expand=images&page=32",
  "headers": {
    "X-Merchant-Id": "dbb46701285c1a2e24a0bf92f00501e5",
    "X-Timestamp": "1774993866",
    "X-Nonce": "e51af54ff0ddb72e77af875811b56181",
    "X-Sign": "c01ab047...",
    "Accept": "application/json"
  },
  "body": null,
  "params": {
    "expand": "images",
    "page": 32
  }
}
================================================================================

{
  "timestamp": "2026-03-31T21:51:06.125Z",
  "type": "request",
  "endpoint": "GET /games",
  "fullUrl": "https://staging.slotegrator.com/api/index.php/v1/games?expand=images&page=28",
  "headers": {
    "X-Merchant-Id": "dbb46701285c1a2e24a0bf92f00501e5",
    "X-Timestamp": "1774993866",
    "X-Nonce": "587cb4425dab59537d39eb9509404b1e",
    "X-Sign": "27f4137d...",
    "Accept": "application/json"
  },
  "body": null,
  "params": {
    "expand": "images",
    "page": 28
  }
}
================================================================================

{
  "timestamp": "2026-03-31T21:51:06.697Z",
  "type": "request",
  "endpoint": "GET /games",
  "fullUrl": "https://staging.slotegrator.com/api/index.php/v1/games?expand=images&page=29",
  "headers": {
    "X-Merchant-Id": "dbb46701285c1a2e24a0bf92f00501e5",
    "X-Timestamp": "1774993866",
    "X-Nonce": "f074976a420a3ca482fdb69c734e04b0",
    "X-Sign": "e404fac7...",
    "Accept": "application/json"
  },
  "body": null,
  "params": {
    "expand": "images",
    "page": 29
  }
}
================================================================================

{
  "timestamp": "2026-03-31T21:51:06.819Z",
  "type": "request",
  "endpoint": "GET /games",
  "fullUrl": "https://staging.slotegrator.com/api/index.php/v1/games?expand=images&page=33",
  "headers": {
    "X-Merchant-Id": "dbb46701285c1a2e24a0bf92f00501e5",
    "X-Timestamp": "1774993866",
    "X-Nonce": "790e7afcbeb1a332c1c83fd3571af495",
    "X-Sign": "b4a3e63c...",
    "Accept": "application/json"
  },
  "body": null,
  "params": {
    "expand": "images",
    "page": 33
  }
}
================================================================================

{
  "timestamp": "2026-03-31T21:51:07.368Z",
  "type": "request",
  "endpoint": "GET /games",
  "fullUrl": "https://staging.slotegrator.com/api/index.php/v1/games?expand=images&page=30",
  "headers": {
    "X-Merchant-Id": "dbb46701285c1a2e24a0bf92f00501e5",
    "X-Timestamp": "1774993867",
    "X-Nonce": "eed2eac9735f21a8d57e2309fca4edb6",
    "X-Sign": "de1820d1...",
    "Accept": "application/json"
  },
  "body": null,
  "params": {
    "expand": "images",
    "page": 30
  }
}
================================================================================

{
  "timestamp": "2026-03-31T21:51:07.435Z",
  "type": "request",
  "endpoint": "GET /games",
  "fullUrl": "https://staging.slotegrator.com/api/index.php/v1/games?expand=images&page=34",
  "headers": {
    "X-Merchant-Id": "dbb46701285c1a2e24a0bf92f00501e5",
    "X-Timestamp": "1774993867",
    "X-Nonce": "fba4a753dbc507c62c93730e6344483b",
    "X-Sign": "4690e108...",
    "Accept": "application/json"
  },
  "body": null,
  "params": {
    "expand": "images",
    "page": 34
  }
}
================================================================================

{
  "timestamp": "2026-03-31T21:51:08.030Z",
  "type": "request",
  "endpoint": "GET /games",
  "fullUrl": "https://staging.slotegrator.com/api/index.php/v1/games?expand=images&page=35",
  "headers": {
    "X-Merchant-Id": "dbb46701285c1a2e24a0bf92f00501e5",
    "X-Timestamp": "1774993868",
    "X-Nonce": "11bbc44a0b07da627d404ac172336587",
    "X-Sign": "ca6ec8da...",
    "Accept": "application/json"
  },
  "body": null,
  "params": {
    "expand": "images",
    "page": 35
  }
}
================================================================================

{
  "timestamp": "2026-03-31T21:51:08.051Z",
  "type": "request",
  "endpoint": "GET /games",
  "fullUrl": "https://staging.slotegrator.com/api/index.php/v1/games?expand=images&page=31",
  "headers": {
    "X-Merchant-Id": "dbb46701285c1a2e24a0bf92f00501e5",
    "X-Timestamp": "1774993868",
    "X-Nonce": "c22b1d8b90a65af8cef75802ec534688",
    "X-Sign": "4c109173...",
    "Accept": "application/json"
  },
  "body": null,
  "params": {
    "expand": "images",
    "page": 31
  }
}
================================================================================

{
  "timestamp": "2026-03-31T21:51:08.624Z",
  "type": "request",
  "endpoint": "GET /games",
  "fullUrl": "https://staging.slotegrator.com/api/index.php/v1/games?expand=images&page=32",
  "headers": {
    "X-Merchant-Id": "dbb46701285c1a2e24a0bf92f00501e5",
    "X-Timestamp": "1774993868",
    "X-Nonce": "8b65e4dcb9d80b9b49b352516646163b",
    "X-Sign": "9c8cc457...",
    "Accept": "application/json"
  },
  "body": null,
  "params": {
    "expand": "images",
    "page": 32
  }
}
================================================================================

{
  "timestamp": "2026-03-31T21:51:08.689Z",
  "type": "request",
  "endpoint": "GET /games",
  "fullUrl": "https://staging.slotegrator.com/api/index.php/v1/games?expand=images&page=36",
  "headers": {
    "X-Merchant-Id": "dbb46701285c1a2e24a0bf92f00501e5",
    "X-Timestamp": "1774993868",
    "X-Nonce": "9fdccf508079338cc82ac587a8bb9e66",
    "X-Sign": "bf033daf...",
    "Accept": "application/json"
  },
  "body": null,
  "params": {
    "expand": "images",
    "page": 36
  }
}
================================================================================

{
  "timestamp": "2026-03-31T21:51:09.157Z",
  "type": "request",
  "endpoint": "GET /games",
  "fullUrl": "https://staging.slotegrator.com/api/index.php/v1/games?expand=images&page=33",
  "headers": {
    "X-Merchant-Id": "dbb46701285c1a2e24a0bf92f00501e5",
    "X-Timestamp": "1774993869",
    "X-Nonce": "17b3dcc9124e3d34b49c0fa3397ccc97",
    "X-Sign": "d6f856ae...",
    "Accept": "application/json"
  },
  "body": null,
  "params": {
    "expand": "images",
    "page": 33
  }
}
================================================================================

{
  "timestamp": "2026-03-31T21:51:09.302Z",
  "type": "request",
  "endpoint": "GET /games",
  "fullUrl": "https://staging.slotegrator.com/api/index.php/v1/games?expand=images&page=37",
  "headers": {
    "X-Merchant-Id": "dbb46701285c1a2e24a0bf92f00501e5",
    "X-Timestamp": "1774993869",
    "X-Nonce": "ce52746a50063abb0d94067932f2cf23",
    "X-Sign": "8d3d67b9...",
    "Accept": "application/json"
  },
  "body": null,
  "params": {
    "expand": "images",
    "page": 37
  }
}
================================================================================

{
  "timestamp": "2026-03-31T21:51:09.739Z",
  "type": "request",
  "endpoint": "GET /games",
  "fullUrl": "https://staging.slotegrator.com/api/index.php/v1/games?expand=images&page=34",
  "headers": {
    "X-Merchant-Id": "dbb46701285c1a2e24a0bf92f00501e5",
    "X-Timestamp": "1774993869",
    "X-Nonce": "c546c203325d9c19e286c5714f8eb13a",
    "X-Sign": "5a277928...",
    "Accept": "application/json"
  },
  "body": null,
  "params": {
    "expand": "images",
    "page": 34
  }
}
================================================================================

{
  "timestamp": "2026-03-31T21:51:09.939Z",
  "type": "request",
  "endpoint": "GET /games",
  "fullUrl": "https://staging.slotegrator.com/api/index.php/v1/games?expand=images&page=38",
  "headers": {
    "X-Merchant-Id": "dbb46701285c1a2e24a0bf92f00501e5",
    "X-Timestamp": "1774993869",
    "X-Nonce": "18a3cbee6d8135e9d8695f84fe835ca2",
    "X-Sign": "690ecd56...",
    "Accept": "application/json"
  },
  "body": null,
  "params": {
    "expand": "images",
    "page": 38
  }
}
================================================================================

{
  "timestamp": "2026-03-31T21:51:10.289Z",
  "type": "request",
  "endpoint": "GET /games",
  "fullUrl": "https://staging.slotegrator.com/api/index.php/v1/games?expand=images&page=35",
  "headers": {
    "X-Merchant-Id": "dbb46701285c1a2e24a0bf92f00501e5",
    "X-Timestamp": "1774993870",
    "X-Nonce": "be7bb9ba760aa1b9a5707c0af309b390",
    "X-Sign": "ab8d1a7e...",
    "Accept": "application/json"
  },
  "body": null,
  "params": {
    "expand": "images",
    "page": 35
  }
}
================================================================================

{
  "timestamp": "2026-03-31T21:51:10.607Z",
  "type": "request",
  "endpoint": "GET /games",
  "fullUrl": "https://staging.slotegrator.com/api/index.php/v1/games?expand=images&page=39",
  "headers": {
    "X-Merchant-Id": "dbb46701285c1a2e24a0bf92f00501e5",
    "X-Timestamp": "1774993870",
    "X-Nonce": "c375a33ad032df647dee26f90d75e10c",
    "X-Sign": "9167f22a...",
    "Accept": "application/json"
  },
  "body": null,
  "params": {
    "expand": "images",
    "page": 39
  }
}
================================================================================

{
  "timestamp": "2026-03-31T21:51:10.789Z",
  "type": "request",
  "endpoint": "GET /games",
  "fullUrl": "https://staging.slotegrator.com/api/index.php/v1/games?expand=images&page=36",
  "headers": {
    "X-Merchant-Id": "dbb46701285c1a2e24a0bf92f00501e5",
    "X-Timestamp": "1774993870",
    "X-Nonce": "ff4b1fe60a30e2b69b8c9ae648f51a69",
    "X-Sign": "9818d601...",
    "Accept": "application/json"
  },
  "body": null,
  "params": {
    "expand": "images",
    "page": 36
  }
}
================================================================================

{
  "timestamp": "2026-03-31T21:51:11.222Z",
  "type": "request",
  "endpoint": "GET /games",
  "fullUrl": "https://staging.slotegrator.com/api/index.php/v1/games?expand=images&page=40",
  "headers": {
    "X-Merchant-Id": "dbb46701285c1a2e24a0bf92f00501e5",
    "X-Timestamp": "1774993871",
    "X-Nonce": "d2dd97ae11cdb76cc3eba216dc45d7bf",
    "X-Sign": "7d1692e0...",
    "Accept": "application/json"
  },
  "body": null,
  "params": {
    "expand": "images",
    "page": 40
  }
}
================================================================================

{
  "timestamp": "2026-03-31T21:51:11.306Z",
  "type": "request",
  "endpoint": "GET /games",
  "fullUrl": "https://staging.slotegrator.com/api/index.php/v1/games?expand=images&page=37",
  "headers": {
    "X-Merchant-Id": "dbb46701285c1a2e24a0bf92f00501e5",
    "X-Timestamp": "1774993871",
    "X-Nonce": "72e32415c038b67d91a16a79a4348399",
    "X-Sign": "6a7d0310...",
    "Accept": "application/json"
  },
  "body": null,
  "params": {
    "expand": "images",
    "page": 37
  }
}
================================================================================

{
  "timestamp": "2026-03-31T21:51:11.847Z",
  "type": "request",
  "endpoint": "GET /limits",
  "fullUrl": "https://staging.slotegrator.com/api/index.php/v1/limits",
  "headers": {
    "X-Merchant-Id": "dbb46701285c1a2e24a0bf92f00501e5",
    "X-Timestamp": "1774993871",
    "X-Nonce": "fd669ff40e006626412c22bd170b926d",
    "X-Sign": "34d6ffe8...",
    "Accept": "application/json"
  },
  "body": null,
  "params": null
}
================================================================================

{
  "timestamp": "2026-03-31T21:51:11.901Z",
  "type": "request",
  "endpoint": "GET /games",
  "fullUrl": "https://staging.slotegrator.com/api/index.php/v1/games?expand=images&page=38",
  "headers": {
    "X-Merchant-Id": "dbb46701285c1a2e24a0bf92f00501e5",
    "X-Timestamp": "1774993871",
    "X-Nonce": "42144102c9bede24ea9ebdcd78c822fb",
    "X-Sign": "5bf87d00...",
    "Accept": "application/json"
  },
  "body": null,
  "params": {
    "expand": "images",
    "page": 38
  }
}
================================================================================

{
  "timestamp": "2026-03-31T21:51:12.395Z",
  "type": "request",
  "endpoint": "GET /games",
  "fullUrl": "https://staging.slotegrator.com/api/index.php/v1/games?expand=images&page=39",
  "headers": {
    "X-Merchant-Id": "dbb46701285c1a2e24a0bf92f00501e5",
    "X-Timestamp": "1774993872",
    "X-Nonce": "0381113b859f5363723dd22a837979ab",
    "X-Sign": "7feb7916...",
    "Accept": "application/json"
  },
  "body": null,
  "params": {
    "expand": "images",
    "page": 39
  }
}
================================================================================

{
  "timestamp": "2026-03-31T21:51:13.001Z",
  "type": "request",
  "endpoint": "GET /games",
  "fullUrl": "https://staging.slotegrator.com/api/index.php/v1/games?expand=images&page=40",
  "headers": {
    "X-Merchant-Id": "dbb46701285c1a2e24a0bf92f00501e5",
    "X-Timestamp": "1774993873",
    "X-Nonce": "9f8404093656af716359d53762a312ca",
    "X-Sign": "ffcf15e7...",
    "Accept": "application/json"
  },
  "body": null,
  "params": {
    "expand": "images",
    "page": 40
  }
}
================================================================================

{
  "timestamp": "2026-03-31T21:51:31.175Z",
  "type": "request",
  "endpoint": "GET /limits",
  "fullUrl": "https://staging.slotegrator.com/api/index.php/v1/limits",
  "headers": {
    "X-Merchant-Id": "dbb46701285c1a2e24a0bf92f00501e5",
    "X-Timestamp": "1774993891",
    "X-Nonce": "2bbd75e5ea83cd79da6ea94713e3d46d",
    "X-Sign": "5e50aee0...",
    "Accept": "application/json"
  },
  "body": null,
  "params": null
}
================================================================================

{
  "timestamp": "2026-03-31T21:51:31.524Z",
  "type": "request",
  "endpoint": "GET /games",
  "fullUrl": "https://staging.slotegrator.com/api/index.php/v1/games",
  "headers": {
    "X-Merchant-Id": "dbb46701285c1a2e24a0bf92f00501e5",
    "X-Timestamp": "1774993891",
    "X-Nonce": "608d669c395127e10de34c0a8825a811",
    "X-Sign": "fb27abf7...",
    "Accept": "application/json"
  },
  "body": null,
  "params": null
}
================================================================================

{
  "timestamp": "2026-03-31T21:51:31.530Z",
  "type": "request",
  "endpoint": "GET /games",
  "fullUrl": "https://staging.slotegrator.com/api/index.php/v1/games",
  "headers": {
    "X-Merchant-Id": "dbb46701285c1a2e24a0bf92f00501e5",
    "X-Timestamp": "1774993891",
    "X-Nonce": "548fe028df70b5194c4e683ae4ae0781",
    "X-Sign": "c3b60c76...",
    "Accept": "application/json"
  },
  "body": null,
  "params": null
}
================================================================================

{
  "timestamp": "2026-03-31T21:51:32.068Z",
  "type": "request",
  "endpoint": "GET /games",
  "fullUrl": "https://staging.slotegrator.com/api/index.php/v1/games?page=2",
  "headers": {
    "X-Merchant-Id": "dbb46701285c1a2e24a0bf92f00501e5",
    "X-Timestamp": "1774993892",
    "X-Nonce": "a98c14c2d9b9631d64d62e4a8eb3dd10",
    "X-Sign": "1317d9ba...",
    "Accept": "application/json"
  },
  "body": null,
  "params": {
    "page": 2
  }
}
================================================================================

{
  "timestamp": "2026-03-31T21:51:32.252Z",
  "type": "request",
  "endpoint": "GET /games",
  "fullUrl": "https://staging.slotegrator.com/api/index.php/v1/games?page=2",
  "headers": {
    "X-Merchant-Id": "dbb46701285c1a2e24a0bf92f00501e5",
    "X-Timestamp": "1774993892",
    "X-Nonce": "ab788c8dd709194fe9a23f22585a909b",
    "X-Sign": "6cc78596...",
    "Accept": "application/json"
  },
  "body": null,
  "params": {
    "page": 2
  }
}
================================================================================

{
  "timestamp": "2026-03-31T21:51:32.634Z",
  "type": "request",
  "endpoint": "GET /games",
  "fullUrl": "https://staging.slotegrator.com/api/index.php/v1/games?page=3",
  "headers": {
    "X-Merchant-Id": "dbb46701285c1a2e24a0bf92f00501e5",
    "X-Timestamp": "1774993892",
    "X-Nonce": "e34cd9afe6d2ed24b39c60bf71a8bc97",
    "X-Sign": "fa14cdc5...",
    "Accept": "application/json"
  },
  "body": null,
  "params": {
    "page": 3
  }
}
================================================================================

{
  "timestamp": "2026-03-31T21:51:32.817Z",
  "type": "request",
  "endpoint": "GET /games",
  "fullUrl": "https://staging.slotegrator.com/api/index.php/v1/games?page=3",
  "headers": {
    "X-Merchant-Id": "dbb46701285c1a2e24a0bf92f00501e5",
    "X-Timestamp": "1774993892",
    "X-Nonce": "015a76bf485aad5eacaf9bc6030c0749",
    "X-Sign": "0b16bf40...",
    "Accept": "application/json"
  },
  "body": null,
  "params": {
    "page": 3
  }
}
================================================================================

{
  "timestamp": "2026-03-31T21:51:33.167Z",
  "type": "request",
  "endpoint": "GET /games",
  "fullUrl": "https://staging.slotegrator.com/api/index.php/v1/games?page=4",
  "headers": {
    "X-Merchant-Id": "dbb46701285c1a2e24a0bf92f00501e5",
    "X-Timestamp": "1774993893",
    "X-Nonce": "cc53c39b2f157885d05c0c67fd082be3",
    "X-Sign": "8b5b238b...",
    "Accept": "application/json"
  },
  "body": null,
  "params": {
    "page": 4
  }
}
================================================================================

{
  "timestamp": "2026-03-31T21:51:33.352Z",
  "type": "request",
  "endpoint": "GET /games",
  "fullUrl": "https://staging.slotegrator.com/api/index.php/v1/games?page=4",
  "headers": {
    "X-Merchant-Id": "dbb46701285c1a2e24a0bf92f00501e5",
    "X-Timestamp": "1774993893",
    "X-Nonce": "c33dffa0b024498f03287f718dd5e1f9",
    "X-Sign": "24b2adc9...",
    "Accept": "application/json"
  },
  "body": null,
  "params": {
    "page": 4
  }
}
================================================================================

{
  "timestamp": "2026-03-31T21:51:33.718Z",
  "type": "request",
  "endpoint": "GET /games",
  "fullUrl": "https://staging.slotegrator.com/api/index.php/v1/games?page=5",
  "headers": {
    "X-Merchant-Id": "dbb46701285c1a2e24a0bf92f00501e5",
    "X-Timestamp": "1774993893",
    "X-Nonce": "3c5abb2e14cbf0b667e5659c55651e3f",
    "X-Sign": "722b152e...",
    "Accept": "application/json"
  },
  "body": null,
  "params": {
    "page": 5
  }
}
================================================================================

{
  "timestamp": "2026-03-31T21:51:33.867Z",
  "type": "request",
  "endpoint": "GET /games",
  "fullUrl": "https://staging.slotegrator.com/api/index.php/v1/games?page=5",
  "headers": {
    "X-Merchant-Id": "dbb46701285c1a2e24a0bf92f00501e5",
    "X-Timestamp": "1774993893",
    "X-Nonce": "b869edb44c980ce5a03bcfa74d2fd5f0",
    "X-Sign": "6d3c111a...",
    "Accept": "application/json"
  },
  "body": null,
  "params": {
    "page": 5
  }
}
================================================================================

{
  "timestamp": "2026-03-31T21:51:34.277Z",
  "type": "request",
  "endpoint": "GET /games",
  "fullUrl": "https://staging.slotegrator.com/api/index.php/v1/games",
  "headers": {
    "X-Merchant-Id": "dbb46701285c1a2e24a0bf92f00501e5",
    "X-Timestamp": "1774993894",
    "X-Nonce": "38846dac3620810aac19c13a0e4c8f86",
    "X-Sign": "fb7231a9...",
    "Accept": "application/json"
  },
  "body": null,
  "params": null
}
================================================================================

{
  "timestamp": "2026-03-31T21:51:34.412Z",
  "type": "request",
  "endpoint": "GET /games",
  "fullUrl": "https://staging.slotegrator.com/api/index.php/v1/games",
  "headers": {
    "X-Merchant-Id": "dbb46701285c1a2e24a0bf92f00501e5",
    "X-Timestamp": "1774993894",
    "X-Nonce": "994645f02783f3e103eef03c152c47bc",
    "X-Sign": "bf392523...",
    "Accept": "application/json"
  },
  "body": null,
  "params": null
}
================================================================================

{
  "timestamp": "2026-03-31T21:51:34.867Z",
  "type": "request",
  "endpoint": "GET /games",
  "fullUrl": "https://staging.slotegrator.com/api/index.php/v1/games?page=2",
  "headers": {
    "X-Merchant-Id": "dbb46701285c1a2e24a0bf92f00501e5",
    "X-Timestamp": "1774993894",
    "X-Nonce": "0f35142e5f9f9bcc6cceac3da6b3d635",
    "X-Sign": "efae5cb8...",
    "Accept": "application/json"
  },
  "body": null,
  "params": {
    "page": 2
  }
}
================================================================================

{
  "timestamp": "2026-03-31T21:51:34.983Z",
  "type": "request",
  "endpoint": "GET /games",
  "fullUrl": "https://staging.slotegrator.com/api/index.php/v1/games?page=2",
  "headers": {
    "X-Merchant-Id": "dbb46701285c1a2e24a0bf92f00501e5",
    "X-Timestamp": "1774993894",
    "X-Nonce": "fb770e1a2a2ff94b7d4c119c13bdc5c5",
    "X-Sign": "c2f72081...",
    "Accept": "application/json"
  },
  "body": null,
  "params": {
    "page": 2
  }
}
================================================================================

{
  "timestamp": "2026-03-31T21:51:35.400Z",
  "type": "request",
  "endpoint": "GET /games",
  "fullUrl": "https://staging.slotegrator.com/api/index.php/v1/games?page=3",
  "headers": {
    "X-Merchant-Id": "dbb46701285c1a2e24a0bf92f00501e5",
    "X-Timestamp": "1774993895",
    "X-Nonce": "44ae486872fd405d32757fa688e5c92c",
    "X-Sign": "e6d5da59...",
    "Accept": "application/json"
  },
  "body": null,
  "params": {
    "page": 3
  }
}
================================================================================

{
  "timestamp": "2026-03-31T21:51:35.520Z",
  "type": "request",
  "endpoint": "GET /games",
  "fullUrl": "https://staging.slotegrator.com/api/index.php/v1/games?page=3",
  "headers": {
    "X-Merchant-Id": "dbb46701285c1a2e24a0bf92f00501e5",
    "X-Timestamp": "1774993895",
    "X-Nonce": "d060f9b216193a8b9a724f14e8cf1b99",
    "X-Sign": "4be82efa...",
    "Accept": "application/json"
  },
  "body": null,
  "params": {
    "page": 3
  }
}
================================================================================

{
  "timestamp": "2026-03-31T21:51:35.967Z",
  "type": "request",
  "endpoint": "GET /games",
  "fullUrl": "https://staging.slotegrator.com/api/index.php/v1/games?page=4",
  "headers": {
    "X-Merchant-Id": "dbb46701285c1a2e24a0bf92f00501e5",
    "X-Timestamp": "1774993895",
    "X-Nonce": "c7c4f8eeb382b69ed4ab149c02dc3a96",
    "X-Sign": "51cf93a1...",
    "Accept": "application/json"
  },
  "body": null,
  "params": {
    "page": 4
  }
}
================================================================================

{
  "timestamp": "2026-03-31T21:51:36.083Z",
  "type": "request",
  "endpoint": "GET /games",
  "fullUrl": "https://staging.slotegrator.com/api/index.php/v1/games?page=4",
  "headers": {
    "X-Merchant-Id": "dbb46701285c1a2e24a0bf92f00501e5",
    "X-Timestamp": "1774993896",
    "X-Nonce": "7a41b16571cfe4f036be9f5eb187dfe0",
    "X-Sign": "3997aec9...",
    "Accept": "application/json"
  },
  "body": null,
  "params": {
    "page": 4
  }
}
================================================================================

{
  "timestamp": "2026-03-31T21:51:36.549Z",
  "type": "request",
  "endpoint": "GET /games",
  "fullUrl": "https://staging.slotegrator.com/api/index.php/v1/games?page=5",
  "headers": {
    "X-Merchant-Id": "dbb46701285c1a2e24a0bf92f00501e5",
    "X-Timestamp": "1774993896",
    "X-Nonce": "7940acd7def93b819b48088cb773e1c3",
    "X-Sign": "6eb2b8c0...",
    "Accept": "application/json"
  },
  "body": null,
  "params": {
    "page": 5
  }
}
================================================================================

{
  "timestamp": "2026-03-31T21:51:36.667Z",
  "type": "request",
  "endpoint": "GET /games",
  "fullUrl": "https://staging.slotegrator.com/api/index.php/v1/games?page=5",
  "headers": {
    "X-Merchant-Id": "dbb46701285c1a2e24a0bf92f00501e5",
    "X-Timestamp": "1774993896",
    "X-Nonce": "c550d067c3e3b008c7b135aed5996849",
    "X-Sign": "cdb8446a...",
    "Accept": "application/json"
  },
  "body": null,
  "params": {
    "page": 5
  }
}
================================================================================

{
  "timestamp": "2026-03-31T21:51:37.100Z",
  "type": "request",
  "endpoint": "GET /games",
  "fullUrl": "https://staging.slotegrator.com/api/index.php/v1/games?page=6",
  "headers": {
    "X-Merchant-Id": "dbb46701285c1a2e24a0bf92f00501e5",
    "X-Timestamp": "1774993897",
    "X-Nonce": "63b809bad4c763c2db0ad9b936f46ebe",
    "X-Sign": "d5e54954...",
    "Accept": "application/json"
  },
  "body": null,
  "params": {
    "page": 6
  }
}
================================================================================

{
  "timestamp": "2026-03-31T21:51:37.202Z",
  "type": "request",
  "endpoint": "GET /games",
  "fullUrl": "https://staging.slotegrator.com/api/index.php/v1/games?page=6",
  "headers": {
    "X-Merchant-Id": "dbb46701285c1a2e24a0bf92f00501e5",
    "X-Timestamp": "1774993897",
    "X-Nonce": "77f0666789bddc11b962e4bf5c27f38e",
    "X-Sign": "4f1d3b2c...",
    "Accept": "application/json"
  },
  "body": null,
  "params": {
    "page": 6
  }
}
================================================================================

{
  "timestamp": "2026-03-31T21:51:37.683Z",
  "type": "request",
  "endpoint": "GET /games",
  "fullUrl": "https://staging.slotegrator.com/api/index.php/v1/games?page=7",
  "headers": {
    "X-Merchant-Id": "dbb46701285c1a2e24a0bf92f00501e5",
    "X-Timestamp": "1774993897",
    "X-Nonce": "5e7080416e611aaf6d59929aadd66662",
    "X-Sign": "b2a1ff17...",
    "Accept": "application/json"
  },
  "body": null,
  "params": {
    "page": 7
  }
}
================================================================================

{
  "timestamp": "2026-03-31T21:51:37.750Z",
  "type": "request",
  "endpoint": "GET /games",
  "fullUrl": "https://staging.slotegrator.com/api/index.php/v1/games?page=7",
  "headers": {
    "X-Merchant-Id": "dbb46701285c1a2e24a0bf92f00501e5",
    "X-Timestamp": "1774993897",
    "X-Nonce": "3e763177ecc5f33d58c44f6bd780de2d",
    "X-Sign": "1c7b9d1a...",
    "Accept": "application/json"
  },
  "body": null,
  "params": {
    "page": 7
  }
}
================================================================================

{
  "timestamp": "2026-03-31T21:51:38.356Z",
  "type": "request",
  "endpoint": "GET /games",
  "fullUrl": "https://staging.slotegrator.com/api/index.php/v1/games?page=8",
  "headers": {
    "X-Merchant-Id": "dbb46701285c1a2e24a0bf92f00501e5",
    "X-Timestamp": "1774993898",
    "X-Nonce": "d4a90bcd8804db207c9cc34dfb46dcbd",
    "X-Sign": "cbc746ac...",
    "Accept": "application/json"
  },
  "body": null,
  "params": {
    "page": 8
  }
}
================================================================================

{
  "timestamp": "2026-03-31T21:51:38.367Z",
  "type": "request",
  "endpoint": "GET /games",
  "fullUrl": "https://staging.slotegrator.com/api/index.php/v1/games?page=8",
  "headers": {
    "X-Merchant-Id": "dbb46701285c1a2e24a0bf92f00501e5",
    "X-Timestamp": "1774993898",
    "X-Nonce": "e8a4430402d5bdd8a8bf1a39f6deb999",
    "X-Sign": "487963e1...",
    "Accept": "application/json"
  },
  "body": null,
  "params": {
    "page": 8
  }
}
================================================================================

{
  "timestamp": "2026-03-31T21:51:38.909Z",
  "type": "request",
  "endpoint": "GET /games",
  "fullUrl": "https://staging.slotegrator.com/api/index.php/v1/games?page=9",
  "headers": {
    "X-Merchant-Id": "dbb46701285c1a2e24a0bf92f00501e5",
    "X-Timestamp": "1774993898",
    "X-Nonce": "11cb58eff56cc438df5764a2dbb2bcbe",
    "X-Sign": "10260311...",
    "Accept": "application/json"
  },
  "body": null,
  "params": {
    "page": 9
  }
}
================================================================================

{
  "timestamp": "2026-03-31T21:51:38.919Z",
  "type": "request",
  "endpoint": "GET /games",
  "fullUrl": "https://staging.slotegrator.com/api/index.php/v1/games?page=9",
  "headers": {
    "X-Merchant-Id": "dbb46701285c1a2e24a0bf92f00501e5",
    "X-Timestamp": "1774993898",
    "X-Nonce": "41e995341a809ff2f06e48c28dd0660a",
    "X-Sign": "51d0ca60...",
    "Accept": "application/json"
  },
  "body": null,
  "params": {
    "page": 9
  }
}
================================================================================

{
  "timestamp": "2026-03-31T21:51:39.466Z",
  "type": "request",
  "endpoint": "GET /games",
  "fullUrl": "https://staging.slotegrator.com/api/index.php/v1/games?page=10",
  "headers": {
    "X-Merchant-Id": "dbb46701285c1a2e24a0bf92f00501e5",
    "X-Timestamp": "1774993899",
    "X-Nonce": "ae1bf2556d146e6cb7753b71d60ac304",
    "X-Sign": "81c56ed3...",
    "Accept": "application/json"
  },
  "body": null,
  "params": {
    "page": 10
  }
}
================================================================================

{
  "timestamp": "2026-03-31T21:51:39.642Z",
  "type": "request",
  "endpoint": "GET /games",
  "fullUrl": "https://staging.slotegrator.com/api/index.php/v1/games?page=10",
  "headers": {
    "X-Merchant-Id": "dbb46701285c1a2e24a0bf92f00501e5",
    "X-Timestamp": "1774993899",
    "X-Nonce": "ccef414a95161e474b5a089850694744",
    "X-Sign": "7894df36...",
    "Accept": "application/json"
  },
  "body": null,
  "params": {
    "page": 10
  }
}
================================================================================

{
  "timestamp": "2026-03-31T21:51:40.062Z",
  "type": "request",
  "endpoint": "POST /games/init",
  "fullUrl": "https://staging.slotegrator.com/api/index.php/v1/games/init",
  "headers": {
    "X-Merchant-Id": "dbb46701285c1a2e24a0bf92f00501e5",
    "X-Timestamp": "1774993900",
    "X-Nonce": "5099198d462f2b7b8f155b8ba74d2be1",
    "X-Sign": "cb840bf8...",
    "Accept": "application/json",
    "Content-Type": "application/x-www-form-urlencoded"
  },
  "body": "game_uuid=7487f0fac9049c9ee0dd0635a8ce5f5bfe04cd15&player_id=5fbW-EgviQlSB0qgLmM0Z&player_name=nanami&currency=USD&session_id=session_5fbW-EgviQlSB0qgLmM0Z_1774993900053_ouzqu&device=desktop&return_url=https%3A%2F%2Fboztestarea.ngrok.app&language=fr&email=nanami%40gmail.com",
  "params": {
    "game_uuid": "7487f0fac9049c9ee0dd0635a8ce5f5bfe04cd15",
    "player_id": "5fbW-EgviQlSB0qgLmM0Z",
    "player_name": "nanami",
    "currency": "USD",
    "session_id": "session_5fbW-EgviQlSB0qgLmM0Z_1774993900053_ouzqu",
    "device": "desktop",
    "return_url": "https://boztestarea.ngrok.app",
    "language": "fr",
    "email": "nanami@gmail.com"
  }
}
================================================================================

{
  "timestamp": "2026-03-31T21:51:40.210Z",
  "type": "request",
  "endpoint": "POST /games/init",
  "fullUrl": "https://staging.slotegrator.com/api/index.php/v1/games/init",
  "headers": {
    "X-Merchant-Id": "dbb46701285c1a2e24a0bf92f00501e5",
    "X-Timestamp": "1774993900",
    "X-Nonce": "c7656277cb7cb01434e0f52c50c5102b",
    "X-Sign": "b129ba83...",
    "Accept": "application/json",
    "Content-Type": "application/x-www-form-urlencoded"
  },
  "body": "game_uuid=7487f0fac9049c9ee0dd0635a8ce5f5bfe04cd15&player_id=5fbW-EgviQlSB0qgLmM0Z&player_name=nanami&currency=USD&session_id=session_5fbW-EgviQlSB0qgLmM0Z_1774993900208_n8x3mf&device=desktop&return_url=https%3A%2F%2Fboztestarea.ngrok.app&language=fr&email=nanami%40gmail.com",
  "params": {
    "game_uuid": "7487f0fac9049c9ee0dd0635a8ce5f5bfe04cd15",
    "player_id": "5fbW-EgviQlSB0qgLmM0Z",
    "player_name": "nanami",
    "currency": "USD",
    "session_id": "session_5fbW-EgviQlSB0qgLmM0Z_1774993900208_n8x3mf",
    "device": "desktop",
    "return_url": "https://boztestarea.ngrok.app",
    "language": "fr",
    "email": "nanami@gmail.com"
  }
}
================================================================================

{
  "timestamp": "2026-03-31T21:53:58.596Z",
  "type": "request",
  "endpoint": "GET /games",
  "fullUrl": "https://staging.slotegrator.com/api/index.php/v1/games",
  "headers": {
    "X-Merchant-Id": "dbb46701285c1a2e24a0bf92f00501e5",
    "X-Timestamp": "1774994038",
    "X-Nonce": "a2a3feab352fdb8ce1477782427adcee",
    "X-Sign": "a81c4300...",
    "Accept": "application/json"
  },
  "body": null,
  "params": null
}
================================================================================

{
  "timestamp": "2026-03-31T21:53:58.619Z",
  "type": "request",
  "endpoint": "GET /games",
  "fullUrl": "https://staging.slotegrator.com/api/index.php/v1/games",
  "headers": {
    "X-Merchant-Id": "dbb46701285c1a2e24a0bf92f00501e5",
    "X-Timestamp": "1774994038",
    "X-Nonce": "e1dee0536b9f419fa8bc71bb66bcaadb",
    "X-Sign": "a1ccffd8...",
    "Accept": "application/json"
  },
  "body": null,
  "params": null
}
================================================================================

{
  "timestamp": "2026-03-31T21:53:59.359Z",
  "type": "request",
  "endpoint": "GET /games",
  "fullUrl": "https://staging.slotegrator.com/api/index.php/v1/games?page=2",
  "headers": {
    "X-Merchant-Id": "dbb46701285c1a2e24a0bf92f00501e5",
    "X-Timestamp": "1774994039",
    "X-Nonce": "288f033004e6f7f70384cf967022170f",
    "X-Sign": "3a590fc9...",
    "Accept": "application/json"
  },
  "body": null,
  "params": {
    "page": 2
  }
}
================================================================================

{
  "timestamp": "2026-03-31T21:53:59.712Z",
  "type": "request",
  "endpoint": "GET /games",
  "fullUrl": "https://staging.slotegrator.com/api/index.php/v1/games?page=2",
  "headers": {
    "X-Merchant-Id": "dbb46701285c1a2e24a0bf92f00501e5",
    "X-Timestamp": "1774994039",
    "X-Nonce": "dd2baa443f8f6b268fb53c44f575f31f",
    "X-Sign": "3f2462e4...",
    "Accept": "application/json"
  },
  "body": null,
  "params": {
    "page": 2
  }
}
================================================================================

{
  "timestamp": "2026-03-31T21:53:59.926Z",
  "type": "request",
  "endpoint": "GET /games",
  "fullUrl": "https://staging.slotegrator.com/api/index.php/v1/games?page=3",
  "headers": {
    "X-Merchant-Id": "dbb46701285c1a2e24a0bf92f00501e5",
    "X-Timestamp": "1774994039",
    "X-Nonce": "3d0e8715e88c00be5b9090e4d50d586a",
    "X-Sign": "ccef3d0c...",
    "Accept": "application/json"
  },
  "body": null,
  "params": {
    "page": 3
  }
}
================================================================================

{
  "timestamp": "2026-03-31T21:54:00.357Z",
  "type": "request",
  "endpoint": "GET /games",
  "fullUrl": "https://staging.slotegrator.com/api/index.php/v1/games?page=3",
  "headers": {
    "X-Merchant-Id": "dbb46701285c1a2e24a0bf92f00501e5",
    "X-Timestamp": "1774994040",
    "X-Nonce": "dbdec1a6fb27443781fbe285545d4ba8",
    "X-Sign": "93b9139a...",
    "Accept": "application/json"
  },
  "body": null,
  "params": {
    "page": 3
  }
}
================================================================================

{
  "timestamp": "2026-03-31T21:54:00.483Z",
  "type": "request",
  "endpoint": "GET /games",
  "fullUrl": "https://staging.slotegrator.com/api/index.php/v1/games?page=4",
  "headers": {
    "X-Merchant-Id": "dbb46701285c1a2e24a0bf92f00501e5",
    "X-Timestamp": "1774994040",
    "X-Nonce": "611a51c56d76c9b428861f2a77020a7a",
    "X-Sign": "8397de9a...",
    "Accept": "application/json"
  },
  "body": null,
  "params": {
    "page": 4
  }
}
================================================================================

{
  "timestamp": "2026-03-31T21:54:00.979Z",
  "type": "request",
  "endpoint": "GET /games",
  "fullUrl": "https://staging.slotegrator.com/api/index.php/v1/games?page=4",
  "headers": {
    "X-Merchant-Id": "dbb46701285c1a2e24a0bf92f00501e5",
    "X-Timestamp": "1774994040",
    "X-Nonce": "36bebde92ed5f4e7ef55afd992e633db",
    "X-Sign": "372e6786...",
    "Accept": "application/json"
  },
  "body": null,
  "params": {
    "page": 4
  }
}
================================================================================

{
  "timestamp": "2026-03-31T21:54:01.043Z",
  "type": "request",
  "endpoint": "GET /games",
  "fullUrl": "https://staging.slotegrator.com/api/index.php/v1/games?page=5",
  "headers": {
    "X-Merchant-Id": "dbb46701285c1a2e24a0bf92f00501e5",
    "X-Timestamp": "1774994041",
    "X-Nonce": "fa0333835a11aad8e72fc938342dd107",
    "X-Sign": "ad2d67a8...",
    "Accept": "application/json"
  },
  "body": null,
  "params": {
    "page": 5
  }
}
================================================================================

{
  "timestamp": "2026-03-31T21:54:01.618Z",
  "type": "request",
  "endpoint": "GET /games",
  "fullUrl": "https://staging.slotegrator.com/api/index.php/v1/games",
  "headers": {
    "X-Merchant-Id": "dbb46701285c1a2e24a0bf92f00501e5",
    "X-Timestamp": "1774994041",
    "X-Nonce": "21c53bfdccfeee0f2f2738ad8c3c82a7",
    "X-Sign": "497d4cc3...",
    "Accept": "application/json"
  },
  "body": null,
  "params": null
}
================================================================================

{
  "timestamp": "2026-03-31T21:54:01.622Z",
  "type": "request",
  "endpoint": "GET /games",
  "fullUrl": "https://staging.slotegrator.com/api/index.php/v1/games?page=5",
  "headers": {
    "X-Merchant-Id": "dbb46701285c1a2e24a0bf92f00501e5",
    "X-Timestamp": "1774994041",
    "X-Nonce": "2e32458392a21134fd034b59aa5c16c2",
    "X-Sign": "9cc8d308...",
    "Accept": "application/json"
  },
  "body": null,
  "params": {
    "page": 5
  }
}
================================================================================

{
  "timestamp": "2026-03-31T21:54:02.209Z",
  "type": "request",
  "endpoint": "GET /games",
  "fullUrl": "https://staging.slotegrator.com/api/index.php/v1/games",
  "headers": {
    "X-Merchant-Id": "dbb46701285c1a2e24a0bf92f00501e5",
    "X-Timestamp": "1774994042",
    "X-Nonce": "85b13810a08be968f7217d1aa877ef01",
    "X-Sign": "206cee4a...",
    "Accept": "application/json"
  },
  "body": null,
  "params": null
}
================================================================================

{
  "timestamp": "2026-03-31T21:54:02.312Z",
  "type": "request",
  "endpoint": "GET /games",
  "fullUrl": "https://staging.slotegrator.com/api/index.php/v1/games?page=2",
  "headers": {
    "X-Merchant-Id": "dbb46701285c1a2e24a0bf92f00501e5",
    "X-Timestamp": "1774994042",
    "X-Nonce": "c775224dd4a267429fc47937aea1d1c0",
    "X-Sign": "38656d87...",
    "Accept": "application/json"
  },
  "body": null,
  "params": {
    "page": 2
  }
}
================================================================================

{
  "timestamp": "2026-03-31T21:54:02.771Z",
  "type": "request",
  "endpoint": "GET /games",
  "fullUrl": "https://staging.slotegrator.com/api/index.php/v1/games?page=2",
  "headers": {
    "X-Merchant-Id": "dbb46701285c1a2e24a0bf92f00501e5",
    "X-Timestamp": "1774994042",
    "X-Nonce": "957876133bcb452c1a8f36d9a7fdd765",
    "X-Sign": "f178e01d...",
    "Accept": "application/json"
  },
  "body": null,
  "params": {
    "page": 2
  }
}
================================================================================

{
  "timestamp": "2026-03-31T21:54:02.930Z",
  "type": "request",
  "endpoint": "GET /games",
  "fullUrl": "https://staging.slotegrator.com/api/index.php/v1/games?page=3",
  "headers": {
    "X-Merchant-Id": "dbb46701285c1a2e24a0bf92f00501e5",
    "X-Timestamp": "1774994042",
    "X-Nonce": "c7ff20520e291e1d37dd1821e33d39f8",
    "X-Sign": "b692ed8b...",
    "Accept": "application/json"
  },
  "body": null,
  "params": {
    "page": 3
  }
}
================================================================================

{
  "timestamp": "2026-03-31T21:54:03.291Z",
  "type": "request",
  "endpoint": "GET /games",
  "fullUrl": "https://staging.slotegrator.com/api/index.php/v1/games?page=3",
  "headers": {
    "X-Merchant-Id": "dbb46701285c1a2e24a0bf92f00501e5",
    "X-Timestamp": "1774994043",
    "X-Nonce": "872509699f78b9434fdee3d29431bddd",
    "X-Sign": "5e2ddc32...",
    "Accept": "application/json"
  },
  "body": null,
  "params": {
    "page": 3
  }
}
================================================================================

{
  "timestamp": "2026-03-31T21:54:03.549Z",
  "type": "request",
  "endpoint": "GET /games",
  "fullUrl": "https://staging.slotegrator.com/api/index.php/v1/games?page=4",
  "headers": {
    "X-Merchant-Id": "dbb46701285c1a2e24a0bf92f00501e5",
    "X-Timestamp": "1774994043",
    "X-Nonce": "8c157988fc442c059a5b03cc2e1c7852",
    "X-Sign": "7dc63d7a...",
    "Accept": "application/json"
  },
  "body": null,
  "params": {
    "page": 4
  }
}
================================================================================

{
  "timestamp": "2026-03-31T21:54:03.888Z",
  "type": "request",
  "endpoint": "GET /games",
  "fullUrl": "https://staging.slotegrator.com/api/index.php/v1/games?page=4",
  "headers": {
    "X-Merchant-Id": "dbb46701285c1a2e24a0bf92f00501e5",
    "X-Timestamp": "1774994043",
    "X-Nonce": "ceb3b1ecd97486eb9f9f2c2fe8fc29ce",
    "X-Sign": "1671f318...",
    "Accept": "application/json"
  },
  "body": null,
  "params": {
    "page": 4
  }
}
================================================================================

{
  "timestamp": "2026-03-31T21:54:04.157Z",
  "type": "request",
  "endpoint": "GET /games",
  "fullUrl": "https://staging.slotegrator.com/api/index.php/v1/games?page=5",
  "headers": {
    "X-Merchant-Id": "dbb46701285c1a2e24a0bf92f00501e5",
    "X-Timestamp": "1774994044",
    "X-Nonce": "9ee9838c018aba66f343055c6101ea76",
    "X-Sign": "1fab7c39...",
    "Accept": "application/json"
  },
  "body": null,
  "params": {
    "page": 5
  }
}
================================================================================

{
  "timestamp": "2026-03-31T21:54:04.361Z",
  "type": "request",
  "endpoint": "GET /games",
  "fullUrl": "https://staging.slotegrator.com/api/index.php/v1/games?page=5",
  "headers": {
    "X-Merchant-Id": "dbb46701285c1a2e24a0bf92f00501e5",
    "X-Timestamp": "1774994044",
    "X-Nonce": "9863645eba39e91af9ff278209d6f8c1",
    "X-Sign": "fb4c10e7...",
    "Accept": "application/json"
  },
  "body": null,
  "params": {
    "page": 5
  }
}
================================================================================

{
  "timestamp": "2026-03-31T21:54:04.745Z",
  "type": "request",
  "endpoint": "GET /games",
  "fullUrl": "https://staging.slotegrator.com/api/index.php/v1/games?page=6",
  "headers": {
    "X-Merchant-Id": "dbb46701285c1a2e24a0bf92f00501e5",
    "X-Timestamp": "1774994044",
    "X-Nonce": "aa81c4748b490179cf9688d4ac1cd00e",
    "X-Sign": "e8544f30...",
    "Accept": "application/json"
  },
  "body": null,
  "params": {
    "page": 6
  }
}
================================================================================

{
  "timestamp": "2026-03-31T21:54:04.878Z",
  "type": "request",
  "endpoint": "GET /games",
  "fullUrl": "https://staging.slotegrator.com/api/index.php/v1/games?page=6",
  "headers": {
    "X-Merchant-Id": "dbb46701285c1a2e24a0bf92f00501e5",
    "X-Timestamp": "1774994044",
    "X-Nonce": "cd471b060a477631e5e4db875bb7b940",
    "X-Sign": "fa9082bc...",
    "Accept": "application/json"
  },
  "body": null,
  "params": {
    "page": 6
  }
}
================================================================================

{
  "timestamp": "2026-03-31T21:54:05.402Z",
  "type": "request",
  "endpoint": "GET /games",
  "fullUrl": "https://staging.slotegrator.com/api/index.php/v1/games?page=7",
  "headers": {
    "X-Merchant-Id": "dbb46701285c1a2e24a0bf92f00501e5",
    "X-Timestamp": "1774994045",
    "X-Nonce": "40d1398af0de00b9116ea0323dad1bc0",
    "X-Sign": "c53dbdae...",
    "Accept": "application/json"
  },
  "body": null,
  "params": {
    "page": 7
  }
}
================================================================================

{
  "timestamp": "2026-03-31T21:54:05.419Z",
  "type": "request",
  "endpoint": "GET /games",
  "fullUrl": "https://staging.slotegrator.com/api/index.php/v1/games?page=7",
  "headers": {
    "X-Merchant-Id": "dbb46701285c1a2e24a0bf92f00501e5",
    "X-Timestamp": "1774994045",
    "X-Nonce": "f1b9b2745a4544818cbc078a23512eb8",
    "X-Sign": "733632fe...",
    "Accept": "application/json"
  },
  "body": null,
  "params": {
    "page": 7
  }
}
================================================================================

{
  "timestamp": "2026-03-31T21:54:05.992Z",
  "type": "request",
  "endpoint": "GET /games",
  "fullUrl": "https://staging.slotegrator.com/api/index.php/v1/games?page=8",
  "headers": {
    "X-Merchant-Id": "dbb46701285c1a2e24a0bf92f00501e5",
    "X-Timestamp": "1774994045",
    "X-Nonce": "8f860481b05dca18b0adcb196902a1a9",
    "X-Sign": "755d574e...",
    "Accept": "application/json"
  },
  "body": null,
  "params": {
    "page": 8
  }
}
================================================================================

{
  "timestamp": "2026-03-31T21:54:06.072Z",
  "type": "request",
  "endpoint": "GET /games",
  "fullUrl": "https://staging.slotegrator.com/api/index.php/v1/games?page=8",
  "headers": {
    "X-Merchant-Id": "dbb46701285c1a2e24a0bf92f00501e5",
    "X-Timestamp": "1774994046",
    "X-Nonce": "ba8f8c419743d78d9fa6c96f08f980a8",
    "X-Sign": "6d09eb45...",
    "Accept": "application/json"
  },
  "body": null,
  "params": {
    "page": 8
  }
}
================================================================================

{
  "timestamp": "2026-03-31T21:54:06.530Z",
  "type": "request",
  "endpoint": "GET /games",
  "fullUrl": "https://staging.slotegrator.com/api/index.php/v1/games?page=9",
  "headers": {
    "X-Merchant-Id": "dbb46701285c1a2e24a0bf92f00501e5",
    "X-Timestamp": "1774994046",
    "X-Nonce": "a738f7c04c46a5317b0d427448e11928",
    "X-Sign": "ff74e6c0...",
    "Accept": "application/json"
  },
  "body": null,
  "params": {
    "page": 9
  }
}
================================================================================

{
  "timestamp": "2026-03-31T21:54:06.687Z",
  "type": "request",
  "endpoint": "GET /games",
  "fullUrl": "https://staging.slotegrator.com/api/index.php/v1/games?page=9",
  "headers": {
    "X-Merchant-Id": "dbb46701285c1a2e24a0bf92f00501e5",
    "X-Timestamp": "1774994046",
    "X-Nonce": "bca7704943e1dcc6eaf114020eb8934a",
    "X-Sign": "276954ba...",
    "Accept": "application/json"
  },
  "body": null,
  "params": {
    "page": 9
  }
}
================================================================================

{
  "timestamp": "2026-03-31T21:54:07.044Z",
  "type": "request",
  "endpoint": "GET /games",
  "fullUrl": "https://staging.slotegrator.com/api/index.php/v1/games?page=10",
  "headers": {
    "X-Merchant-Id": "dbb46701285c1a2e24a0bf92f00501e5",
    "X-Timestamp": "1774994047",
    "X-Nonce": "d42b33ff2daa52960fbc1b6533a4ec36",
    "X-Sign": "34d7c8f8...",
    "Accept": "application/json"
  },
  "body": null,
  "params": {
    "page": 10
  }
}
================================================================================

{
  "timestamp": "2026-03-31T21:54:07.265Z",
  "type": "request",
  "endpoint": "GET /games",
  "fullUrl": "https://staging.slotegrator.com/api/index.php/v1/games?page=10",
  "headers": {
    "X-Merchant-Id": "dbb46701285c1a2e24a0bf92f00501e5",
    "X-Timestamp": "1774994047",
    "X-Nonce": "1c5cc9f9378d0a6432e13c582b70ca7c",
    "X-Sign": "44557f0f...",
    "Accept": "application/json"
  },
  "body": null,
  "params": {
    "page": 10
  }
}
================================================================================

{
  "timestamp": "2026-03-31T21:54:07.575Z",
  "type": "request",
  "endpoint": "POST /games/init",
  "fullUrl": "https://staging.slotegrator.com/api/index.php/v1/games/init",
  "headers": {
    "X-Merchant-Id": "dbb46701285c1a2e24a0bf92f00501e5",
    "X-Timestamp": "1774994047",
    "X-Nonce": "605fabd78689755bbce1c2b9cacd406f",
    "X-Sign": "e670c02a...",
    "Accept": "application/json",
    "Content-Type": "application/x-www-form-urlencoded"
  },
  "body": "game_uuid=5111b171119b9d8dddf0a7d20f013aab936fad6e&player_id=5fbW-EgviQlSB0qgLmM0Z&player_name=nanami&currency=USD&session_id=session_5fbW-EgviQlSB0qgLmM0Z_1774994047573_y51huk&device=desktop&return_url=https%3A%2F%2Fboztestarea.ngrok.app&language=fr&email=nanami%40gmail.com",
  "params": {
    "game_uuid": "5111b171119b9d8dddf0a7d20f013aab936fad6e",
    "player_id": "5fbW-EgviQlSB0qgLmM0Z",
    "player_name": "nanami",
    "currency": "USD",
    "session_id": "session_5fbW-EgviQlSB0qgLmM0Z_1774994047573_y51huk",
    "device": "desktop",
    "return_url": "https://boztestarea.ngrok.app",
    "language": "fr",
    "email": "nanami@gmail.com"
  }
}
================================================================================

{
  "timestamp": "2026-03-31T21:54:07.845Z",
  "type": "request",
  "endpoint": "POST /games/init",
  "fullUrl": "https://staging.slotegrator.com/api/index.php/v1/games/init",
  "headers": {
    "X-Merchant-Id": "dbb46701285c1a2e24a0bf92f00501e5",
    "X-Timestamp": "1774994047",
    "X-Nonce": "c53c25d9f06e02080a791f48d18ad1aa",
    "X-Sign": "7b2e45de...",
    "Accept": "application/json",
    "Content-Type": "application/x-www-form-urlencoded"
  },
  "body": "game_uuid=5111b171119b9d8dddf0a7d20f013aab936fad6e&player_id=5fbW-EgviQlSB0qgLmM0Z&player_name=nanami&currency=USD&session_id=session_5fbW-EgviQlSB0qgLmM0Z_1774994047844_9w4hkf&device=desktop&return_url=https%3A%2F%2Fboztestarea.ngrok.app&language=fr&email=nanami%40gmail.com",
  "params": {
    "game_uuid": "5111b171119b9d8dddf0a7d20f013aab936fad6e",
    "player_id": "5fbW-EgviQlSB0qgLmM0Z",
    "player_name": "nanami",
    "currency": "USD",
    "session_id": "session_5fbW-EgviQlSB0qgLmM0Z_1774994047844_9w4hkf",
    "device": "desktop",
    "return_url": "https://boztestarea.ngrok.app",
    "language": "fr",
    "email": "nanami@gmail.com"
  }
}
================================================================================

{
  "timestamp": "2026-03-31T22:01:37.503Z",
  "type": "request",
  "endpoint": "GET /limits",
  "fullUrl": "https://staging.slotegrator.com/api/index.php/v1/limits",
  "headers": {
    "X-Merchant-Id": "dbb46701285c1a2e24a0bf92f00501e5",
    "X-Timestamp": "1774994497",
    "X-Nonce": "d77fc76f0830aa2c419dd31d30babe3e",
    "X-Sign": "2396e5f1...",
    "Accept": "application/json"
  },
  "body": null,
  "params": null
}
================================================================================

{
  "timestamp": "2026-03-31T22:01:37.949Z",
  "type": "request",
  "endpoint": "GET /games",
  "fullUrl": "https://staging.slotegrator.com/api/index.php/v1/games",
  "headers": {
    "X-Merchant-Id": "dbb46701285c1a2e24a0bf92f00501e5",
    "X-Timestamp": "1774994497",
    "X-Nonce": "e254ab1e8c42c5331385b82ba55d357d",
    "X-Sign": "b0108ac6...",
    "Accept": "application/json"
  },
  "body": null,
  "params": null
}
================================================================================

{
  "timestamp": "2026-03-31T22:01:37.959Z",
  "type": "request",
  "endpoint": "GET /games",
  "fullUrl": "https://staging.slotegrator.com/api/index.php/v1/games",
  "headers": {
    "X-Merchant-Id": "dbb46701285c1a2e24a0bf92f00501e5",
    "X-Timestamp": "1774994497",
    "X-Nonce": "c2f8a821aa07076232205cb75892d1e8",
    "X-Sign": "af9be686...",
    "Accept": "application/json"
  },
  "body": null,
  "params": null
}
================================================================================

{
  "timestamp": "2026-03-31T22:01:38.620Z",
  "type": "request",
  "endpoint": "GET /games",
  "fullUrl": "https://staging.slotegrator.com/api/index.php/v1/games?page=2",
  "headers": {
    "X-Merchant-Id": "dbb46701285c1a2e24a0bf92f00501e5",
    "X-Timestamp": "1774994498",
    "X-Nonce": "51139d39f00797c77c268e7ad49f522d",
    "X-Sign": "24ebfce0...",
    "Accept": "application/json"
  },
  "body": null,
  "params": {
    "page": 2
  }
}
================================================================================

{
  "timestamp": "2026-03-31T22:01:38.718Z",
  "type": "request",
  "endpoint": "GET /games",
  "fullUrl": "https://staging.slotegrator.com/api/index.php/v1/games?page=2",
  "headers": {
    "X-Merchant-Id": "dbb46701285c1a2e24a0bf92f00501e5",
    "X-Timestamp": "1774994498",
    "X-Nonce": "133bc3d03b68fe4986fa4d8ebce0f966",
    "X-Sign": "31242710...",
    "Accept": "application/json"
  },
  "body": null,
  "params": {
    "page": 2
  }
}
================================================================================

{
  "timestamp": "2026-03-31T22:01:39.279Z",
  "type": "request",
  "endpoint": "GET /games",
  "fullUrl": "https://staging.slotegrator.com/api/index.php/v1/games?page=3",
  "headers": {
    "X-Merchant-Id": "dbb46701285c1a2e24a0bf92f00501e5",
    "X-Timestamp": "1774994499",
    "X-Nonce": "ea91e2a843f2bfe42c5eb16ec76d5f9d",
    "X-Sign": "adf55a10...",
    "Accept": "application/json"
  },
  "body": null,
  "params": {
    "page": 3
  }
}
================================================================================

{
  "timestamp": "2026-03-31T22:01:39.318Z",
  "type": "request",
  "endpoint": "GET /games",
  "fullUrl": "https://staging.slotegrator.com/api/index.php/v1/games?page=3",
  "headers": {
    "X-Merchant-Id": "dbb46701285c1a2e24a0bf92f00501e5",
    "X-Timestamp": "1774994499",
    "X-Nonce": "ab1cdd3b5a540050349fc767970d2a02",
    "X-Sign": "e61dca27...",
    "Accept": "application/json"
  },
  "body": null,
  "params": {
    "page": 3
  }
}
================================================================================

{
  "timestamp": "2026-03-31T22:01:39.934Z",
  "type": "request",
  "endpoint": "GET /games",
  "fullUrl": "https://staging.slotegrator.com/api/index.php/v1/games?page=4",
  "headers": {
    "X-Merchant-Id": "dbb46701285c1a2e24a0bf92f00501e5",
    "X-Timestamp": "1774994499",
    "X-Nonce": "17fedc28be3aed37e3f720eaef96299d",
    "X-Sign": "6239483a...",
    "Accept": "application/json"
  },
  "body": null,
  "params": {
    "page": 4
  }
}
================================================================================

{
  "timestamp": "2026-03-31T22:01:39.985Z",
  "type": "request",
  "endpoint": "GET /games",
  "fullUrl": "https://staging.slotegrator.com/api/index.php/v1/games?page=4",
  "headers": {
    "X-Merchant-Id": "dbb46701285c1a2e24a0bf92f00501e5",
    "X-Timestamp": "1774994499",
    "X-Nonce": "16191c97bff0ac361559606cd0f88ce1",
    "X-Sign": "2dc328d0...",
    "Accept": "application/json"
  },
  "body": null,
  "params": {
    "page": 4
  }
}
================================================================================

{
  "timestamp": "2026-03-31T22:01:40.652Z",
  "type": "request",
  "endpoint": "GET /games",
  "fullUrl": "https://staging.slotegrator.com/api/index.php/v1/games?page=5",
  "headers": {
    "X-Merchant-Id": "dbb46701285c1a2e24a0bf92f00501e5",
    "X-Timestamp": "1774994500",
    "X-Nonce": "b1098efa6836282037f8cb47d7ac4d91",
    "X-Sign": "8a87a06c...",
    "Accept": "application/json"
  },
  "body": null,
  "params": {
    "page": 5
  }
}
================================================================================

{
  "timestamp": "2026-03-31T22:01:40.852Z",
  "type": "request",
  "endpoint": "GET /games",
  "fullUrl": "https://staging.slotegrator.com/api/index.php/v1/games?page=5",
  "headers": {
    "X-Merchant-Id": "dbb46701285c1a2e24a0bf92f00501e5",
    "X-Timestamp": "1774994500",
    "X-Nonce": "189b74015b5db92464a3fb30009728f5",
    "X-Sign": "dd862f0b...",
    "Accept": "application/json"
  },
  "body": null,
  "params": {
    "page": 5
  }
}
================================================================================

{
  "timestamp": "2026-03-31T22:01:41.356Z",
  "type": "request",
  "endpoint": "GET /games",
  "fullUrl": "https://staging.slotegrator.com/api/index.php/v1/games",
  "headers": {
    "X-Merchant-Id": "dbb46701285c1a2e24a0bf92f00501e5",
    "X-Timestamp": "1774994501",
    "X-Nonce": "d2ebb35e10ab942eb085414b51f13376",
    "X-Sign": "56b05739...",
    "Accept": "application/json"
  },
  "body": null,
  "params": null
}
================================================================================

{
  "timestamp": "2026-03-31T22:01:41.481Z",
  "type": "request",
  "endpoint": "GET /games",
  "fullUrl": "https://staging.slotegrator.com/api/index.php/v1/games",
  "headers": {
    "X-Merchant-Id": "dbb46701285c1a2e24a0bf92f00501e5",
    "X-Timestamp": "1774994501",
    "X-Nonce": "889782d11e9fd7b5b9b11d6331d2fb9a",
    "X-Sign": "5f2c7033...",
    "Accept": "application/json"
  },
  "body": null,
  "params": null
}
================================================================================

{
  "timestamp": "2026-03-31T22:01:42.030Z",
  "type": "request",
  "endpoint": "GET /games",
  "fullUrl": "https://staging.slotegrator.com/api/index.php/v1/games?page=2",
  "headers": {
    "X-Merchant-Id": "dbb46701285c1a2e24a0bf92f00501e5",
    "X-Timestamp": "1774994502",
    "X-Nonce": "73d716f2bfe4eb83d62532e0c329d145",
    "X-Sign": "ccf7208f...",
    "Accept": "application/json"
  },
  "body": null,
  "params": {
    "page": 2
  }
}
================================================================================

{
  "timestamp": "2026-03-31T22:01:42.185Z",
  "type": "request",
  "endpoint": "GET /games",
  "fullUrl": "https://staging.slotegrator.com/api/index.php/v1/games?page=2",
  "headers": {
    "X-Merchant-Id": "dbb46701285c1a2e24a0bf92f00501e5",
    "X-Timestamp": "1774994502",
    "X-Nonce": "14a67658692f2701346f8791e6078d66",
    "X-Sign": "9de5a6b6...",
    "Accept": "application/json"
  },
  "body": null,
  "params": {
    "page": 2
  }
}
================================================================================

{
  "timestamp": "2026-03-31T22:01:42.723Z",
  "type": "request",
  "endpoint": "GET /games",
  "fullUrl": "https://staging.slotegrator.com/api/index.php/v1/games?page=3",
  "headers": {
    "X-Merchant-Id": "dbb46701285c1a2e24a0bf92f00501e5",
    "X-Timestamp": "1774994502",
    "X-Nonce": "8fc67fbc0c9d4c4bcac7993d261f697c",
    "X-Sign": "25422183...",
    "Accept": "application/json"
  },
  "body": null,
  "params": {
    "page": 3
  }
}
================================================================================

{
  "timestamp": "2026-03-31T22:01:42.833Z",
  "type": "request",
  "endpoint": "GET /games",
  "fullUrl": "https://staging.slotegrator.com/api/index.php/v1/games?page=3",
  "headers": {
    "X-Merchant-Id": "dbb46701285c1a2e24a0bf92f00501e5",
    "X-Timestamp": "1774994502",
    "X-Nonce": "8e67265cd97a4da67040000c84ceee22",
    "X-Sign": "a6f2cab9...",
    "Accept": "application/json"
  },
  "body": null,
  "params": {
    "page": 3
  }
}
================================================================================

{
  "timestamp": "2026-03-31T22:01:43.402Z",
  "type": "request",
  "endpoint": "GET /games",
  "fullUrl": "https://staging.slotegrator.com/api/index.php/v1/games?page=4",
  "headers": {
    "X-Merchant-Id": "dbb46701285c1a2e24a0bf92f00501e5",
    "X-Timestamp": "1774994503",
    "X-Nonce": "f68a69d0470074518f0214d0b4c1ff9d",
    "X-Sign": "127a7f82...",
    "Accept": "application/json"
  },
  "body": null,
  "params": {
    "page": 4
  }
}
================================================================================

{
  "timestamp": "2026-03-31T22:01:43.626Z",
  "type": "request",
  "endpoint": "GET /games",
  "fullUrl": "https://staging.slotegrator.com/api/index.php/v1/games?page=4",
  "headers": {
    "X-Merchant-Id": "dbb46701285c1a2e24a0bf92f00501e5",
    "X-Timestamp": "1774994503",
    "X-Nonce": "6166e1c4e8a5baa846d014007c069b7d",
    "X-Sign": "6abccca2...",
    "Accept": "application/json"
  },
  "body": null,
  "params": {
    "page": 4
  }
}
================================================================================

{
  "timestamp": "2026-03-31T22:01:44.033Z",
  "type": "request",
  "endpoint": "GET /games",
  "fullUrl": "https://staging.slotegrator.com/api/index.php/v1/games?page=5",
  "headers": {
    "X-Merchant-Id": "dbb46701285c1a2e24a0bf92f00501e5",
    "X-Timestamp": "1774994504",
    "X-Nonce": "1f8d174e4602837d24e150a8b8616b82",
    "X-Sign": "b824b9b9...",
    "Accept": "application/json"
  },
  "body": null,
  "params": {
    "page": 5
  }
}
================================================================================

{
  "timestamp": "2026-03-31T22:01:44.288Z",
  "type": "request",
  "endpoint": "GET /games",
  "fullUrl": "https://staging.slotegrator.com/api/index.php/v1/games?page=5",
  "headers": {
    "X-Merchant-Id": "dbb46701285c1a2e24a0bf92f00501e5",
    "X-Timestamp": "1774994504",
    "X-Nonce": "7329e83c9f9c7f7c414767c2cb40bc05",
    "X-Sign": "14ae29b0...",
    "Accept": "application/json"
  },
  "body": null,
  "params": {
    "page": 5
  }
}
================================================================================

{
  "timestamp": "2026-03-31T22:01:44.687Z",
  "type": "request",
  "endpoint": "GET /games",
  "fullUrl": "https://staging.slotegrator.com/api/index.php/v1/games?page=6",
  "headers": {
    "X-Merchant-Id": "dbb46701285c1a2e24a0bf92f00501e5",
    "X-Timestamp": "1774994504",
    "X-Nonce": "7a3b7d76781e7f6a9810f65e2a9bd7ed",
    "X-Sign": "ce5430dc...",
    "Accept": "application/json"
  },
  "body": null,
  "params": {
    "page": 6
  }
}
================================================================================

{
  "timestamp": "2026-03-31T22:01:45.001Z",
  "type": "request",
  "endpoint": "GET /games",
  "fullUrl": "https://staging.slotegrator.com/api/index.php/v1/games?page=6",
  "headers": {
    "X-Merchant-Id": "dbb46701285c1a2e24a0bf92f00501e5",
    "X-Timestamp": "1774994505",
    "X-Nonce": "a70eb7022b45befb771d2d81533b3c38",
    "X-Sign": "070a8085...",
    "Accept": "application/json"
  },
  "body": null,
  "params": {
    "page": 6
  }
}
================================================================================

{
  "timestamp": "2026-03-31T22:01:45.317Z",
  "type": "request",
  "endpoint": "GET /games",
  "fullUrl": "https://staging.slotegrator.com/api/index.php/v1/games?page=7",
  "headers": {
    "X-Merchant-Id": "dbb46701285c1a2e24a0bf92f00501e5",
    "X-Timestamp": "1774994505",
    "X-Nonce": "35eb84a913acc0ef84037bce992954a4",
    "X-Sign": "6a6dd760...",
    "Accept": "application/json"
  },
  "body": null,
  "params": {
    "page": 7
  }
}
================================================================================

{
  "timestamp": "2026-03-31T22:01:45.684Z",
  "type": "request",
  "endpoint": "GET /games",
  "fullUrl": "https://staging.slotegrator.com/api/index.php/v1/games?page=7",
  "headers": {
    "X-Merchant-Id": "dbb46701285c1a2e24a0bf92f00501e5",
    "X-Timestamp": "1774994505",
    "X-Nonce": "9fd3fe2364cfdf8069d6e7447d727f06",
    "X-Sign": "f970f337...",
    "Accept": "application/json"
  },
  "body": null,
  "params": {
    "page": 7
  }
}
================================================================================

{
  "timestamp": "2026-03-31T22:01:45.951Z",
  "type": "request",
  "endpoint": "GET /games",
  "fullUrl": "https://staging.slotegrator.com/api/index.php/v1/games?page=8",
  "headers": {
    "X-Merchant-Id": "dbb46701285c1a2e24a0bf92f00501e5",
    "X-Timestamp": "1774994505",
    "X-Nonce": "05d2816e1b4ce73540ae041d9d7b60fb",
    "X-Sign": "82950112...",
    "Accept": "application/json"
  },
  "body": null,
  "params": {
    "page": 8
  }
}
================================================================================

{
  "timestamp": "2026-03-31T22:01:46.351Z",
  "type": "request",
  "endpoint": "GET /games",
  "fullUrl": "https://staging.slotegrator.com/api/index.php/v1/games?page=8",
  "headers": {
    "X-Merchant-Id": "dbb46701285c1a2e24a0bf92f00501e5",
    "X-Timestamp": "1774994506",
    "X-Nonce": "8892971e0816f02ed959679906a2450a",
    "X-Sign": "b1156f4a...",
    "Accept": "application/json"
  },
  "body": null,
  "params": {
    "page": 8
  }
}
================================================================================

{
  "timestamp": "2026-03-31T22:01:46.783Z",
  "type": "request",
  "endpoint": "GET /games",
  "fullUrl": "https://staging.slotegrator.com/api/index.php/v1/games?page=9",
  "headers": {
    "X-Merchant-Id": "dbb46701285c1a2e24a0bf92f00501e5",
    "X-Timestamp": "1774994506",
    "X-Nonce": "76daf9e631998ede6c105014cfca77ca",
    "X-Sign": "653ffa1e...",
    "Accept": "application/json"
  },
  "body": null,
  "params": {
    "page": 9
  }
}
================================================================================

{
  "timestamp": "2026-03-31T22:01:46.969Z",
  "type": "request",
  "endpoint": "GET /games",
  "fullUrl": "https://staging.slotegrator.com/api/index.php/v1/games?page=9",
  "headers": {
    "X-Merchant-Id": "dbb46701285c1a2e24a0bf92f00501e5",
    "X-Timestamp": "1774994506",
    "X-Nonce": "2e4a31b13b6aec8eae4bbd5402364055",
    "X-Sign": "3530032e...",
    "Accept": "application/json"
  },
  "body": null,
  "params": {
    "page": 9
  }
}
================================================================================

{
  "timestamp": "2026-03-31T22:01:47.468Z",
  "type": "request",
  "endpoint": "GET /games",
  "fullUrl": "https://staging.slotegrator.com/api/index.php/v1/games?page=10",
  "headers": {
    "X-Merchant-Id": "dbb46701285c1a2e24a0bf92f00501e5",
    "X-Timestamp": "1774994507",
    "X-Nonce": "d4fbba46755897f383d2893e0f6eb715",
    "X-Sign": "bd319e7f...",
    "Accept": "application/json"
  },
  "body": null,
  "params": {
    "page": 10
  }
}
================================================================================

{
  "timestamp": "2026-03-31T22:01:47.651Z",
  "type": "request",
  "endpoint": "GET /games",
  "fullUrl": "https://staging.slotegrator.com/api/index.php/v1/games?page=10",
  "headers": {
    "X-Merchant-Id": "dbb46701285c1a2e24a0bf92f00501e5",
    "X-Timestamp": "1774994507",
    "X-Nonce": "ece40f23624d11792da0ae1c9d40393d",
    "X-Sign": "9a0ea0f8...",
    "Accept": "application/json"
  },
  "body": null,
  "params": {
    "page": 10
  }
}
================================================================================

{
  "timestamp": "2026-03-31T22:01:48.140Z",
  "type": "request",
  "endpoint": "POST /games/init",
  "fullUrl": "https://staging.slotegrator.com/api/index.php/v1/games/init",
  "headers": {
    "X-Merchant-Id": "dbb46701285c1a2e24a0bf92f00501e5",
    "X-Timestamp": "1774994508",
    "X-Nonce": "983c3658707ef675abedbaf75aa8996e",
    "X-Sign": "40b5b2a7...",
    "Accept": "application/json",
    "Content-Type": "application/x-www-form-urlencoded"
  },
  "body": "game_uuid=fe38b9de0f44ac5892261d426ba39cd1aa410807&player_id=5fbW-EgviQlSB0qgLmM0Z&player_name=nanami&currency=EUR&session_id=session_5fbW-EgviQlSB0qgLmM0Z_1774994508139_t5b6yc&device=desktop&return_url=https%3A%2F%2Fboztestarea.ngrok.app&language=fr&email=nanami%40gmail.com",
  "params": {
    "game_uuid": "fe38b9de0f44ac5892261d426ba39cd1aa410807",
    "player_id": "5fbW-EgviQlSB0qgLmM0Z",
    "player_name": "nanami",
    "currency": "EUR",
    "session_id": "session_5fbW-EgviQlSB0qgLmM0Z_1774994508139_t5b6yc",
    "device": "desktop",
    "return_url": "https://boztestarea.ngrok.app",
    "language": "fr",
    "email": "nanami@gmail.com"
  }
}
================================================================================

{
  "timestamp": "2026-03-31T22:01:48.340Z",
  "type": "request",
  "endpoint": "POST /games/init",
  "fullUrl": "https://staging.slotegrator.com/api/index.php/v1/games/init",
  "headers": {
    "X-Merchant-Id": "dbb46701285c1a2e24a0bf92f00501e5",
    "X-Timestamp": "1774994508",
    "X-Nonce": "ad3ef8138e21c8eff81cb33d23b5ab00",
    "X-Sign": "6a9a7e2c...",
    "Accept": "application/json",
    "Content-Type": "application/x-www-form-urlencoded"
  },
  "body": "game_uuid=fe38b9de0f44ac5892261d426ba39cd1aa410807&player_id=5fbW-EgviQlSB0qgLmM0Z&player_name=nanami&currency=EUR&session_id=session_5fbW-EgviQlSB0qgLmM0Z_1774994508338_g7pu9p&device=desktop&return_url=https%3A%2F%2Fboztestarea.ngrok.app&language=fr&email=nanami%40gmail.com",
  "params": {
    "game_uuid": "fe38b9de0f44ac5892261d426ba39cd1aa410807",
    "player_id": "5fbW-EgviQlSB0qgLmM0Z",
    "player_name": "nanami",
    "currency": "EUR",
    "session_id": "session_5fbW-EgviQlSB0qgLmM0Z_1774994508338_g7pu9p",
    "device": "desktop",
    "return_url": "https://boztestarea.ngrok.app",
    "language": "fr",
    "email": "nanami@gmail.com"
  }
}
================================================================================

{
  "timestamp": "2026-03-31T22:33:36.690Z",
  "type": "request",
  "endpoint": "GET /games",
  "fullUrl": "https://staging.slotegrator.com/api/index.php/v1/games?expand=images",
  "headers": {
    "X-Merchant-Id": "dbb46701285c1a2e24a0bf92f00501e5",
    "X-Timestamp": "1774996416",
    "X-Nonce": "bb5ece7e26d6572606f4262ddf925c68",
    "X-Sign": "242b4b53...",
    "Accept": "application/json"
  },
  "body": null,
  "params": {
    "expand": "images"
  }
}
================================================================================

{
  "timestamp": "2026-03-31T22:33:37.755Z",
  "type": "request",
  "endpoint": "GET /games",
  "fullUrl": "https://staging.slotegrator.com/api/index.php/v1/games?expand=images&page=2",
  "headers": {
    "X-Merchant-Id": "dbb46701285c1a2e24a0bf92f00501e5",
    "X-Timestamp": "1774996417",
    "X-Nonce": "afba764c92741a01a196448b58a963cf",
    "X-Sign": "836cf81b...",
    "Accept": "application/json"
  },
  "body": null,
  "params": {
    "expand": "images",
    "page": 2
  }
}
================================================================================

{
  "timestamp": "2026-03-31T22:33:38.329Z",
  "type": "request",
  "endpoint": "GET /games",
  "fullUrl": "https://staging.slotegrator.com/api/index.php/v1/games?expand=images&page=3",
  "headers": {
    "X-Merchant-Id": "dbb46701285c1a2e24a0bf92f00501e5",
    "X-Timestamp": "1774996418",
    "X-Nonce": "6753aeed90d709b1b36e09a7993de45d",
    "X-Sign": "1726e573...",
    "Accept": "application/json"
  },
  "body": null,
  "params": {
    "expand": "images",
    "page": 3
  }
}
================================================================================

{
  "timestamp": "2026-03-31T22:33:38.818Z",
  "type": "request",
  "endpoint": "GET /games",
  "fullUrl": "https://staging.slotegrator.com/api/index.php/v1/games?expand=images&page=4",
  "headers": {
    "X-Merchant-Id": "dbb46701285c1a2e24a0bf92f00501e5",
    "X-Timestamp": "1774996418",
    "X-Nonce": "bcebe9d07a78b1257b815510e6d3ca5a",
    "X-Sign": "d571f5eb...",
    "Accept": "application/json"
  },
  "body": null,
  "params": {
    "expand": "images",
    "page": 4
  }
}
================================================================================

{
  "timestamp": "2026-03-31T22:33:39.335Z",
  "type": "request",
  "endpoint": "GET /games",
  "fullUrl": "https://staging.slotegrator.com/api/index.php/v1/games?expand=images&page=5",
  "headers": {
    "X-Merchant-Id": "dbb46701285c1a2e24a0bf92f00501e5",
    "X-Timestamp": "1774996419",
    "X-Nonce": "27dc4e63899a0462375e2503fb31cd1e",
    "X-Sign": "384e2e63...",
    "Accept": "application/json"
  },
  "body": null,
  "params": {
    "expand": "images",
    "page": 5
  }
}
================================================================================

{
  "timestamp": "2026-03-31T22:33:39.870Z",
  "type": "request",
  "endpoint": "GET /games",
  "fullUrl": "https://staging.slotegrator.com/api/index.php/v1/games?expand=images&page=6",
  "headers": {
    "X-Merchant-Id": "dbb46701285c1a2e24a0bf92f00501e5",
    "X-Timestamp": "1774996419",
    "X-Nonce": "e083f3d0eacbcded3b895de99b49eb62",
    "X-Sign": "bb4923b0...",
    "Accept": "application/json"
  },
  "body": null,
  "params": {
    "expand": "images",
    "page": 6
  }
}
================================================================================

{
  "timestamp": "2026-03-31T22:33:40.468Z",
  "type": "request",
  "endpoint": "GET /games",
  "fullUrl": "https://staging.slotegrator.com/api/index.php/v1/games?expand=images&page=7",
  "headers": {
    "X-Merchant-Id": "dbb46701285c1a2e24a0bf92f00501e5",
    "X-Timestamp": "1774996420",
    "X-Nonce": "cd15ed80f53fd764e20ce2e50b22660d",
    "X-Sign": "cf72d6ea...",
    "Accept": "application/json"
  },
  "body": null,
  "params": {
    "expand": "images",
    "page": 7
  }
}
================================================================================

{
  "timestamp": "2026-03-31T22:33:41.561Z",
  "type": "request",
  "endpoint": "GET /games",
  "fullUrl": "https://staging.slotegrator.com/api/index.php/v1/games?expand=images&page=8",
  "headers": {
    "X-Merchant-Id": "dbb46701285c1a2e24a0bf92f00501e5",
    "X-Timestamp": "1774996421",
    "X-Nonce": "11ac6e9a835bc160602548b9116a4189",
    "X-Sign": "9246807b...",
    "Accept": "application/json"
  },
  "body": null,
  "params": {
    "expand": "images",
    "page": 8
  }
}
================================================================================

{
  "timestamp": "2026-03-31T22:33:42.119Z",
  "type": "request",
  "endpoint": "GET /games",
  "fullUrl": "https://staging.slotegrator.com/api/index.php/v1/games?expand=images&page=9",
  "headers": {
    "X-Merchant-Id": "dbb46701285c1a2e24a0bf92f00501e5",
    "X-Timestamp": "1774996422",
    "X-Nonce": "ac111bda2047794464579d5a1d3620ac",
    "X-Sign": "636ebbb8...",
    "Accept": "application/json"
  },
  "body": null,
  "params": {
    "expand": "images",
    "page": 9
  }
}
================================================================================

{
  "timestamp": "2026-03-31T22:33:42.676Z",
  "type": "request",
  "endpoint": "GET /games",
  "fullUrl": "https://staging.slotegrator.com/api/index.php/v1/games?expand=images&page=10",
  "headers": {
    "X-Merchant-Id": "dbb46701285c1a2e24a0bf92f00501e5",
    "X-Timestamp": "1774996422",
    "X-Nonce": "8813b2316b393d84171d5dec8565d9bb",
    "X-Sign": "18261db7...",
    "Accept": "application/json"
  },
  "body": null,
  "params": {
    "expand": "images",
    "page": 10
  }
}
================================================================================

{
  "timestamp": "2026-03-31T22:33:43.209Z",
  "type": "request",
  "endpoint": "GET /games",
  "fullUrl": "https://staging.slotegrator.com/api/index.php/v1/games?expand=images&page=11",
  "headers": {
    "X-Merchant-Id": "dbb46701285c1a2e24a0bf92f00501e5",
    "X-Timestamp": "1774996423",
    "X-Nonce": "ef8b998ddbf0aab9d66dee449c248a07",
    "X-Sign": "dc6dca49...",
    "Accept": "application/json"
  },
  "body": null,
  "params": {
    "expand": "images",
    "page": 11
  }
}
================================================================================

{
  "timestamp": "2026-03-31T22:33:43.744Z",
  "type": "request",
  "endpoint": "GET /games",
  "fullUrl": "https://staging.slotegrator.com/api/index.php/v1/games?expand=images&page=12",
  "headers": {
    "X-Merchant-Id": "dbb46701285c1a2e24a0bf92f00501e5",
    "X-Timestamp": "1774996423",
    "X-Nonce": "288a35d368bd7e49b5fa56845159c4bc",
    "X-Sign": "dbc5bdea...",
    "Accept": "application/json"
  },
  "body": null,
  "params": {
    "expand": "images",
    "page": 12
  }
}
================================================================================

{
  "timestamp": "2026-03-31T22:33:44.300Z",
  "type": "request",
  "endpoint": "GET /games",
  "fullUrl": "https://staging.slotegrator.com/api/index.php/v1/games?expand=images&page=13",
  "headers": {
    "X-Merchant-Id": "dbb46701285c1a2e24a0bf92f00501e5",
    "X-Timestamp": "1774996424",
    "X-Nonce": "15feb054aa1e4d34614064d7c0e63165",
    "X-Sign": "28978c58...",
    "Accept": "application/json"
  },
  "body": null,
  "params": {
    "expand": "images",
    "page": 13
  }
}
================================================================================

{
  "timestamp": "2026-03-31T22:33:44.875Z",
  "type": "request",
  "endpoint": "GET /games",
  "fullUrl": "https://staging.slotegrator.com/api/index.php/v1/games?expand=images&page=14",
  "headers": {
    "X-Merchant-Id": "dbb46701285c1a2e24a0bf92f00501e5",
    "X-Timestamp": "1774996424",
    "X-Nonce": "4e6f2b4c4fa346f4d99cbec1e95f725a",
    "X-Sign": "c0f1930a...",
    "Accept": "application/json"
  },
  "body": null,
  "params": {
    "expand": "images",
    "page": 14
  }
}
================================================================================

{
  "timestamp": "2026-03-31T22:33:45.393Z",
  "type": "request",
  "endpoint": "GET /games",
  "fullUrl": "https://staging.slotegrator.com/api/index.php/v1/games?expand=images&page=15",
  "headers": {
    "X-Merchant-Id": "dbb46701285c1a2e24a0bf92f00501e5",
    "X-Timestamp": "1774996425",
    "X-Nonce": "0f42389e61d676b4217714cb89afa26f",
    "X-Sign": "4972fdca...",
    "Accept": "application/json"
  },
  "body": null,
  "params": {
    "expand": "images",
    "page": 15
  }
}
================================================================================

{
  "timestamp": "2026-03-31T22:33:45.904Z",
  "type": "request",
  "endpoint": "GET /games",
  "fullUrl": "https://staging.slotegrator.com/api/index.php/v1/games?expand=images&page=16",
  "headers": {
    "X-Merchant-Id": "dbb46701285c1a2e24a0bf92f00501e5",
    "X-Timestamp": "1774996425",
    "X-Nonce": "08eab60419b8817b4809a82a1b8dc45e",
    "X-Sign": "e91efa65...",
    "Accept": "application/json"
  },
  "body": null,
  "params": {
    "expand": "images",
    "page": 16
  }
}
================================================================================

{
  "timestamp": "2026-03-31T22:33:46.422Z",
  "type": "request",
  "endpoint": "GET /games",
  "fullUrl": "https://staging.slotegrator.com/api/index.php/v1/games?expand=images&page=17",
  "headers": {
    "X-Merchant-Id": "dbb46701285c1a2e24a0bf92f00501e5",
    "X-Timestamp": "1774996426",
    "X-Nonce": "e495917965bd75c5656f09a63018fafd",
    "X-Sign": "5ff678be...",
    "Accept": "application/json"
  },
  "body": null,
  "params": {
    "expand": "images",
    "page": 17
  }
}
================================================================================

{
  "timestamp": "2026-03-31T22:33:46.940Z",
  "type": "request",
  "endpoint": "GET /games",
  "fullUrl": "https://staging.slotegrator.com/api/index.php/v1/games?expand=images&page=18",
  "headers": {
    "X-Merchant-Id": "dbb46701285c1a2e24a0bf92f00501e5",
    "X-Timestamp": "1774996426",
    "X-Nonce": "c20133ece2add708a8c3526b741f9416",
    "X-Sign": "53f14f8f...",
    "Accept": "application/json"
  },
  "body": null,
  "params": {
    "expand": "images",
    "page": 18
  }
}
================================================================================

{
  "timestamp": "2026-03-31T22:33:47.485Z",
  "type": "request",
  "endpoint": "GET /games",
  "fullUrl": "https://staging.slotegrator.com/api/index.php/v1/games?expand=images&page=19",
  "headers": {
    "X-Merchant-Id": "dbb46701285c1a2e24a0bf92f00501e5",
    "X-Timestamp": "1774996427",
    "X-Nonce": "ac3cc06477b234a4d7f2c5c89e9a344b",
    "X-Sign": "6969caac...",
    "Accept": "application/json"
  },
  "body": null,
  "params": {
    "expand": "images",
    "page": 19
  }
}
================================================================================

{
  "timestamp": "2026-03-31T22:33:48.019Z",
  "type": "request",
  "endpoint": "GET /games",
  "fullUrl": "https://staging.slotegrator.com/api/index.php/v1/games?expand=images&page=20",
  "headers": {
    "X-Merchant-Id": "dbb46701285c1a2e24a0bf92f00501e5",
    "X-Timestamp": "1774996428",
    "X-Nonce": "c86b0c0b43d918c032ae186cde8edc82",
    "X-Sign": "5afccba2...",
    "Accept": "application/json"
  },
  "body": null,
  "params": {
    "expand": "images",
    "page": 20
  }
}
================================================================================

{
  "timestamp": "2026-03-31T22:33:48.502Z",
  "type": "request",
  "endpoint": "GET /games",
  "fullUrl": "https://staging.slotegrator.com/api/index.php/v1/games?expand=images&page=21",
  "headers": {
    "X-Merchant-Id": "dbb46701285c1a2e24a0bf92f00501e5",
    "X-Timestamp": "1774996428",
    "X-Nonce": "61d64ded27ae602dece216db8499cdc9",
    "X-Sign": "c1b2a8a3...",
    "Accept": "application/json"
  },
  "body": null,
  "params": {
    "expand": "images",
    "page": 21
  }
}
================================================================================

{
  "timestamp": "2026-03-31T22:33:49.020Z",
  "type": "request",
  "endpoint": "GET /games",
  "fullUrl": "https://staging.slotegrator.com/api/index.php/v1/games?expand=images&page=22",
  "headers": {
    "X-Merchant-Id": "dbb46701285c1a2e24a0bf92f00501e5",
    "X-Timestamp": "1774996429",
    "X-Nonce": "a8076b32214764617465cceb4b0417d8",
    "X-Sign": "787d27f7...",
    "Accept": "application/json"
  },
  "body": null,
  "params": {
    "expand": "images",
    "page": 22
  }
}
================================================================================

{
  "timestamp": "2026-03-31T22:33:49.636Z",
  "type": "request",
  "endpoint": "GET /games",
  "fullUrl": "https://staging.slotegrator.com/api/index.php/v1/games?expand=images&page=23",
  "headers": {
    "X-Merchant-Id": "dbb46701285c1a2e24a0bf92f00501e5",
    "X-Timestamp": "1774996429",
    "X-Nonce": "8e6387b10abb4c8d13dc487c32164a3a",
    "X-Sign": "572de04b...",
    "Accept": "application/json"
  },
  "body": null,
  "params": {
    "expand": "images",
    "page": 23
  }
}
================================================================================

{
  "timestamp": "2026-03-31T22:33:50.120Z",
  "type": "request",
  "endpoint": "GET /games",
  "fullUrl": "https://staging.slotegrator.com/api/index.php/v1/games?expand=images&page=24",
  "headers": {
    "X-Merchant-Id": "dbb46701285c1a2e24a0bf92f00501e5",
    "X-Timestamp": "1774996430",
    "X-Nonce": "564a4a56e27aa5b056d9751ed8063885",
    "X-Sign": "45aed042...",
    "Accept": "application/json"
  },
  "body": null,
  "params": {
    "expand": "images",
    "page": 24
  }
}
================================================================================

{
  "timestamp": "2026-03-31T22:33:50.670Z",
  "type": "request",
  "endpoint": "GET /games",
  "fullUrl": "https://staging.slotegrator.com/api/index.php/v1/games?expand=images&page=25",
  "headers": {
    "X-Merchant-Id": "dbb46701285c1a2e24a0bf92f00501e5",
    "X-Timestamp": "1774996430",
    "X-Nonce": "b559e6198676c0031c70f35a8ae0ec0b",
    "X-Sign": "f3975fc5...",
    "Accept": "application/json"
  },
  "body": null,
  "params": {
    "expand": "images",
    "page": 25
  }
}
================================================================================

{
  "timestamp": "2026-03-31T22:33:51.236Z",
  "type": "request",
  "endpoint": "GET /games",
  "fullUrl": "https://staging.slotegrator.com/api/index.php/v1/games?expand=images&page=26",
  "headers": {
    "X-Merchant-Id": "dbb46701285c1a2e24a0bf92f00501e5",
    "X-Timestamp": "1774996431",
    "X-Nonce": "107e460f035bc73c00acb390892fc37b",
    "X-Sign": "a99a4ea2...",
    "Accept": "application/json"
  },
  "body": null,
  "params": {
    "expand": "images",
    "page": 26
  }
}
================================================================================

{
  "timestamp": "2026-03-31T22:33:51.820Z",
  "type": "request",
  "endpoint": "GET /games",
  "fullUrl": "https://staging.slotegrator.com/api/index.php/v1/games?expand=images&page=27",
  "headers": {
    "X-Merchant-Id": "dbb46701285c1a2e24a0bf92f00501e5",
    "X-Timestamp": "1774996431",
    "X-Nonce": "31baf5e298466f89df616be5a5305fb5",
    "X-Sign": "d12cb1be...",
    "Accept": "application/json"
  },
  "body": null,
  "params": {
    "expand": "images",
    "page": 27
  }
}
================================================================================

{
  "timestamp": "2026-03-31T22:33:52.353Z",
  "type": "request",
  "endpoint": "GET /games",
  "fullUrl": "https://staging.slotegrator.com/api/index.php/v1/games?expand=images&page=28",
  "headers": {
    "X-Merchant-Id": "dbb46701285c1a2e24a0bf92f00501e5",
    "X-Timestamp": "1774996432",
    "X-Nonce": "0bcb5b2b93fc81e4673ea9ed2a2b3f43",
    "X-Sign": "a18861b5...",
    "Accept": "application/json"
  },
  "body": null,
  "params": {
    "expand": "images",
    "page": 28
  }
}
================================================================================

{
  "timestamp": "2026-03-31T22:33:52.877Z",
  "type": "request",
  "endpoint": "GET /games",
  "fullUrl": "https://staging.slotegrator.com/api/index.php/v1/games?expand=images&page=29",
  "headers": {
    "X-Merchant-Id": "dbb46701285c1a2e24a0bf92f00501e5",
    "X-Timestamp": "1774996432",
    "X-Nonce": "9c88ccdfe64e0aebf10326127caf7b98",
    "X-Sign": "e517c898...",
    "Accept": "application/json"
  },
  "body": null,
  "params": {
    "expand": "images",
    "page": 29
  }
}
================================================================================

{
  "timestamp": "2026-03-31T22:33:53.454Z",
  "type": "request",
  "endpoint": "GET /games",
  "fullUrl": "https://staging.slotegrator.com/api/index.php/v1/games?expand=images&page=30",
  "headers": {
    "X-Merchant-Id": "dbb46701285c1a2e24a0bf92f00501e5",
    "X-Timestamp": "1774996433",
    "X-Nonce": "d23ce6293b978a909136799630f89ce4",
    "X-Sign": "974a986d...",
    "Accept": "application/json"
  },
  "body": null,
  "params": {
    "expand": "images",
    "page": 30
  }
}
================================================================================

{
  "timestamp": "2026-03-31T22:33:53.974Z",
  "type": "request",
  "endpoint": "GET /games",
  "fullUrl": "https://staging.slotegrator.com/api/index.php/v1/games?expand=images&page=31",
  "headers": {
    "X-Merchant-Id": "dbb46701285c1a2e24a0bf92f00501e5",
    "X-Timestamp": "1774996433",
    "X-Nonce": "bc8fa40ce0bdd85bf3272b68296eb7b7",
    "X-Sign": "44b0f951...",
    "Accept": "application/json"
  },
  "body": null,
  "params": {
    "expand": "images",
    "page": 31
  }
}
================================================================================

{
  "timestamp": "2026-03-31T22:33:54.452Z",
  "type": "request",
  "endpoint": "GET /games",
  "fullUrl": "https://staging.slotegrator.com/api/index.php/v1/games?expand=images&page=32",
  "headers": {
    "X-Merchant-Id": "dbb46701285c1a2e24a0bf92f00501e5",
    "X-Timestamp": "1774996434",
    "X-Nonce": "b4bc81a4d100ef2136a8af0371e4219a",
    "X-Sign": "5ccc98ee...",
    "Accept": "application/json"
  },
  "body": null,
  "params": {
    "expand": "images",
    "page": 32
  }
}
================================================================================

{
  "timestamp": "2026-03-31T22:33:55.008Z",
  "type": "request",
  "endpoint": "GET /games",
  "fullUrl": "https://staging.slotegrator.com/api/index.php/v1/games?expand=images&page=33",
  "headers": {
    "X-Merchant-Id": "dbb46701285c1a2e24a0bf92f00501e5",
    "X-Timestamp": "1774996435",
    "X-Nonce": "653d853f25ecaf06d92b9d75a9f83cc6",
    "X-Sign": "546fb20c...",
    "Accept": "application/json"
  },
  "body": null,
  "params": {
    "expand": "images",
    "page": 33
  }
}
================================================================================

{
  "timestamp": "2026-03-31T22:33:55.042Z",
  "type": "request",
  "endpoint": "GET /games",
  "fullUrl": "https://staging.slotegrator.com/api/index.php/v1/games?expand=images",
  "headers": {
    "X-Merchant-Id": "dbb46701285c1a2e24a0bf92f00501e5",
    "X-Timestamp": "1774996435",
    "X-Nonce": "617c10a26e4d9feec1bd102239c6283d",
    "X-Sign": "f6de245d...",
    "Accept": "application/json"
  },
  "body": null,
  "params": {
    "expand": "images"
  }
}
================================================================================

{
  "timestamp": "2026-03-31T22:33:55.569Z",
  "type": "request",
  "endpoint": "GET /games",
  "fullUrl": "https://staging.slotegrator.com/api/index.php/v1/games?expand=images&page=34",
  "headers": {
    "X-Merchant-Id": "dbb46701285c1a2e24a0bf92f00501e5",
    "X-Timestamp": "1774996435",
    "X-Nonce": "71b0c1d65d94d9885c56b40e3c0ce742",
    "X-Sign": "4c130c00...",
    "Accept": "application/json"
  },
  "body": null,
  "params": {
    "expand": "images",
    "page": 34
  }
}
================================================================================

{
  "timestamp": "2026-03-31T22:33:55.802Z",
  "type": "request",
  "endpoint": "GET /games",
  "fullUrl": "https://staging.slotegrator.com/api/index.php/v1/games?expand=images&page=2",
  "headers": {
    "X-Merchant-Id": "dbb46701285c1a2e24a0bf92f00501e5",
    "X-Timestamp": "1774996435",
    "X-Nonce": "f9c1b81f5a900087e38841a599128634",
    "X-Sign": "e53b799e...",
    "Accept": "application/json"
  },
  "body": null,
  "params": {
    "expand": "images",
    "page": 2
  }
}
================================================================================

{
  "timestamp": "2026-03-31T22:33:56.103Z",
  "type": "request",
  "endpoint": "GET /games",
  "fullUrl": "https://staging.slotegrator.com/api/index.php/v1/games?expand=images&page=35",
  "headers": {
    "X-Merchant-Id": "dbb46701285c1a2e24a0bf92f00501e5",
    "X-Timestamp": "1774996436",
    "X-Nonce": "447661856ea3c8119cf5fb4871f53e55",
    "X-Sign": "753a38a0...",
    "Accept": "application/json"
  },
  "body": null,
  "params": {
    "expand": "images",
    "page": 35
  }
}
================================================================================

{
  "timestamp": "2026-03-31T22:33:56.335Z",
  "type": "request",
  "endpoint": "GET /games",
  "fullUrl": "https://staging.slotegrator.com/api/index.php/v1/games?expand=images&page=3",
  "headers": {
    "X-Merchant-Id": "dbb46701285c1a2e24a0bf92f00501e5",
    "X-Timestamp": "1774996436",
    "X-Nonce": "3808f466d2192b76af52cee2c826ec58",
    "X-Sign": "5dd5a785...",
    "Accept": "application/json"
  },
  "body": null,
  "params": {
    "expand": "images",
    "page": 3
  }
}
================================================================================

{
  "timestamp": "2026-03-31T22:33:56.618Z",
  "type": "request",
  "endpoint": "GET /games",
  "fullUrl": "https://staging.slotegrator.com/api/index.php/v1/games?expand=images&page=36",
  "headers": {
    "X-Merchant-Id": "dbb46701285c1a2e24a0bf92f00501e5",
    "X-Timestamp": "1774996436",
    "X-Nonce": "bb13b477fa72b3028e34ae7fc30e926d",
    "X-Sign": "62bc2090...",
    "Accept": "application/json"
  },
  "body": null,
  "params": {
    "expand": "images",
    "page": 36
  }
}
================================================================================

{
  "timestamp": "2026-03-31T22:33:56.886Z",
  "type": "request",
  "endpoint": "GET /games",
  "fullUrl": "https://staging.slotegrator.com/api/index.php/v1/games?expand=images&page=4",
  "headers": {
    "X-Merchant-Id": "dbb46701285c1a2e24a0bf92f00501e5",
    "X-Timestamp": "1774996436",
    "X-Nonce": "7408912ab652e860bc7ea191c4a4d5c0",
    "X-Sign": "2471c9d3...",
    "Accept": "application/json"
  },
  "body": null,
  "params": {
    "expand": "images",
    "page": 4
  }
}
================================================================================

{
  "timestamp": "2026-03-31T22:33:57.169Z",
  "type": "request",
  "endpoint": "GET /games",
  "fullUrl": "https://staging.slotegrator.com/api/index.php/v1/games?expand=images&page=37",
  "headers": {
    "X-Merchant-Id": "dbb46701285c1a2e24a0bf92f00501e5",
    "X-Timestamp": "1774996437",
    "X-Nonce": "67f44297fe211453fd42c9b5fb3b44d1",
    "X-Sign": "554b9645...",
    "Accept": "application/json"
  },
  "body": null,
  "params": {
    "expand": "images",
    "page": 37
  }
}
================================================================================

{
  "timestamp": "2026-03-31T22:33:57.456Z",
  "type": "request",
  "endpoint": "GET /games",
  "fullUrl": "https://staging.slotegrator.com/api/index.php/v1/games?expand=images&page=5",
  "headers": {
    "X-Merchant-Id": "dbb46701285c1a2e24a0bf92f00501e5",
    "X-Timestamp": "1774996437",
    "X-Nonce": "5d08b3aa167b505456d1f7d82a4a241f",
    "X-Sign": "f68705c0...",
    "Accept": "application/json"
  },
  "body": null,
  "params": {
    "expand": "images",
    "page": 5
  }
}
================================================================================

{
  "timestamp": "2026-03-31T22:33:57.703Z",
  "type": "request",
  "endpoint": "GET /games",
  "fullUrl": "https://staging.slotegrator.com/api/index.php/v1/games?expand=images&page=38",
  "headers": {
    "X-Merchant-Id": "dbb46701285c1a2e24a0bf92f00501e5",
    "X-Timestamp": "1774996437",
    "X-Nonce": "2b0ddf81495c6e4a2f5622584b95a36c",
    "X-Sign": "1fa113ce...",
    "Accept": "application/json"
  },
  "body": null,
  "params": {
    "expand": "images",
    "page": 38
  }
}
================================================================================

{
  "timestamp": "2026-03-31T22:33:58.018Z",
  "type": "request",
  "endpoint": "GET /games",
  "fullUrl": "https://staging.slotegrator.com/api/index.php/v1/games?expand=images&page=6",
  "headers": {
    "X-Merchant-Id": "dbb46701285c1a2e24a0bf92f00501e5",
    "X-Timestamp": "1774996438",
    "X-Nonce": "6007e922e1a0689c4cdfa586449a5b17",
    "X-Sign": "8e041d8b...",
    "Accept": "application/json"
  },
  "body": null,
  "params": {
    "expand": "images",
    "page": 6
  }
}
================================================================================

{
  "timestamp": "2026-03-31T22:33:58.277Z",
  "type": "request",
  "endpoint": "GET /games",
  "fullUrl": "https://staging.slotegrator.com/api/index.php/v1/games?expand=images&page=39",
  "headers": {
    "X-Merchant-Id": "dbb46701285c1a2e24a0bf92f00501e5",
    "X-Timestamp": "1774996438",
    "X-Nonce": "2e5efa77a8b0d3b14b8e2331dc3bdb1b",
    "X-Sign": "eb73ae6f...",
    "Accept": "application/json"
  },
  "body": null,
  "params": {
    "expand": "images",
    "page": 39
  }
}
================================================================================

{
  "timestamp": "2026-03-31T22:33:58.544Z",
  "type": "request",
  "endpoint": "GET /games",
  "fullUrl": "https://staging.slotegrator.com/api/index.php/v1/games?expand=images&page=7",
  "headers": {
    "X-Merchant-Id": "dbb46701285c1a2e24a0bf92f00501e5",
    "X-Timestamp": "1774996438",
    "X-Nonce": "44a8c14ecc5f69a7e643c26c43b3fd4f",
    "X-Sign": "1f0a8e25...",
    "Accept": "application/json"
  },
  "body": null,
  "params": {
    "expand": "images",
    "page": 7
  }
}
================================================================================

{
  "timestamp": "2026-03-31T22:33:58.819Z",
  "type": "request",
  "endpoint": "GET /games",
  "fullUrl": "https://staging.slotegrator.com/api/index.php/v1/games?expand=images&page=40",
  "headers": {
    "X-Merchant-Id": "dbb46701285c1a2e24a0bf92f00501e5",
    "X-Timestamp": "1774996438",
    "X-Nonce": "8e03c3f57e9785fe4051967b939beccc",
    "X-Sign": "ce7ca326...",
    "Accept": "application/json"
  },
  "body": null,
  "params": {
    "expand": "images",
    "page": 40
  }
}
================================================================================

{
  "timestamp": "2026-03-31T22:33:59.067Z",
  "type": "request",
  "endpoint": "GET /games",
  "fullUrl": "https://staging.slotegrator.com/api/index.php/v1/games?expand=images&page=8",
  "headers": {
    "X-Merchant-Id": "dbb46701285c1a2e24a0bf92f00501e5",
    "X-Timestamp": "1774996439",
    "X-Nonce": "ba1e1b53339a6fdfbe2e54c14e99627f",
    "X-Sign": "4bdb84ff...",
    "Accept": "application/json"
  },
  "body": null,
  "params": {
    "expand": "images",
    "page": 8
  }
}
================================================================================

{
  "timestamp": "2026-03-31T22:33:59.356Z",
  "type": "request",
  "endpoint": "GET /limits",
  "fullUrl": "https://staging.slotegrator.com/api/index.php/v1/limits",
  "headers": {
    "X-Merchant-Id": "dbb46701285c1a2e24a0bf92f00501e5",
    "X-Timestamp": "1774996439",
    "X-Nonce": "cab88b1014bf99a02b22fc1444825182",
    "X-Sign": "b509f590...",
    "Accept": "application/json"
  },
  "body": null,
  "params": null
}
================================================================================

{
  "timestamp": "2026-03-31T22:33:59.853Z",
  "type": "request",
  "endpoint": "GET /games",
  "fullUrl": "https://staging.slotegrator.com/api/index.php/v1/games?expand=images&page=9",
  "headers": {
    "X-Merchant-Id": "dbb46701285c1a2e24a0bf92f00501e5",
    "X-Timestamp": "1774996439",
    "X-Nonce": "c6c7ffb38f0154052424dfd522fc640e",
    "X-Sign": "396d5601...",
    "Accept": "application/json"
  },
  "body": null,
  "params": {
    "expand": "images",
    "page": 9
  }
}
================================================================================

{
  "timestamp": "2026-03-31T22:34:01.534Z",
  "type": "request",
  "endpoint": "GET /games",
  "fullUrl": "https://staging.slotegrator.com/api/index.php/v1/games?expand=images&page=10",
  "headers": {
    "X-Merchant-Id": "dbb46701285c1a2e24a0bf92f00501e5",
    "X-Timestamp": "1774996441",
    "X-Nonce": "8e9591f1d5be4c1505127a367b4f0d65",
    "X-Sign": "214cc8f9...",
    "Accept": "application/json"
  },
  "body": null,
  "params": {
    "expand": "images",
    "page": 10
  }
}
================================================================================

{
  "timestamp": "2026-03-31T22:34:02.243Z",
  "type": "request",
  "endpoint": "GET /games",
  "fullUrl": "https://staging.slotegrator.com/api/index.php/v1/games?expand=images&page=11",
  "headers": {
    "X-Merchant-Id": "dbb46701285c1a2e24a0bf92f00501e5",
    "X-Timestamp": "1774996442",
    "X-Nonce": "715e4d8b16b7aabb702f771e6262d13e",
    "X-Sign": "e196c5d9...",
    "Accept": "application/json"
  },
  "body": null,
  "params": {
    "expand": "images",
    "page": 11
  }
}
================================================================================

{
  "timestamp": "2026-03-31T22:34:02.816Z",
  "type": "request",
  "endpoint": "GET /games",
  "fullUrl": "https://staging.slotegrator.com/api/index.php/v1/games?expand=images&page=12",
  "headers": {
    "X-Merchant-Id": "dbb46701285c1a2e24a0bf92f00501e5",
    "X-Timestamp": "1774996442",
    "X-Nonce": "4be5ec9f43ddac4711e4a924c1730850",
    "X-Sign": "69d3e6ca...",
    "Accept": "application/json"
  },
  "body": null,
  "params": {
    "expand": "images",
    "page": 12
  }
}
================================================================================

{
  "timestamp": "2026-03-31T22:34:03.414Z",
  "type": "request",
  "endpoint": "GET /games",
  "fullUrl": "https://staging.slotegrator.com/api/index.php/v1/games?expand=images&page=13",
  "headers": {
    "X-Merchant-Id": "dbb46701285c1a2e24a0bf92f00501e5",
    "X-Timestamp": "1774996443",
    "X-Nonce": "6d6094509b0c2e9b04399a2326186b8a",
    "X-Sign": "1afd32ff...",
    "Accept": "application/json"
  },
  "body": null,
  "params": {
    "expand": "images",
    "page": 13
  }
}
================================================================================

{
  "timestamp": "2026-03-31T22:34:04.069Z",
  "type": "request",
  "endpoint": "GET /games",
  "fullUrl": "https://staging.slotegrator.com/api/index.php/v1/games?expand=images&page=14",
  "headers": {
    "X-Merchant-Id": "dbb46701285c1a2e24a0bf92f00501e5",
    "X-Timestamp": "1774996444",
    "X-Nonce": "6e8e0a354c6a06ff9400300a66b48b17",
    "X-Sign": "55062afc...",
    "Accept": "application/json"
  },
  "body": null,
  "params": {
    "expand": "images",
    "page": 14
  }
}
================================================================================

{
  "timestamp": "2026-03-31T22:34:04.616Z",
  "type": "request",
  "endpoint": "GET /games",
  "fullUrl": "https://staging.slotegrator.com/api/index.php/v1/games?expand=images&page=15",
  "headers": {
    "X-Merchant-Id": "dbb46701285c1a2e24a0bf92f00501e5",
    "X-Timestamp": "1774996444",
    "X-Nonce": "3c8e8c9e83ca02135d4cac7bf9e70380",
    "X-Sign": "87efe138...",
    "Accept": "application/json"
  },
  "body": null,
  "params": {
    "expand": "images",
    "page": 15
  }
}
================================================================================

{
  "timestamp": "2026-03-31T22:34:05.236Z",
  "type": "request",
  "endpoint": "GET /games",
  "fullUrl": "https://staging.slotegrator.com/api/index.php/v1/games?expand=images&page=16",
  "headers": {
    "X-Merchant-Id": "dbb46701285c1a2e24a0bf92f00501e5",
    "X-Timestamp": "1774996445",
    "X-Nonce": "331e5e67199d1e21743df82c157d6706",
    "X-Sign": "8c3d1c9f...",
    "Accept": "application/json"
  },
  "body": null,
  "params": {
    "expand": "images",
    "page": 16
  }
}
================================================================================

{
  "timestamp": "2026-03-31T22:34:05.873Z",
  "type": "request",
  "endpoint": "GET /games",
  "fullUrl": "https://staging.slotegrator.com/api/index.php/v1/games?expand=images&page=17",
  "headers": {
    "X-Merchant-Id": "dbb46701285c1a2e24a0bf92f00501e5",
    "X-Timestamp": "1774996445",
    "X-Nonce": "b9706b5760779a7664ef9079b7b21327",
    "X-Sign": "14c8bc92...",
    "Accept": "application/json"
  },
  "body": null,
  "params": {
    "expand": "images",
    "page": 17
  }
}
================================================================================

{
  "timestamp": "2026-03-31T22:34:06.454Z",
  "type": "request",
  "endpoint": "GET /games",
  "fullUrl": "https://staging.slotegrator.com/api/index.php/v1/games?expand=images&page=18",
  "headers": {
    "X-Merchant-Id": "dbb46701285c1a2e24a0bf92f00501e5",
    "X-Timestamp": "1774996446",
    "X-Nonce": "dbc1bd1c55b5c72d5a6b28799e9b1e14",
    "X-Sign": "d76c5066...",
    "Accept": "application/json"
  },
  "body": null,
  "params": {
    "expand": "images",
    "page": 18
  }
}
================================================================================

{
  "timestamp": "2026-03-31T22:34:07.002Z",
  "type": "request",
  "endpoint": "GET /games",
  "fullUrl": "https://staging.slotegrator.com/api/index.php/v1/games?expand=images&page=19",
  "headers": {
    "X-Merchant-Id": "dbb46701285c1a2e24a0bf92f00501e5",
    "X-Timestamp": "1774996447",
    "X-Nonce": "8c1643ef68ff9bf1194b14fdb8c87834",
    "X-Sign": "51ea07e3...",
    "Accept": "application/json"
  },
  "body": null,
  "params": {
    "expand": "images",
    "page": 19
  }
}
================================================================================

{
  "timestamp": "2026-03-31T22:34:07.498Z",
  "type": "request",
  "endpoint": "GET /games",
  "fullUrl": "https://staging.slotegrator.com/api/index.php/v1/games?expand=images&page=20",
  "headers": {
    "X-Merchant-Id": "dbb46701285c1a2e24a0bf92f00501e5",
    "X-Timestamp": "1774996447",
    "X-Nonce": "bffb0c28ff98e0c5fdf779fbbfc3f0cd",
    "X-Sign": "02c20252...",
    "Accept": "application/json"
  },
  "body": null,
  "params": {
    "expand": "images",
    "page": 20
  }
}
================================================================================

{
  "timestamp": "2026-03-31T22:34:08.021Z",
  "type": "request",
  "endpoint": "GET /games",
  "fullUrl": "https://staging.slotegrator.com/api/index.php/v1/games?expand=images&page=21",
  "headers": {
    "X-Merchant-Id": "dbb46701285c1a2e24a0bf92f00501e5",
    "X-Timestamp": "1774996448",
    "X-Nonce": "882f95e3d289ca363a810c7669174762",
    "X-Sign": "2a697f22...",
    "Accept": "application/json"
  },
  "body": null,
  "params": {
    "expand": "images",
    "page": 21
  }
}
================================================================================

{
  "timestamp": "2026-03-31T22:34:08.641Z",
  "type": "request",
  "endpoint": "GET /games",
  "fullUrl": "https://staging.slotegrator.com/api/index.php/v1/games?expand=images&page=22",
  "headers": {
    "X-Merchant-Id": "dbb46701285c1a2e24a0bf92f00501e5",
    "X-Timestamp": "1774996448",
    "X-Nonce": "6d3c4c444a2db3bd76e9e2a553eb3d5f",
    "X-Sign": "b48fb0ff...",
    "Accept": "application/json"
  },
  "body": null,
  "params": {
    "expand": "images",
    "page": 22
  }
}
================================================================================

{
  "timestamp": "2026-03-31T22:34:09.168Z",
  "type": "request",
  "endpoint": "GET /games",
  "fullUrl": "https://staging.slotegrator.com/api/index.php/v1/games?expand=images&page=23",
  "headers": {
    "X-Merchant-Id": "dbb46701285c1a2e24a0bf92f00501e5",
    "X-Timestamp": "1774996449",
    "X-Nonce": "c66fc9dfb4657c45d14ad26590f4a4be",
    "X-Sign": "0b29d5ff...",
    "Accept": "application/json"
  },
  "body": null,
  "params": {
    "expand": "images",
    "page": 23
  }
}
================================================================================

{
  "timestamp": "2026-03-31T22:34:09.705Z",
  "type": "request",
  "endpoint": "GET /games",
  "fullUrl": "https://staging.slotegrator.com/api/index.php/v1/games?expand=images&page=24",
  "headers": {
    "X-Merchant-Id": "dbb46701285c1a2e24a0bf92f00501e5",
    "X-Timestamp": "1774996449",
    "X-Nonce": "3c39ba6168edd456f4cde43a5114e588",
    "X-Sign": "62d9babb...",
    "Accept": "application/json"
  },
  "body": null,
  "params": {
    "expand": "images",
    "page": 24
  }
}
================================================================================

{
  "timestamp": "2026-03-31T22:34:10.224Z",
  "type": "request",
  "endpoint": "GET /games",
  "fullUrl": "https://staging.slotegrator.com/api/index.php/v1/games?expand=images&page=25",
  "headers": {
    "X-Merchant-Id": "dbb46701285c1a2e24a0bf92f00501e5",
    "X-Timestamp": "1774996450",
    "X-Nonce": "b1f78131405c14a8e03c6ab573378773",
    "X-Sign": "47a47775...",
    "Accept": "application/json"
  },
  "body": null,
  "params": {
    "expand": "images",
    "page": 25
  }
}
================================================================================

{
  "timestamp": "2026-03-31T22:34:10.729Z",
  "type": "request",
  "endpoint": "GET /games",
  "fullUrl": "https://staging.slotegrator.com/api/index.php/v1/games?expand=images&page=26",
  "headers": {
    "X-Merchant-Id": "dbb46701285c1a2e24a0bf92f00501e5",
    "X-Timestamp": "1774996450",
    "X-Nonce": "ef67677f3e03f3e1bbf30b4524c01a7f",
    "X-Sign": "11201a32...",
    "Accept": "application/json"
  },
  "body": null,
  "params": {
    "expand": "images",
    "page": 26
  }
}
================================================================================

{
  "timestamp": "2026-03-31T22:34:11.273Z",
  "type": "request",
  "endpoint": "GET /games",
  "fullUrl": "https://staging.slotegrator.com/api/index.php/v1/games?expand=images&page=27",
  "headers": {
    "X-Merchant-Id": "dbb46701285c1a2e24a0bf92f00501e5",
    "X-Timestamp": "1774996451",
    "X-Nonce": "7b24f2e262c974339b591f7ca92b9c6e",
    "X-Sign": "04efbf5a...",
    "Accept": "application/json"
  },
  "body": null,
  "params": {
    "expand": "images",
    "page": 27
  }
}
================================================================================

{
  "timestamp": "2026-03-31T22:34:11.766Z",
  "type": "request",
  "endpoint": "GET /games",
  "fullUrl": "https://staging.slotegrator.com/api/index.php/v1/games?expand=images&page=28",
  "headers": {
    "X-Merchant-Id": "dbb46701285c1a2e24a0bf92f00501e5",
    "X-Timestamp": "1774996451",
    "X-Nonce": "1d936805336c3af340192857830e312c",
    "X-Sign": "955df223...",
    "Accept": "application/json"
  },
  "body": null,
  "params": {
    "expand": "images",
    "page": 28
  }
}
================================================================================

{
  "timestamp": "2026-03-31T22:34:12.437Z",
  "type": "request",
  "endpoint": "GET /games",
  "fullUrl": "https://staging.slotegrator.com/api/index.php/v1/games?expand=images&page=29",
  "headers": {
    "X-Merchant-Id": "dbb46701285c1a2e24a0bf92f00501e5",
    "X-Timestamp": "1774996452",
    "X-Nonce": "d711085baec1803cd16601e1233f691a",
    "X-Sign": "8df635cf...",
    "Accept": "application/json"
  },
  "body": null,
  "params": {
    "expand": "images",
    "page": 29
  }
}
================================================================================

{
  "timestamp": "2026-03-31T22:34:12.956Z",
  "type": "request",
  "endpoint": "GET /games",
  "fullUrl": "https://staging.slotegrator.com/api/index.php/v1/games?expand=images&page=30",
  "headers": {
    "X-Merchant-Id": "dbb46701285c1a2e24a0bf92f00501e5",
    "X-Timestamp": "1774996452",
    "X-Nonce": "e4a62f699da0f8f0f4952719e73dfd96",
    "X-Sign": "6d846208...",
    "Accept": "application/json"
  },
  "body": null,
  "params": {
    "expand": "images",
    "page": 30
  }
}
================================================================================

{
  "timestamp": "2026-03-31T22:34:13.163Z",
  "type": "request",
  "endpoint": "GET /limits",
  "fullUrl": "https://staging.slotegrator.com/api/index.php/v1/limits",
  "headers": {
    "X-Merchant-Id": "dbb46701285c1a2e24a0bf92f00501e5",
    "X-Timestamp": "1774996453",
    "X-Nonce": "132a417c1088698bdd78657e662bccaa",
    "X-Sign": "936f6523...",
    "Accept": "application/json"
  },
  "body": null,
  "params": null
}
================================================================================

{
  "timestamp": "2026-03-31T22:34:13.536Z",
  "type": "request",
  "endpoint": "GET /games",
  "fullUrl": "https://staging.slotegrator.com/api/index.php/v1/games?expand=images&page=31",
  "headers": {
    "X-Merchant-Id": "dbb46701285c1a2e24a0bf92f00501e5",
    "X-Timestamp": "1774996453",
    "X-Nonce": "ffbcdfc1478514b3d949c2b4f2f73e38",
    "X-Sign": "96574860...",
    "Accept": "application/json"
  },
  "body": null,
  "params": {
    "expand": "images",
    "page": 31
  }
}
================================================================================

{
  "timestamp": "2026-03-31T22:34:13.547Z",
  "type": "request",
  "endpoint": "GET /games",
  "fullUrl": "https://staging.slotegrator.com/api/index.php/v1/games",
  "headers": {
    "X-Merchant-Id": "dbb46701285c1a2e24a0bf92f00501e5",
    "X-Timestamp": "1774996453",
    "X-Nonce": "02857614ba745e4e4dc82828cc83145d",
    "X-Sign": "5d2c0d3a...",
    "Accept": "application/json"
  },
  "body": null,
  "params": null
}
================================================================================

{
  "timestamp": "2026-03-31T22:34:13.552Z",
  "type": "request",
  "endpoint": "GET /games",
  "fullUrl": "https://staging.slotegrator.com/api/index.php/v1/games",
  "headers": {
    "X-Merchant-Id": "dbb46701285c1a2e24a0bf92f00501e5",
    "X-Timestamp": "1774996453",
    "X-Nonce": "3aa57aa3e906e0626a122359a819ee0b",
    "X-Sign": "aeda696a...",
    "Accept": "application/json"
  },
  "body": null,
  "params": null
}
================================================================================

{
  "timestamp": "2026-03-31T22:34:14.100Z",
  "type": "request",
  "endpoint": "GET /games",
  "fullUrl": "https://staging.slotegrator.com/api/index.php/v1/games?page=2",
  "headers": {
    "X-Merchant-Id": "dbb46701285c1a2e24a0bf92f00501e5",
    "X-Timestamp": "1774996454",
    "X-Nonce": "a7c4a1e5bac05445025de5118ecfd7c3",
    "X-Sign": "c6569971...",
    "Accept": "application/json"
  },
  "body": null,
  "params": {
    "page": 2
  }
}
================================================================================

{
  "timestamp": "2026-03-31T22:34:14.121Z",
  "type": "request",
  "endpoint": "GET /games",
  "fullUrl": "https://staging.slotegrator.com/api/index.php/v1/games?page=2",
  "headers": {
    "X-Merchant-Id": "dbb46701285c1a2e24a0bf92f00501e5",
    "X-Timestamp": "1774996454",
    "X-Nonce": "ef0bc0458bcae1f414b89b9b3e872f82",
    "X-Sign": "0acd3ee3...",
    "Accept": "application/json"
  },
  "body": null,
  "params": {
    "page": 2
  }
}
================================================================================

{
  "timestamp": "2026-03-31T22:34:14.235Z",
  "type": "request",
  "endpoint": "GET /games",
  "fullUrl": "https://staging.slotegrator.com/api/index.php/v1/games?expand=images&page=32",
  "headers": {
    "X-Merchant-Id": "dbb46701285c1a2e24a0bf92f00501e5",
    "X-Timestamp": "1774996454",
    "X-Nonce": "d8835986ab05188074a703f67bd4d57a",
    "X-Sign": "53984cc4...",
    "Accept": "application/json"
  },
  "body": null,
  "params": {
    "expand": "images",
    "page": 32
  }
}
================================================================================

{
  "timestamp": "2026-03-31T22:34:14.652Z",
  "type": "request",
  "endpoint": "GET /games",
  "fullUrl": "https://staging.slotegrator.com/api/index.php/v1/games?page=3",
  "headers": {
    "X-Merchant-Id": "dbb46701285c1a2e24a0bf92f00501e5",
    "X-Timestamp": "1774996454",
    "X-Nonce": "003efd55c05c99471ac5c150d3f3efcf",
    "X-Sign": "45aa9f20...",
    "Accept": "application/json"
  },
  "body": null,
  "params": {
    "page": 3
  }
}
================================================================================

{
  "timestamp": "2026-03-31T22:34:14.735Z",
  "type": "request",
  "endpoint": "GET /games",
  "fullUrl": "https://staging.slotegrator.com/api/index.php/v1/games?page=3",
  "headers": {
    "X-Merchant-Id": "dbb46701285c1a2e24a0bf92f00501e5",
    "X-Timestamp": "1774996454",
    "X-Nonce": "4f03d06a8dabf1f75b20f06ed685def9",
    "X-Sign": "2aa27cc6...",
    "Accept": "application/json"
  },
  "body": null,
  "params": {
    "page": 3
  }
}
================================================================================

{
  "timestamp": "2026-03-31T22:34:14.802Z",
  "type": "request",
  "endpoint": "GET /games",
  "fullUrl": "https://staging.slotegrator.com/api/index.php/v1/games?expand=images&page=33",
  "headers": {
    "X-Merchant-Id": "dbb46701285c1a2e24a0bf92f00501e5",
    "X-Timestamp": "1774996454",
    "X-Nonce": "004c0d4011e8777d74846ab418ebd72b",
    "X-Sign": "ab9bf78f...",
    "Accept": "application/json"
  },
  "body": null,
  "params": {
    "expand": "images",
    "page": 33
  }
}
================================================================================

{
  "timestamp": "2026-03-31T22:34:15.231Z",
  "type": "request",
  "endpoint": "GET /games",
  "fullUrl": "https://staging.slotegrator.com/api/index.php/v1/games?page=4",
  "headers": {
    "X-Merchant-Id": "dbb46701285c1a2e24a0bf92f00501e5",
    "X-Timestamp": "1774996455",
    "X-Nonce": "4e8938e652c8eb511ec8983800f19322",
    "X-Sign": "4ebb0b8b...",
    "Accept": "application/json"
  },
  "body": null,
  "params": {
    "page": 4
  }
}
================================================================================

{
  "timestamp": "2026-03-31T22:34:15.304Z",
  "type": "request",
  "endpoint": "GET /games",
  "fullUrl": "https://staging.slotegrator.com/api/index.php/v1/games?page=4",
  "headers": {
    "X-Merchant-Id": "dbb46701285c1a2e24a0bf92f00501e5",
    "X-Timestamp": "1774996455",
    "X-Nonce": "6cb99f8c75e024a934724d1ed696774a",
    "X-Sign": "d527d75d...",
    "Accept": "application/json"
  },
  "body": null,
  "params": {
    "page": 4
  }
}
================================================================================

{
  "timestamp": "2026-03-31T22:34:15.386Z",
  "type": "request",
  "endpoint": "GET /games",
  "fullUrl": "https://staging.slotegrator.com/api/index.php/v1/games?expand=images&page=34",
  "headers": {
    "X-Merchant-Id": "dbb46701285c1a2e24a0bf92f00501e5",
    "X-Timestamp": "1774996455",
    "X-Nonce": "599496366636434b459b24a0fcc622b2",
    "X-Sign": "47d309d1...",
    "Accept": "application/json"
  },
  "body": null,
  "params": {
    "expand": "images",
    "page": 34
  }
}
================================================================================

{
  "timestamp": "2026-03-31T22:34:15.819Z",
  "type": "request",
  "endpoint": "GET /games",
  "fullUrl": "https://staging.slotegrator.com/api/index.php/v1/games?page=5",
  "headers": {
    "X-Merchant-Id": "dbb46701285c1a2e24a0bf92f00501e5",
    "X-Timestamp": "1774996455",
    "X-Nonce": "f1246e6b8c5cdf30f58638ebf76bb2b8",
    "X-Sign": "cea62d3c...",
    "Accept": "application/json"
  },
  "body": null,
  "params": {
    "page": 5
  }
}
================================================================================

{
  "timestamp": "2026-03-31T22:34:15.910Z",
  "type": "request",
  "endpoint": "GET /games",
  "fullUrl": "https://staging.slotegrator.com/api/index.php/v1/games?page=5",
  "headers": {
    "X-Merchant-Id": "dbb46701285c1a2e24a0bf92f00501e5",
    "X-Timestamp": "1774996455",
    "X-Nonce": "113a8028ef9f84d818cd147c138c9184",
    "X-Sign": "25181853...",
    "Accept": "application/json"
  },
  "body": null,
  "params": {
    "page": 5
  }
}
================================================================================

{
  "timestamp": "2026-03-31T22:34:16.025Z",
  "type": "request",
  "endpoint": "GET /games",
  "fullUrl": "https://staging.slotegrator.com/api/index.php/v1/games?expand=images&page=35",
  "headers": {
    "X-Merchant-Id": "dbb46701285c1a2e24a0bf92f00501e5",
    "X-Timestamp": "1774996456",
    "X-Nonce": "c8fc524ff46adcab82243e12f37cc6d6",
    "X-Sign": "7c02a3f8...",
    "Accept": "application/json"
  },
  "body": null,
  "params": {
    "expand": "images",
    "page": 35
  }
}
================================================================================

{
  "timestamp": "2026-03-31T22:34:16.327Z",
  "type": "request",
  "endpoint": "GET /games",
  "fullUrl": "https://staging.slotegrator.com/api/index.php/v1/games",
  "headers": {
    "X-Merchant-Id": "dbb46701285c1a2e24a0bf92f00501e5",
    "X-Timestamp": "1774996456",
    "X-Nonce": "d329d592ee585a11b270b7d649a968a4",
    "X-Sign": "f22cc200...",
    "Accept": "application/json"
  },
  "body": null,
  "params": null
}
================================================================================

{
  "timestamp": "2026-03-31T22:34:16.420Z",
  "type": "request",
  "endpoint": "GET /games",
  "fullUrl": "https://staging.slotegrator.com/api/index.php/v1/games",
  "headers": {
    "X-Merchant-Id": "dbb46701285c1a2e24a0bf92f00501e5",
    "X-Timestamp": "1774996456",
    "X-Nonce": "48f8ca62f6c4afdd86261b0730331cd2",
    "X-Sign": "1c32b28b...",
    "Accept": "application/json"
  },
  "body": null,
  "params": null
}
================================================================================

{
  "timestamp": "2026-03-31T22:34:16.600Z",
  "type": "request",
  "endpoint": "GET /games",
  "fullUrl": "https://staging.slotegrator.com/api/index.php/v1/games?expand=images&page=36",
  "headers": {
    "X-Merchant-Id": "dbb46701285c1a2e24a0bf92f00501e5",
    "X-Timestamp": "1774996456",
    "X-Nonce": "19ae4a011fab5159f5d2b4d481535dcf",
    "X-Sign": "53044073...",
    "Accept": "application/json"
  },
  "body": null,
  "params": {
    "expand": "images",
    "page": 36
  }
}
================================================================================

{
  "timestamp": "2026-03-31T22:34:16.869Z",
  "type": "request",
  "endpoint": "GET /games",
  "fullUrl": "https://staging.slotegrator.com/api/index.php/v1/games?page=2",
  "headers": {
    "X-Merchant-Id": "dbb46701285c1a2e24a0bf92f00501e5",
    "X-Timestamp": "1774996456",
    "X-Nonce": "23c31a29ba1b0734593e302027f85850",
    "X-Sign": "1c36e3a4...",
    "Accept": "application/json"
  },
  "body": null,
  "params": {
    "page": 2
  }
}
================================================================================

{
  "timestamp": "2026-03-31T22:34:16.977Z",
  "type": "request",
  "endpoint": "GET /games",
  "fullUrl": "https://staging.slotegrator.com/api/index.php/v1/games?page=2",
  "headers": {
    "X-Merchant-Id": "dbb46701285c1a2e24a0bf92f00501e5",
    "X-Timestamp": "1774996456",
    "X-Nonce": "e4bc2c92861f4d20938467058fd94754",
    "X-Sign": "4a27541b...",
    "Accept": "application/json"
  },
  "body": null,
  "params": {
    "page": 2
  }
}
================================================================================

{
  "timestamp": "2026-03-31T22:34:17.219Z",
  "type": "request",
  "endpoint": "GET /games",
  "fullUrl": "https://staging.slotegrator.com/api/index.php/v1/games?expand=images&page=37",
  "headers": {
    "X-Merchant-Id": "dbb46701285c1a2e24a0bf92f00501e5",
    "X-Timestamp": "1774996457",
    "X-Nonce": "357521743dbd384ebadb12ac55a652fb",
    "X-Sign": "c65c6b51...",
    "Accept": "application/json"
  },
  "body": null,
  "params": {
    "expand": "images",
    "page": 37
  }
}
================================================================================

{
  "timestamp": "2026-03-31T22:34:17.419Z",
  "type": "request",
  "endpoint": "GET /games",
  "fullUrl": "https://staging.slotegrator.com/api/index.php/v1/games?page=3",
  "headers": {
    "X-Merchant-Id": "dbb46701285c1a2e24a0bf92f00501e5",
    "X-Timestamp": "1774996457",
    "X-Nonce": "831715e370c3e49b6d698dbd887504ca",
    "X-Sign": "70cc96eb...",
    "Accept": "application/json"
  },
  "body": null,
  "params": {
    "page": 3
  }
}
================================================================================

{
  "timestamp": "2026-03-31T22:34:17.589Z",
  "type": "request",
  "endpoint": "GET /games",
  "fullUrl": "https://staging.slotegrator.com/api/index.php/v1/games?page=3",
  "headers": {
    "X-Merchant-Id": "dbb46701285c1a2e24a0bf92f00501e5",
    "X-Timestamp": "1774996457",
    "X-Nonce": "08ced91bccdc17aa3b38ecb23aba8031",
    "X-Sign": "eb4ddd53...",
    "Accept": "application/json"
  },
  "body": null,
  "params": {
    "page": 3
  }
}
================================================================================

{
  "timestamp": "2026-03-31T22:34:17.769Z",
  "type": "request",
  "endpoint": "GET /games",
  "fullUrl": "https://staging.slotegrator.com/api/index.php/v1/games?expand=images&page=38",
  "headers": {
    "X-Merchant-Id": "dbb46701285c1a2e24a0bf92f00501e5",
    "X-Timestamp": "1774996457",
    "X-Nonce": "193e9e53bfda96c4f201cb0cf7efa16c",
    "X-Sign": "038826b0...",
    "Accept": "application/json"
  },
  "body": null,
  "params": {
    "expand": "images",
    "page": 38
  }
}
================================================================================

{
  "timestamp": "2026-03-31T22:34:18.002Z",
  "type": "request",
  "endpoint": "GET /games",
  "fullUrl": "https://staging.slotegrator.com/api/index.php/v1/games?page=4",
  "headers": {
    "X-Merchant-Id": "dbb46701285c1a2e24a0bf92f00501e5",
    "X-Timestamp": "1774996458",
    "X-Nonce": "04a1dfb118524779c3d91b9db8a257c3",
    "X-Sign": "ff3433c2...",
    "Accept": "application/json"
  },
  "body": null,
  "params": {
    "page": 4
  }
}
================================================================================

{
  "timestamp": "2026-03-31T22:34:18.185Z",
  "type": "request",
  "endpoint": "GET /games",
  "fullUrl": "https://staging.slotegrator.com/api/index.php/v1/games?page=4",
  "headers": {
    "X-Merchant-Id": "dbb46701285c1a2e24a0bf92f00501e5",
    "X-Timestamp": "1774996458",
    "X-Nonce": "957ab36db47ccbc60e75d3b76908f4b8",
    "X-Sign": "2991a93c...",
    "Accept": "application/json"
  },
  "body": null,
  "params": {
    "page": 4
  }
}
================================================================================

{
  "timestamp": "2026-03-31T22:34:18.371Z",
  "type": "request",
  "endpoint": "GET /games",
  "fullUrl": "https://staging.slotegrator.com/api/index.php/v1/games?expand=images&page=39",
  "headers": {
    "X-Merchant-Id": "dbb46701285c1a2e24a0bf92f00501e5",
    "X-Timestamp": "1774996458",
    "X-Nonce": "14d859924d039cd21a6401e0532999fc",
    "X-Sign": "68a8f0a8...",
    "Accept": "application/json"
  },
  "body": null,
  "params": {
    "expand": "images",
    "page": 39
  }
}
================================================================================

{
  "timestamp": "2026-03-31T22:34:18.552Z",
  "type": "request",
  "endpoint": "GET /games",
  "fullUrl": "https://staging.slotegrator.com/api/index.php/v1/games?page=5",
  "headers": {
    "X-Merchant-Id": "dbb46701285c1a2e24a0bf92f00501e5",
    "X-Timestamp": "1774996458",
    "X-Nonce": "dc90843c58988d8de57ad0f77da6c4a3",
    "X-Sign": "a32f7164...",
    "Accept": "application/json"
  },
  "body": null,
  "params": {
    "page": 5
  }
}
================================================================================

{
  "timestamp": "2026-03-31T22:34:18.752Z",
  "type": "request",
  "endpoint": "GET /games",
  "fullUrl": "https://staging.slotegrator.com/api/index.php/v1/games?page=5",
  "headers": {
    "X-Merchant-Id": "dbb46701285c1a2e24a0bf92f00501e5",
    "X-Timestamp": "1774996458",
    "X-Nonce": "ecafb5f595430d626cb241bc2dfab982",
    "X-Sign": "e85558fc...",
    "Accept": "application/json"
  },
  "body": null,
  "params": {
    "page": 5
  }
}
================================================================================

{
  "timestamp": "2026-03-31T22:34:18.952Z",
  "type": "request",
  "endpoint": "GET /games",
  "fullUrl": "https://staging.slotegrator.com/api/index.php/v1/games?expand=images&page=40",
  "headers": {
    "X-Merchant-Id": "dbb46701285c1a2e24a0bf92f00501e5",
    "X-Timestamp": "1774996458",
    "X-Nonce": "7dce22e8fa239fa04ced5842b88ebd2c",
    "X-Sign": "512a5a26...",
    "Accept": "application/json"
  },
  "body": null,
  "params": {
    "expand": "images",
    "page": 40
  }
}
================================================================================

{
  "timestamp": "2026-03-31T22:34:19.119Z",
  "type": "request",
  "endpoint": "GET /games",
  "fullUrl": "https://staging.slotegrator.com/api/index.php/v1/games?page=6",
  "headers": {
    "X-Merchant-Id": "dbb46701285c1a2e24a0bf92f00501e5",
    "X-Timestamp": "1774996459",
    "X-Nonce": "6023ab8e4643c3e9c80973c80f97c2fb",
    "X-Sign": "de29d8ec...",
    "Accept": "application/json"
  },
  "body": null,
  "params": {
    "page": 6
  }
}
================================================================================

{
  "timestamp": "2026-03-31T22:34:19.353Z",
  "type": "request",
  "endpoint": "GET /games",
  "fullUrl": "https://staging.slotegrator.com/api/index.php/v1/games?page=6",
  "headers": {
    "X-Merchant-Id": "dbb46701285c1a2e24a0bf92f00501e5",
    "X-Timestamp": "1774996459",
    "X-Nonce": "d12035df04e58c405cc96babc430ca5a",
    "X-Sign": "35e300e9...",
    "Accept": "application/json"
  },
  "body": null,
  "params": {
    "page": 6
  }
}
================================================================================

{
  "timestamp": "2026-03-31T22:34:19.474Z",
  "type": "request",
  "endpoint": "GET /limits",
  "fullUrl": "https://staging.slotegrator.com/api/index.php/v1/limits",
  "headers": {
    "X-Merchant-Id": "dbb46701285c1a2e24a0bf92f00501e5",
    "X-Timestamp": "1774996459",
    "X-Nonce": "a6c3c452d9b79f9ad28f2f0f551184be",
    "X-Sign": "f53dd732...",
    "Accept": "application/json"
  },
  "body": null,
  "params": null
}
================================================================================

{
  "timestamp": "2026-03-31T22:34:19.629Z",
  "type": "request",
  "endpoint": "GET /games",
  "fullUrl": "https://staging.slotegrator.com/api/index.php/v1/games?page=7",
  "headers": {
    "X-Merchant-Id": "dbb46701285c1a2e24a0bf92f00501e5",
    "X-Timestamp": "1774996459",
    "X-Nonce": "9cea728c85106f6cec40b28b52e219ed",
    "X-Sign": "72b65865...",
    "Accept": "application/json"
  },
  "body": null,
  "params": {
    "page": 7
  }
}
================================================================================

{
  "timestamp": "2026-03-31T22:34:19.919Z",
  "type": "request",
  "endpoint": "GET /games",
  "fullUrl": "https://staging.slotegrator.com/api/index.php/v1/games?page=7",
  "headers": {
    "X-Merchant-Id": "dbb46701285c1a2e24a0bf92f00501e5",
    "X-Timestamp": "1774996459",
    "X-Nonce": "6725b4dcb40dae8a84c6617bc4e22486",
    "X-Sign": "1dda920b...",
    "Accept": "application/json"
  },
  "body": null,
  "params": {
    "page": 7
  }
}
================================================================================

{
  "timestamp": "2026-03-31T22:34:20.185Z",
  "type": "request",
  "endpoint": "GET /games",
  "fullUrl": "https://staging.slotegrator.com/api/index.php/v1/games?page=8",
  "headers": {
    "X-Merchant-Id": "dbb46701285c1a2e24a0bf92f00501e5",
    "X-Timestamp": "1774996460",
    "X-Nonce": "f3b235cb1464ca07aadfb5a4299d82d9",
    "X-Sign": "e1dc6c7d...",
    "Accept": "application/json"
  },
  "body": null,
  "params": {
    "page": 8
  }
}
================================================================================

{
  "timestamp": "2026-03-31T22:34:20.477Z",
  "type": "request",
  "endpoint": "GET /games",
  "fullUrl": "https://staging.slotegrator.com/api/index.php/v1/games?page=8",
  "headers": {
    "X-Merchant-Id": "dbb46701285c1a2e24a0bf92f00501e5",
    "X-Timestamp": "1774996460",
    "X-Nonce": "2c3dde8e0812786e8bf134ca12db61ef",
    "X-Sign": "226d6a18...",
    "Accept": "application/json"
  },
  "body": null,
  "params": {
    "page": 8
  }
}
================================================================================

{
  "timestamp": "2026-03-31T22:34:20.719Z",
  "type": "request",
  "endpoint": "GET /games",
  "fullUrl": "https://staging.slotegrator.com/api/index.php/v1/games?page=9",
  "headers": {
    "X-Merchant-Id": "dbb46701285c1a2e24a0bf92f00501e5",
    "X-Timestamp": "1774996460",
    "X-Nonce": "124af44defad6d5e7b937f3d4766acc3",
    "X-Sign": "07c31ef2...",
    "Accept": "application/json"
  },
  "body": null,
  "params": {
    "page": 9
  }
}
================================================================================

{
  "timestamp": "2026-03-31T22:34:20.970Z",
  "type": "request",
  "endpoint": "GET /games",
  "fullUrl": "https://staging.slotegrator.com/api/index.php/v1/games?page=9",
  "headers": {
    "X-Merchant-Id": "dbb46701285c1a2e24a0bf92f00501e5",
    "X-Timestamp": "1774996460",
    "X-Nonce": "eb1c3f52bf4e41d61f97b2cc86a1c3eb",
    "X-Sign": "00cc9f42...",
    "Accept": "application/json"
  },
  "body": null,
  "params": {
    "page": 9
  }
}
================================================================================

{
  "timestamp": "2026-03-31T22:34:21.288Z",
  "type": "request",
  "endpoint": "GET /games",
  "fullUrl": "https://staging.slotegrator.com/api/index.php/v1/games?page=10",
  "headers": {
    "X-Merchant-Id": "dbb46701285c1a2e24a0bf92f00501e5",
    "X-Timestamp": "1774996461",
    "X-Nonce": "5596365e3a22dd5f7eda18ef10529cb8",
    "X-Sign": "b80e8851...",
    "Accept": "application/json"
  },
  "body": null,
  "params": {
    "page": 10
  }
}
================================================================================

{
  "timestamp": "2026-03-31T22:34:21.538Z",
  "type": "request",
  "endpoint": "GET /games",
  "fullUrl": "https://staging.slotegrator.com/api/index.php/v1/games?page=10",
  "headers": {
    "X-Merchant-Id": "dbb46701285c1a2e24a0bf92f00501e5",
    "X-Timestamp": "1774996461",
    "X-Nonce": "9caa22d33109453ba1dc50b00da9fddf",
    "X-Sign": "293b5fc3...",
    "Accept": "application/json"
  },
  "body": null,
  "params": {
    "page": 10
  }
}
================================================================================

{
  "timestamp": "2026-03-31T22:34:21.831Z",
  "type": "request",
  "endpoint": "POST /games/init",
  "fullUrl": "https://staging.slotegrator.com/api/index.php/v1/games/init",
  "headers": {
    "X-Merchant-Id": "dbb46701285c1a2e24a0bf92f00501e5",
    "X-Timestamp": "1774996461",
    "X-Nonce": "c469ede0c247e9afb8957894ed63e684",
    "X-Sign": "a2049992...",
    "Accept": "application/json",
    "Content-Type": "application/x-www-form-urlencoded"
  },
  "body": "game_uuid=642a1f708beae26a11e31fdae2df2f0fa32973ec&player_id=5fbW-EgviQlSB0qgLmM0Z&player_name=nanami&currency=EUR&session_id=session_5fbW-EgviQlSB0qgLmM0Z_1774996461825_5jatm9&device=desktop&return_url=https%3A%2F%2Fboztestarea.ngrok.app&language=fr&email=nanami%40gmail.com",
  "params": {
    "game_uuid": "642a1f708beae26a11e31fdae2df2f0fa32973ec",
    "player_id": "5fbW-EgviQlSB0qgLmM0Z",
    "player_name": "nanami",
    "currency": "EUR",
    "session_id": "session_5fbW-EgviQlSB0qgLmM0Z_1774996461825_5jatm9",
    "device": "desktop",
    "return_url": "https://boztestarea.ngrok.app",
    "language": "fr",
    "email": "nanami@gmail.com"
  }
}
================================================================================

{
  "timestamp": "2026-03-31T22:34:22.086Z",
  "type": "request",
  "endpoint": "POST /games/init",
  "fullUrl": "https://staging.slotegrator.com/api/index.php/v1/games/init",
  "headers": {
    "X-Merchant-Id": "dbb46701285c1a2e24a0bf92f00501e5",
    "X-Timestamp": "1774996462",
    "X-Nonce": "e633a435d045e20bb94127fc2b469589",
    "X-Sign": "ca64a44c...",
    "Accept": "application/json",
    "Content-Type": "application/x-www-form-urlencoded"
  },
  "body": "game_uuid=642a1f708beae26a11e31fdae2df2f0fa32973ec&player_id=5fbW-EgviQlSB0qgLmM0Z&player_name=nanami&currency=EUR&session_id=session_5fbW-EgviQlSB0qgLmM0Z_1774996462084_r4it9f&device=desktop&return_url=https%3A%2F%2Fboztestarea.ngrok.app&language=fr&email=nanami%40gmail.com",
  "params": {
    "game_uuid": "642a1f708beae26a11e31fdae2df2f0fa32973ec",
    "player_id": "5fbW-EgviQlSB0qgLmM0Z",
    "player_name": "nanami",
    "currency": "EUR",
    "session_id": "session_5fbW-EgviQlSB0qgLmM0Z_1774996462084_r4it9f",
    "device": "desktop",
    "return_url": "https://boztestarea.ngrok.app",
    "language": "fr",
    "email": "nanami@gmail.com"
  }
}
================================================================================

{
  "timestamp": "2026-03-31T22:34:56.696Z",
  "type": "request",
  "endpoint": "POST /self-validate",
  "fullUrl": "https://staging.slotegrator.com/api/index.php/v1/self-validate",
  "headers": {
    "X-Merchant-Id": "dbb46701285c1a2e24a0bf92f00501e5",
    "X-Timestamp": "1774996496",
    "X-Nonce": "cf845f626e29d93cf43bb0568ad519ec",
    "X-Sign": "f634d9b5...",
    "Accept": "application/json",
    "Content-Type": "application/x-www-form-urlencoded"
  },
  "body": null,
  "params": null
}
================================================================================

{
  "timestamp": "2026-03-31T22:37:25.667Z",
  "type": "request",
  "endpoint": "POST /self-validate",
  "fullUrl": "https://staging.slotegrator.com/api/index.php/v1/self-validate",
  "headers": {
    "X-Merchant-Id": "dbb46701285c1a2e24a0bf92f00501e5",
    "X-Timestamp": "1774996645",
    "X-Nonce": "57ab20ed99f414a165910fea806fa96f",
    "X-Sign": "c1ba2033...",
    "Accept": "application/json",
    "Content-Type": "application/x-www-form-urlencoded"
  },
  "body": null,
  "params": null
}
================================================================================

{
  "timestamp": "2026-03-31T22:42:27.455Z",
  "type": "request",
  "endpoint": "POST /self-validate",
  "fullUrl": "https://staging.slotegrator.com/api/index.php/v1/self-validate",
  "headers": {
    "X-Merchant-Id": "dbb46701285c1a2e24a0bf92f00501e5",
    "X-Timestamp": "1774996947",
    "X-Nonce": "90c36fa083e6faf78568a98a7c93d59f",
    "X-Sign": "b2d7457f...",
    "Accept": "application/json",
    "Content-Type": "application/x-www-form-urlencoded"
  },
  "body": null,
  "params": null
}
================================================================================

{
  "timestamp": "2026-03-31T22:49:04.468Z",
  "type": "request",
  "endpoint": "GET /limits",
  "fullUrl": "https://staging.slotegrator.com/api/index.php/v1/limits",
  "headers": {
    "X-Merchant-Id": "dbb46701285c1a2e24a0bf92f00501e5",
    "X-Timestamp": "1774997344",
    "X-Nonce": "2dbe32d2d6a7897c17de221abd73239c",
    "X-Sign": "02e3ee7c...",
    "Accept": "application/json"
  },
  "body": null,
  "params": null
}
================================================================================

{
  "timestamp": "2026-03-31T22:49:04.866Z",
  "type": "request",
  "endpoint": "GET /games",
  "fullUrl": "https://staging.slotegrator.com/api/index.php/v1/games",
  "headers": {
    "X-Merchant-Id": "dbb46701285c1a2e24a0bf92f00501e5",
    "X-Timestamp": "1774997344",
    "X-Nonce": "320d42dbc9648d0a368f399450db78ee",
    "X-Sign": "005f4a15...",
    "Accept": "application/json"
  },
  "body": null,
  "params": null
}
================================================================================

{
  "timestamp": "2026-03-31T22:49:04.871Z",
  "type": "request",
  "endpoint": "GET /games",
  "fullUrl": "https://staging.slotegrator.com/api/index.php/v1/games",
  "headers": {
    "X-Merchant-Id": "dbb46701285c1a2e24a0bf92f00501e5",
    "X-Timestamp": "1774997344",
    "X-Nonce": "0e492c198bf3859f6c68955be31c3140",
    "X-Sign": "384c652f...",
    "Accept": "application/json"
  },
  "body": null,
  "params": null
}
================================================================================

{
  "timestamp": "2026-03-31T22:49:05.460Z",
  "type": "request",
  "endpoint": "GET /games",
  "fullUrl": "https://staging.slotegrator.com/api/index.php/v1/games?page=2",
  "headers": {
    "X-Merchant-Id": "dbb46701285c1a2e24a0bf92f00501e5",
    "X-Timestamp": "1774997345",
    "X-Nonce": "ec5a9d707c28fb2995620e24d3067a01",
    "X-Sign": "a86550c5...",
    "Accept": "application/json"
  },
  "body": null,
  "params": {
    "page": 2
  }
}
================================================================================

{
  "timestamp": "2026-03-31T22:49:05.659Z",
  "type": "request",
  "endpoint": "GET /games",
  "fullUrl": "https://staging.slotegrator.com/api/index.php/v1/games?page=2",
  "headers": {
    "X-Merchant-Id": "dbb46701285c1a2e24a0bf92f00501e5",
    "X-Timestamp": "1774997345",
    "X-Nonce": "4d735c39a34dade0d9f1bd8c3383cb92",
    "X-Sign": "1419545a...",
    "Accept": "application/json"
  },
  "body": null,
  "params": {
    "page": 2
  }
}
================================================================================

{
  "timestamp": "2026-03-31T22:49:06.030Z",
  "type": "request",
  "endpoint": "GET /games",
  "fullUrl": "https://staging.slotegrator.com/api/index.php/v1/games?page=3",
  "headers": {
    "X-Merchant-Id": "dbb46701285c1a2e24a0bf92f00501e5",
    "X-Timestamp": "1774997346",
    "X-Nonce": "068f02a42d1b5be1ab2d2d706b007425",
    "X-Sign": "71ddb2e8...",
    "Accept": "application/json"
  },
  "body": null,
  "params": {
    "page": 3
  }
}
================================================================================

{
  "timestamp": "2026-03-31T22:49:06.229Z",
  "type": "request",
  "endpoint": "GET /games",
  "fullUrl": "https://staging.slotegrator.com/api/index.php/v1/games?page=3",
  "headers": {
    "X-Merchant-Id": "dbb46701285c1a2e24a0bf92f00501e5",
    "X-Timestamp": "1774997346",
    "X-Nonce": "0d7f9949d381a3d7e48edc6bec509f1d",
    "X-Sign": "837f6050...",
    "Accept": "application/json"
  },
  "body": null,
  "params": {
    "page": 3
  }
}
================================================================================

{
  "timestamp": "2026-03-31T22:49:06.559Z",
  "type": "request",
  "endpoint": "GET /games",
  "fullUrl": "https://staging.slotegrator.com/api/index.php/v1/games?page=4",
  "headers": {
    "X-Merchant-Id": "dbb46701285c1a2e24a0bf92f00501e5",
    "X-Timestamp": "1774997346",
    "X-Nonce": "4e6c12a46acc0f583507fff846bb1c3c",
    "X-Sign": "f2dabdd2...",
    "Accept": "application/json"
  },
  "body": null,
  "params": {
    "page": 4
  }
}
================================================================================

{
  "timestamp": "2026-03-31T22:49:06.743Z",
  "type": "request",
  "endpoint": "GET /games",
  "fullUrl": "https://staging.slotegrator.com/api/index.php/v1/games?page=4",
  "headers": {
    "X-Merchant-Id": "dbb46701285c1a2e24a0bf92f00501e5",
    "X-Timestamp": "1774997346",
    "X-Nonce": "21ff2ec3d0cc88b2fe59ab7f4165d050",
    "X-Sign": "34844075...",
    "Accept": "application/json"
  },
  "body": null,
  "params": {
    "page": 4
  }
}
================================================================================

{
  "timestamp": "2026-03-31T22:49:07.110Z",
  "type": "request",
  "endpoint": "GET /games",
  "fullUrl": "https://staging.slotegrator.com/api/index.php/v1/games?page=5",
  "headers": {
    "X-Merchant-Id": "dbb46701285c1a2e24a0bf92f00501e5",
    "X-Timestamp": "1774997347",
    "X-Nonce": "bfb42e855926bd38eab7ba32dff09d14",
    "X-Sign": "cdb11368...",
    "Accept": "application/json"
  },
  "body": null,
  "params": {
    "page": 5
  }
}
================================================================================

{
  "timestamp": "2026-03-31T22:49:07.329Z",
  "type": "request",
  "endpoint": "GET /games",
  "fullUrl": "https://staging.slotegrator.com/api/index.php/v1/games?page=5",
  "headers": {
    "X-Merchant-Id": "dbb46701285c1a2e24a0bf92f00501e5",
    "X-Timestamp": "1774997347",
    "X-Nonce": "dbfbee7175ab8e19a81d5908d8585247",
    "X-Sign": "bfff536d...",
    "Accept": "application/json"
  },
  "body": null,
  "params": {
    "page": 5
  }
}
================================================================================

{
  "timestamp": "2026-03-31T22:49:07.663Z",
  "type": "request",
  "endpoint": "GET /games",
  "fullUrl": "https://staging.slotegrator.com/api/index.php/v1/games",
  "headers": {
    "X-Merchant-Id": "dbb46701285c1a2e24a0bf92f00501e5",
    "X-Timestamp": "1774997347",
    "X-Nonce": "16135f8e132b380b5a36e5efd6293835",
    "X-Sign": "43a16702...",
    "Accept": "application/json"
  },
  "body": null,
  "params": null
}
================================================================================

{
  "timestamp": "2026-03-31T22:49:07.882Z",
  "type": "request",
  "endpoint": "GET /games",
  "fullUrl": "https://staging.slotegrator.com/api/index.php/v1/games",
  "headers": {
    "X-Merchant-Id": "dbb46701285c1a2e24a0bf92f00501e5",
    "X-Timestamp": "1774997347",
    "X-Nonce": "e59c1026af989f6ee0ebb4a73ea41077",
    "X-Sign": "4f588ef3...",
    "Accept": "application/json"
  },
  "body": null,
  "params": null
}
================================================================================

{
  "timestamp": "2026-03-31T22:49:08.215Z",
  "type": "request",
  "endpoint": "GET /games",
  "fullUrl": "https://staging.slotegrator.com/api/index.php/v1/games?page=2",
  "headers": {
    "X-Merchant-Id": "dbb46701285c1a2e24a0bf92f00501e5",
    "X-Timestamp": "1774997348",
    "X-Nonce": "fc07cefe69724874fded67248801ed8a",
    "X-Sign": "7d506a50...",
    "Accept": "application/json"
  },
  "body": null,
  "params": {
    "page": 2
  }
}
================================================================================

{
  "timestamp": "2026-03-31T22:49:08.452Z",
  "type": "request",
  "endpoint": "GET /games",
  "fullUrl": "https://staging.slotegrator.com/api/index.php/v1/games?page=2",
  "headers": {
    "X-Merchant-Id": "dbb46701285c1a2e24a0bf92f00501e5",
    "X-Timestamp": "1774997348",
    "X-Nonce": "3f4486c8a0eb4bf50c7ae3505a1ed340",
    "X-Sign": "ea03675c...",
    "Accept": "application/json"
  },
  "body": null,
  "params": {
    "page": 2
  }
}
================================================================================

{
  "timestamp": "2026-03-31T22:49:08.808Z",
  "type": "request",
  "endpoint": "GET /games",
  "fullUrl": "https://staging.slotegrator.com/api/index.php/v1/games?page=3",
  "headers": {
    "X-Merchant-Id": "dbb46701285c1a2e24a0bf92f00501e5",
    "X-Timestamp": "1774997348",
    "X-Nonce": "fd96daf31273fed4f2fd2ab1da71404a",
    "X-Sign": "ab67dc89...",
    "Accept": "application/json"
  },
  "body": null,
  "params": {
    "page": 3
  }
}
================================================================================

{
  "timestamp": "2026-03-31T22:49:08.969Z",
  "type": "request",
  "endpoint": "GET /games",
  "fullUrl": "https://staging.slotegrator.com/api/index.php/v1/games?page=3",
  "headers": {
    "X-Merchant-Id": "dbb46701285c1a2e24a0bf92f00501e5",
    "X-Timestamp": "1774997348",
    "X-Nonce": "5049dce5c9f2f8566093740f72da9e75",
    "X-Sign": "89ac0927...",
    "Accept": "application/json"
  },
  "body": null,
  "params": {
    "page": 3
  }
}
================================================================================

{
  "timestamp": "2026-03-31T22:49:09.361Z",
  "type": "request",
  "endpoint": "GET /games",
  "fullUrl": "https://staging.slotegrator.com/api/index.php/v1/games?page=4",
  "headers": {
    "X-Merchant-Id": "dbb46701285c1a2e24a0bf92f00501e5",
    "X-Timestamp": "1774997349",
    "X-Nonce": "e3014f5998127cf9d4ffe1b186521c96",
    "X-Sign": "d6571134...",
    "Accept": "application/json"
  },
  "body": null,
  "params": {
    "page": 4
  }
}
================================================================================

{
  "timestamp": "2026-03-31T22:49:09.479Z",
  "type": "request",
  "endpoint": "GET /games",
  "fullUrl": "https://staging.slotegrator.com/api/index.php/v1/games?page=4",
  "headers": {
    "X-Merchant-Id": "dbb46701285c1a2e24a0bf92f00501e5",
    "X-Timestamp": "1774997349",
    "X-Nonce": "b76f7198dd5e08fb435a08d5c1f79c13",
    "X-Sign": "b4b2e352...",
    "Accept": "application/json"
  },
  "body": null,
  "params": {
    "page": 4
  }
}
================================================================================

{
  "timestamp": "2026-03-31T22:49:09.952Z",
  "type": "request",
  "endpoint": "GET /games",
  "fullUrl": "https://staging.slotegrator.com/api/index.php/v1/games?page=5",
  "headers": {
    "X-Merchant-Id": "dbb46701285c1a2e24a0bf92f00501e5",
    "X-Timestamp": "1774997349",
    "X-Nonce": "387c66ab138ffad02ee9a764581bf438",
    "X-Sign": "0cb551d5...",
    "Accept": "application/json"
  },
  "body": null,
  "params": {
    "page": 5
  }
}
================================================================================

{
  "timestamp": "2026-03-31T22:49:10.011Z",
  "type": "request",
  "endpoint": "GET /games",
  "fullUrl": "https://staging.slotegrator.com/api/index.php/v1/games?page=5",
  "headers": {
    "X-Merchant-Id": "dbb46701285c1a2e24a0bf92f00501e5",
    "X-Timestamp": "1774997350",
    "X-Nonce": "365d12c915358135dc16913822507fb9",
    "X-Sign": "916cbf11...",
    "Accept": "application/json"
  },
  "body": null,
  "params": {
    "page": 5
  }
}
================================================================================

{
  "timestamp": "2026-03-31T22:49:10.530Z",
  "type": "request",
  "endpoint": "GET /games",
  "fullUrl": "https://staging.slotegrator.com/api/index.php/v1/games?page=6",
  "headers": {
    "X-Merchant-Id": "dbb46701285c1a2e24a0bf92f00501e5",
    "X-Timestamp": "1774997350",
    "X-Nonce": "ba484ff0489de0c1909553bef1348796",
    "X-Sign": "f8762f9f...",
    "Accept": "application/json"
  },
  "body": null,
  "params": {
    "page": 6
  }
}
================================================================================

{
  "timestamp": "2026-03-31T22:49:10.572Z",
  "type": "request",
  "endpoint": "GET /games",
  "fullUrl": "https://staging.slotegrator.com/api/index.php/v1/games?page=6",
  "headers": {
    "X-Merchant-Id": "dbb46701285c1a2e24a0bf92f00501e5",
    "X-Timestamp": "1774997350",
    "X-Nonce": "07c116c68a1cbb832b5375b0d6919f9e",
    "X-Sign": "7133950a...",
    "Accept": "application/json"
  },
  "body": null,
  "params": {
    "page": 6
  }
}
================================================================================

{
  "timestamp": "2026-03-31T22:49:11.074Z",
  "type": "request",
  "endpoint": "GET /games",
  "fullUrl": "https://staging.slotegrator.com/api/index.php/v1/games?page=7",
  "headers": {
    "X-Merchant-Id": "dbb46701285c1a2e24a0bf92f00501e5",
    "X-Timestamp": "1774997351",
    "X-Nonce": "4d60e86f55e4cf7f2689fcaea3d35e7c",
    "X-Sign": "57a3d16d...",
    "Accept": "application/json"
  },
  "body": null,
  "params": {
    "page": 7
  }
}
================================================================================

{
  "timestamp": "2026-03-31T22:49:11.159Z",
  "type": "request",
  "endpoint": "GET /games",
  "fullUrl": "https://staging.slotegrator.com/api/index.php/v1/games?page=7",
  "headers": {
    "X-Merchant-Id": "dbb46701285c1a2e24a0bf92f00501e5",
    "X-Timestamp": "1774997351",
    "X-Nonce": "2921c839480bfb6a903e34e967ff61b8",
    "X-Sign": "3a091d34...",
    "Accept": "application/json"
  },
  "body": null,
  "params": {
    "page": 7
  }
}
================================================================================

{
  "timestamp": "2026-03-31T22:49:11.710Z",
  "type": "request",
  "endpoint": "GET /games",
  "fullUrl": "https://staging.slotegrator.com/api/index.php/v1/games?page=8",
  "headers": {
    "X-Merchant-Id": "dbb46701285c1a2e24a0bf92f00501e5",
    "X-Timestamp": "1774997351",
    "X-Nonce": "6d4bccb6a189c89d238d9f090c513e6c",
    "X-Sign": "ab562482...",
    "Accept": "application/json"
  },
  "body": null,
  "params": {
    "page": 8
  }
}
================================================================================

{
  "timestamp": "2026-03-31T22:49:11.723Z",
  "type": "request",
  "endpoint": "GET /games",
  "fullUrl": "https://staging.slotegrator.com/api/index.php/v1/games?page=8",
  "headers": {
    "X-Merchant-Id": "dbb46701285c1a2e24a0bf92f00501e5",
    "X-Timestamp": "1774997351",
    "X-Nonce": "79f42f07238f0eb5b28c29dacd9e2202",
    "X-Sign": "388e9260...",
    "Accept": "application/json"
  },
  "body": null,
  "params": {
    "page": 8
  }
}
================================================================================

{
  "timestamp": "2026-03-31T22:49:12.280Z",
  "type": "request",
  "endpoint": "GET /games",
  "fullUrl": "https://staging.slotegrator.com/api/index.php/v1/games?page=9",
  "headers": {
    "X-Merchant-Id": "dbb46701285c1a2e24a0bf92f00501e5",
    "X-Timestamp": "1774997352",
    "X-Nonce": "e6ea59280cce838db3b50069ff4861bc",
    "X-Sign": "6112dfb4...",
    "Accept": "application/json"
  },
  "body": null,
  "params": {
    "page": 9
  }
}
================================================================================

{
  "timestamp": "2026-03-31T22:49:12.353Z",
  "type": "request",
  "endpoint": "GET /games",
  "fullUrl": "https://staging.slotegrator.com/api/index.php/v1/games?page=9",
  "headers": {
    "X-Merchant-Id": "dbb46701285c1a2e24a0bf92f00501e5",
    "X-Timestamp": "1774997352",
    "X-Nonce": "1ec42663264a51dc087236ad99ed9dbb",
    "X-Sign": "ca0f73eb...",
    "Accept": "application/json"
  },
  "body": null,
  "params": {
    "page": 9
  }
}
================================================================================

{
  "timestamp": "2026-03-31T22:49:12.824Z",
  "type": "request",
  "endpoint": "GET /games",
  "fullUrl": "https://staging.slotegrator.com/api/index.php/v1/games?page=10",
  "headers": {
    "X-Merchant-Id": "dbb46701285c1a2e24a0bf92f00501e5",
    "X-Timestamp": "1774997352",
    "X-Nonce": "f2d82ff2173256f731a721e7591b2807",
    "X-Sign": "51f983d8...",
    "Accept": "application/json"
  },
  "body": null,
  "params": {
    "page": 10
  }
}
================================================================================

{
  "timestamp": "2026-03-31T22:49:12.940Z",
  "type": "request",
  "endpoint": "GET /games",
  "fullUrl": "https://staging.slotegrator.com/api/index.php/v1/games?page=10",
  "headers": {
    "X-Merchant-Id": "dbb46701285c1a2e24a0bf92f00501e5",
    "X-Timestamp": "1774997352",
    "X-Nonce": "523b8450bb4fefce64a8fcd244fbde37",
    "X-Sign": "ddc4b2a6...",
    "Accept": "application/json"
  },
  "body": null,
  "params": {
    "page": 10
  }
}
================================================================================

{
  "timestamp": "2026-03-31T22:49:13.326Z",
  "type": "request",
  "endpoint": "POST /games/init",
  "fullUrl": "https://staging.slotegrator.com/api/index.php/v1/games/init",
  "headers": {
    "X-Merchant-Id": "dbb46701285c1a2e24a0bf92f00501e5",
    "X-Timestamp": "1774997353",
    "X-Nonce": "4d7fe2eb0256f7c8df222977067d4a21",
    "X-Sign": "5851be07...",
    "Accept": "application/json",
    "Content-Type": "application/x-www-form-urlencoded"
  },
  "body": "game_uuid=08a0600f6b1503f1beb47f68cf757bd46f00fa64&player_id=5fbW-EgviQlSB0qgLmM0Z&player_name=nanami&currency=EUR&session_id=session_5fbW-EgviQlSB0qgLmM0Z_1774997353322_ubj0bv&device=desktop&return_url=https%3A%2F%2Fboztestarea.ngrok.app&language=fr&email=nanami%40gmail.com",
  "params": {
    "game_uuid": "08a0600f6b1503f1beb47f68cf757bd46f00fa64",
    "player_id": "5fbW-EgviQlSB0qgLmM0Z",
    "player_name": "nanami",
    "currency": "EUR",
    "session_id": "session_5fbW-EgviQlSB0qgLmM0Z_1774997353322_ubj0bv",
    "device": "desktop",
    "return_url": "https://boztestarea.ngrok.app",
    "language": "fr",
    "email": "nanami@gmail.com"
  }
}
================================================================================

{
  "timestamp": "2026-03-31T22:49:13.494Z",
  "type": "request",
  "endpoint": "POST /games/init",
  "fullUrl": "https://staging.slotegrator.com/api/index.php/v1/games/init",
  "headers": {
    "X-Merchant-Id": "dbb46701285c1a2e24a0bf92f00501e5",
    "X-Timestamp": "1774997353",
    "X-Nonce": "ba8f7c986d2b8ec687a88207e7726087",
    "X-Sign": "5a113927...",
    "Accept": "application/json",
    "Content-Type": "application/x-www-form-urlencoded"
  },
  "body": "game_uuid=08a0600f6b1503f1beb47f68cf757bd46f00fa64&player_id=5fbW-EgviQlSB0qgLmM0Z&player_name=nanami&currency=EUR&session_id=session_5fbW-EgviQlSB0qgLmM0Z_1774997353493_8j9k6g&device=desktop&return_url=https%3A%2F%2Fboztestarea.ngrok.app&language=fr&email=nanami%40gmail.com",
  "params": {
    "game_uuid": "08a0600f6b1503f1beb47f68cf757bd46f00fa64",
    "player_id": "5fbW-EgviQlSB0qgLmM0Z",
    "player_name": "nanami",
    "currency": "EUR",
    "session_id": "session_5fbW-EgviQlSB0qgLmM0Z_1774997353493_8j9k6g",
    "device": "desktop",
    "return_url": "https://boztestarea.ngrok.app",
    "language": "fr",
    "email": "nanami@gmail.com"
  }
}
================================================================================

{
  "timestamp": "2026-03-31T22:51:30.960Z",
  "type": "request",
  "endpoint": "GET /games",
  "fullUrl": "https://staging.slotegrator.com/api/index.php/v1/games",
  "headers": {
    "X-Merchant-Id": "dbb46701285c1a2e24a0bf92f00501e5",
    "X-Timestamp": "1774997490",
    "X-Nonce": "970af34806cb590027748c4c9f16743f",
    "X-Sign": "783b8d54...",
    "Accept": "application/json"
  },
  "body": null,
  "params": null
}
================================================================================

{
  "timestamp": "2026-03-31T22:51:30.974Z",
  "type": "request",
  "endpoint": "GET /games",
  "fullUrl": "https://staging.slotegrator.com/api/index.php/v1/games",
  "headers": {
    "X-Merchant-Id": "dbb46701285c1a2e24a0bf92f00501e5",
    "X-Timestamp": "1774997490",
    "X-Nonce": "cea9e1293b3d2c6949460b1179d36516",
    "X-Sign": "59463804...",
    "Accept": "application/json"
  },
  "body": null,
  "params": null
}
================================================================================

{
  "timestamp": "2026-03-31T22:51:32.116Z",
  "type": "request",
  "endpoint": "GET /games",
  "fullUrl": "https://staging.slotegrator.com/api/index.php/v1/games?page=2",
  "headers": {
    "X-Merchant-Id": "dbb46701285c1a2e24a0bf92f00501e5",
    "X-Timestamp": "1774997492",
    "X-Nonce": "e6a95d162b40e527d7b0404ce4bbf7ad",
    "X-Sign": "aaf0e25b...",
    "Accept": "application/json"
  },
  "body": null,
  "params": {
    "page": 2
  }
}
================================================================================

{
  "timestamp": "2026-03-31T22:51:32.126Z",
  "type": "request",
  "endpoint": "GET /games",
  "fullUrl": "https://staging.slotegrator.com/api/index.php/v1/games?page=2",
  "headers": {
    "X-Merchant-Id": "dbb46701285c1a2e24a0bf92f00501e5",
    "X-Timestamp": "1774997492",
    "X-Nonce": "da3b6a35a7b2340b9cfcffa70a02c05c",
    "X-Sign": "e013139b...",
    "Accept": "application/json"
  },
  "body": null,
  "params": {
    "page": 2
  }
}
================================================================================

{
  "timestamp": "2026-03-31T22:51:32.722Z",
  "type": "request",
  "endpoint": "GET /games",
  "fullUrl": "https://staging.slotegrator.com/api/index.php/v1/games?page=3",
  "headers": {
    "X-Merchant-Id": "dbb46701285c1a2e24a0bf92f00501e5",
    "X-Timestamp": "1774997492",
    "X-Nonce": "8bf74164b8e6a744a0de8882832ac2a7",
    "X-Sign": "806ebfd6...",
    "Accept": "application/json"
  },
  "body": null,
  "params": {
    "page": 3
  }
}
================================================================================

{
  "timestamp": "2026-03-31T22:51:32.943Z",
  "type": "request",
  "endpoint": "GET /games",
  "fullUrl": "https://staging.slotegrator.com/api/index.php/v1/games?page=3",
  "headers": {
    "X-Merchant-Id": "dbb46701285c1a2e24a0bf92f00501e5",
    "X-Timestamp": "1774997492",
    "X-Nonce": "f2f193d4e3dfebbfe6ab0572a8efd4e1",
    "X-Sign": "557b14a5...",
    "Accept": "application/json"
  },
  "body": null,
  "params": {
    "page": 3
  }
}
================================================================================

{
  "timestamp": "2026-03-31T22:51:33.089Z",
  "type": "request",
  "endpoint": "GET /limits",
  "fullUrl": "https://staging.slotegrator.com/api/index.php/v1/limits",
  "headers": {
    "X-Merchant-Id": "dbb46701285c1a2e24a0bf92f00501e5",
    "X-Timestamp": "1774997493",
    "X-Nonce": "d6434687e1e014abe432bbd6211fcc62",
    "X-Sign": "898c0dba...",
    "Accept": "application/json"
  },
  "body": null,
  "params": null
}
================================================================================

{
  "timestamp": "2026-03-31T22:51:33.446Z",
  "type": "request",
  "endpoint": "GET /games",
  "fullUrl": "https://staging.slotegrator.com/api/index.php/v1/games",
  "headers": {
    "X-Merchant-Id": "dbb46701285c1a2e24a0bf92f00501e5",
    "X-Timestamp": "1774997493",
    "X-Nonce": "d0aeac055e0a76b8ef05a141f9b0b4aa",
    "X-Sign": "73ea245e...",
    "Accept": "application/json"
  },
  "body": null,
  "params": null
}
================================================================================

{
  "timestamp": "2026-03-31T22:51:33.449Z",
  "type": "request",
  "endpoint": "GET /games",
  "fullUrl": "https://staging.slotegrator.com/api/index.php/v1/games",
  "headers": {
    "X-Merchant-Id": "dbb46701285c1a2e24a0bf92f00501e5",
    "X-Timestamp": "1774997493",
    "X-Nonce": "9620ed5d79df92a06010a9984a59b338",
    "X-Sign": "7699b8d2...",
    "Accept": "application/json"
  },
  "body": null,
  "params": null
}
================================================================================

{
  "timestamp": "2026-03-31T22:51:33.693Z",
  "type": "request",
  "endpoint": "GET /games",
  "fullUrl": "https://staging.slotegrator.com/api/index.php/v1/games?page=4",
  "headers": {
    "X-Merchant-Id": "dbb46701285c1a2e24a0bf92f00501e5",
    "X-Timestamp": "1774997493",
    "X-Nonce": "061637789738a36e22cac5e4a73e5d9c",
    "X-Sign": "5697fe92...",
    "Accept": "application/json"
  },
  "body": null,
  "params": {
    "page": 4
  }
}
================================================================================

{
  "timestamp": "2026-03-31T22:51:33.704Z",
  "type": "request",
  "endpoint": "GET /games",
  "fullUrl": "https://staging.slotegrator.com/api/index.php/v1/games?page=4",
  "headers": {
    "X-Merchant-Id": "dbb46701285c1a2e24a0bf92f00501e5",
    "X-Timestamp": "1774997493",
    "X-Nonce": "70eb74ab4af3a6154f042cbe149f1c6d",
    "X-Sign": "ef88eb0a...",
    "Accept": "application/json"
  },
  "body": null,
  "params": {
    "page": 4
  }
}
================================================================================

{
  "timestamp": "2026-03-31T22:51:34.025Z",
  "type": "request",
  "endpoint": "GET /games",
  "fullUrl": "https://staging.slotegrator.com/api/index.php/v1/games?page=2",
  "headers": {
    "X-Merchant-Id": "dbb46701285c1a2e24a0bf92f00501e5",
    "X-Timestamp": "1774997494",
    "X-Nonce": "b9372f33e892a45c461570c055c17806",
    "X-Sign": "7b7cf7cb...",
    "Accept": "application/json"
  },
  "body": null,
  "params": {
    "page": 2
  }
}
================================================================================

{
  "timestamp": "2026-03-31T22:51:34.043Z",
  "type": "request",
  "endpoint": "GET /games",
  "fullUrl": "https://staging.slotegrator.com/api/index.php/v1/games?page=2",
  "headers": {
    "X-Merchant-Id": "dbb46701285c1a2e24a0bf92f00501e5",
    "X-Timestamp": "1774997494",
    "X-Nonce": "2c0726ba9bc3a80f026dc348a776c7be",
    "X-Sign": "f67608e3...",
    "Accept": "application/json"
  },
  "body": null,
  "params": {
    "page": 2
  }
}
================================================================================

{
  "timestamp": "2026-03-31T22:51:34.294Z",
  "type": "request",
  "endpoint": "GET /games",
  "fullUrl": "https://staging.slotegrator.com/api/index.php/v1/games?page=5",
  "headers": {
    "X-Merchant-Id": "dbb46701285c1a2e24a0bf92f00501e5",
    "X-Timestamp": "1774997494",
    "X-Nonce": "58860aa15c856f8dd16a5b6687b4d1d7",
    "X-Sign": "09fe3505...",
    "Accept": "application/json"
  },
  "body": null,
  "params": {
    "page": 5
  }
}
================================================================================

{
  "timestamp": "2026-03-31T22:51:34.458Z",
  "type": "request",
  "endpoint": "GET /games",
  "fullUrl": "https://staging.slotegrator.com/api/index.php/v1/games?page=5",
  "headers": {
    "X-Merchant-Id": "dbb46701285c1a2e24a0bf92f00501e5",
    "X-Timestamp": "1774997494",
    "X-Nonce": "c578ab2e215e9b1c4e00a43c8e733ad9",
    "X-Sign": "1abdf819...",
    "Accept": "application/json"
  },
  "body": null,
  "params": {
    "page": 5
  }
}
================================================================================

{
  "timestamp": "2026-03-31T22:51:34.634Z",
  "type": "request",
  "endpoint": "GET /games",
  "fullUrl": "https://staging.slotegrator.com/api/index.php/v1/games?page=3",
  "headers": {
    "X-Merchant-Id": "dbb46701285c1a2e24a0bf92f00501e5",
    "X-Timestamp": "1774997494",
    "X-Nonce": "bda142dfc760500c4427e5d136316ca8",
    "X-Sign": "2ad43604...",
    "Accept": "application/json"
  },
  "body": null,
  "params": {
    "page": 3
  }
}
================================================================================

{
  "timestamp": "2026-03-31T22:51:34.657Z",
  "type": "request",
  "endpoint": "GET /games",
  "fullUrl": "https://staging.slotegrator.com/api/index.php/v1/games?page=3",
  "headers": {
    "X-Merchant-Id": "dbb46701285c1a2e24a0bf92f00501e5",
    "X-Timestamp": "1774997494",
    "X-Nonce": "37cb86a0936e786ca72de5225393197a",
    "X-Sign": "0e34d1b5...",
    "Accept": "application/json"
  },
  "body": null,
  "params": {
    "page": 3
  }
}
================================================================================

{
  "timestamp": "2026-03-31T22:51:34.890Z",
  "type": "request",
  "endpoint": "GET /games",
  "fullUrl": "https://staging.slotegrator.com/api/index.php/v1/games?page=6",
  "headers": {
    "X-Merchant-Id": "dbb46701285c1a2e24a0bf92f00501e5",
    "X-Timestamp": "1774997494",
    "X-Nonce": "2ef4f24f514bc7316ce90314caa8a27d",
    "X-Sign": "e03f29f4...",
    "Accept": "application/json"
  },
  "body": null,
  "params": {
    "page": 6
  }
}
================================================================================

{
  "timestamp": "2026-03-31T22:51:35.086Z",
  "type": "request",
  "endpoint": "GET /games",
  "fullUrl": "https://staging.slotegrator.com/api/index.php/v1/games?page=6",
  "headers": {
    "X-Merchant-Id": "dbb46701285c1a2e24a0bf92f00501e5",
    "X-Timestamp": "1774997495",
    "X-Nonce": "a4c6ba2ff5a2c173d07b5a0b5619112c",
    "X-Sign": "f68e8942...",
    "Accept": "application/json"
  },
  "body": null,
  "params": {
    "page": 6
  }
}
================================================================================

{
  "timestamp": "2026-03-31T22:51:35.230Z",
  "type": "request",
  "endpoint": "GET /games",
  "fullUrl": "https://staging.slotegrator.com/api/index.php/v1/games?page=4",
  "headers": {
    "X-Merchant-Id": "dbb46701285c1a2e24a0bf92f00501e5",
    "X-Timestamp": "1774997495",
    "X-Nonce": "71466a296abc321da0e989270916a50a",
    "X-Sign": "19a0e46c...",
    "Accept": "application/json"
  },
  "body": null,
  "params": {
    "page": 4
  }
}
================================================================================

{
  "timestamp": "2026-03-31T22:51:35.274Z",
  "type": "request",
  "endpoint": "GET /games",
  "fullUrl": "https://staging.slotegrator.com/api/index.php/v1/games?page=4",
  "headers": {
    "X-Merchant-Id": "dbb46701285c1a2e24a0bf92f00501e5",
    "X-Timestamp": "1774997495",
    "X-Nonce": "2196da3ba3e840753ab1c204b9d1e63a",
    "X-Sign": "ee9520c4...",
    "Accept": "application/json"
  },
  "body": null,
  "params": {
    "page": 4
  }
}
================================================================================

{
  "timestamp": "2026-03-31T22:51:35.424Z",
  "type": "request",
  "endpoint": "GET /games",
  "fullUrl": "https://staging.slotegrator.com/api/index.php/v1/games?page=7",
  "headers": {
    "X-Merchant-Id": "dbb46701285c1a2e24a0bf92f00501e5",
    "X-Timestamp": "1774997495",
    "X-Nonce": "e6d0debae41dd48d9d6210f8d9584ab5",
    "X-Sign": "d6d6af54...",
    "Accept": "application/json"
  },
  "body": null,
  "params": {
    "page": 7
  }
}
================================================================================

{
  "timestamp": "2026-03-31T22:51:35.624Z",
  "type": "request",
  "endpoint": "GET /games",
  "fullUrl": "https://staging.slotegrator.com/api/index.php/v1/games?page=7",
  "headers": {
    "X-Merchant-Id": "dbb46701285c1a2e24a0bf92f00501e5",
    "X-Timestamp": "1774997495",
    "X-Nonce": "2ea9fc354235be4de58c841e5d432f0f",
    "X-Sign": "a745f962...",
    "Accept": "application/json"
  },
  "body": null,
  "params": {
    "page": 7
  }
}
================================================================================

{
  "timestamp": "2026-03-31T22:51:35.874Z",
  "type": "request",
  "endpoint": "GET /games",
  "fullUrl": "https://staging.slotegrator.com/api/index.php/v1/games?page=5",
  "headers": {
    "X-Merchant-Id": "dbb46701285c1a2e24a0bf92f00501e5",
    "X-Timestamp": "1774997495",
    "X-Nonce": "4ebf04548c9c45dea9b4d8f9cf8e4fa3",
    "X-Sign": "caa3ba88...",
    "Accept": "application/json"
  },
  "body": null,
  "params": {
    "page": 5
  }
}
================================================================================

{
  "timestamp": "2026-03-31T22:51:35.892Z",
  "type": "request",
  "endpoint": "GET /games",
  "fullUrl": "https://staging.slotegrator.com/api/index.php/v1/games?page=5",
  "headers": {
    "X-Merchant-Id": "dbb46701285c1a2e24a0bf92f00501e5",
    "X-Timestamp": "1774997495",
    "X-Nonce": "daa31764a1cf6e5c89043011ccec848e",
    "X-Sign": "9066355b...",
    "Accept": "application/json"
  },
  "body": null,
  "params": {
    "page": 5
  }
}
================================================================================

{
  "timestamp": "2026-03-31T22:51:36.014Z",
  "type": "request",
  "endpoint": "GET /games",
  "fullUrl": "https://staging.slotegrator.com/api/index.php/v1/games?page=8",
  "headers": {
    "X-Merchant-Id": "dbb46701285c1a2e24a0bf92f00501e5",
    "X-Timestamp": "1774997496",
    "X-Nonce": "19f749bbc0137f89207bbe9b753c5849",
    "X-Sign": "e9dca282...",
    "Accept": "application/json"
  },
  "body": null,
  "params": {
    "page": 8
  }
}
================================================================================

{
  "timestamp": "2026-03-31T22:51:36.220Z",
  "type": "request",
  "endpoint": "GET /games",
  "fullUrl": "https://staging.slotegrator.com/api/index.php/v1/games?page=8",
  "headers": {
    "X-Merchant-Id": "dbb46701285c1a2e24a0bf92f00501e5",
    "X-Timestamp": "1774997496",
    "X-Nonce": "24b967e9dd646fa6db352bc3f31646a0",
    "X-Sign": "3f8e5c8e...",
    "Accept": "application/json"
  },
  "body": null,
  "params": {
    "page": 8
  }
}
================================================================================

{
  "timestamp": "2026-03-31T22:51:36.445Z",
  "type": "request",
  "endpoint": "GET /games",
  "fullUrl": "https://staging.slotegrator.com/api/index.php/v1/games",
  "headers": {
    "X-Merchant-Id": "dbb46701285c1a2e24a0bf92f00501e5",
    "X-Timestamp": "1774997496",
    "X-Nonce": "e714112f0fa1868190294a1086004881",
    "X-Sign": "ffd880f2...",
    "Accept": "application/json"
  },
  "body": null,
  "params": null
}
================================================================================

{
  "timestamp": "2026-03-31T22:51:36.493Z",
  "type": "request",
  "endpoint": "GET /games",
  "fullUrl": "https://staging.slotegrator.com/api/index.php/v1/games",
  "headers": {
    "X-Merchant-Id": "dbb46701285c1a2e24a0bf92f00501e5",
    "X-Timestamp": "1774997496",
    "X-Nonce": "9b8debb78dd2827307e46f45f0546045",
    "X-Sign": "30112416...",
    "Accept": "application/json"
  },
  "body": null,
  "params": null
}
================================================================================

{
  "timestamp": "2026-03-31T22:51:36.612Z",
  "type": "request",
  "endpoint": "GET /games",
  "fullUrl": "https://staging.slotegrator.com/api/index.php/v1/games?page=9",
  "headers": {
    "X-Merchant-Id": "dbb46701285c1a2e24a0bf92f00501e5",
    "X-Timestamp": "1774997496",
    "X-Nonce": "0b29d5abb2226bb3ffbf463022596555",
    "X-Sign": "141d8498...",
    "Accept": "application/json"
  },
  "body": null,
  "params": {
    "page": 9
  }
}
================================================================================

{
  "timestamp": "2026-03-31T22:51:36.777Z",
  "type": "request",
  "endpoint": "GET /games",
  "fullUrl": "https://staging.slotegrator.com/api/index.php/v1/games?page=9",
  "headers": {
    "X-Merchant-Id": "dbb46701285c1a2e24a0bf92f00501e5",
    "X-Timestamp": "1774997496",
    "X-Nonce": "0051483f3c1122738c6119e9dde4c465",
    "X-Sign": "825add83...",
    "Accept": "application/json"
  },
  "body": null,
  "params": {
    "page": 9
  }
}
================================================================================

{
  "timestamp": "2026-03-31T22:51:37.017Z",
  "type": "request",
  "endpoint": "GET /games",
  "fullUrl": "https://staging.slotegrator.com/api/index.php/v1/games?page=2",
  "headers": {
    "X-Merchant-Id": "dbb46701285c1a2e24a0bf92f00501e5",
    "X-Timestamp": "1774997497",
    "X-Nonce": "8446ce6c6cc815dc7cafd2099021cfca",
    "X-Sign": "80994306...",
    "Accept": "application/json"
  },
  "body": null,
  "params": {
    "page": 2
  }
}
================================================================================

{
  "timestamp": "2026-03-31T22:51:37.057Z",
  "type": "request",
  "endpoint": "GET /games",
  "fullUrl": "https://staging.slotegrator.com/api/index.php/v1/games?page=2",
  "headers": {
    "X-Merchant-Id": "dbb46701285c1a2e24a0bf92f00501e5",
    "X-Timestamp": "1774997497",
    "X-Nonce": "e9127ad66db1ee054dfbbe6df9f0e93c",
    "X-Sign": "09d0a562...",
    "Accept": "application/json"
  },
  "body": null,
  "params": {
    "page": 2
  }
}
================================================================================

{
  "timestamp": "2026-03-31T22:51:37.218Z",
  "type": "request",
  "endpoint": "GET /games",
  "fullUrl": "https://staging.slotegrator.com/api/index.php/v1/games?page=10",
  "headers": {
    "X-Merchant-Id": "dbb46701285c1a2e24a0bf92f00501e5",
    "X-Timestamp": "1774997497",
    "X-Nonce": "3c6020d6649d796ba848c643422b1ab5",
    "X-Sign": "56e25638...",
    "Accept": "application/json"
  },
  "body": null,
  "params": {
    "page": 10
  }
}
================================================================================

{
  "timestamp": "2026-03-31T22:51:37.369Z",
  "type": "request",
  "endpoint": "GET /games",
  "fullUrl": "https://staging.slotegrator.com/api/index.php/v1/games?page=10",
  "headers": {
    "X-Merchant-Id": "dbb46701285c1a2e24a0bf92f00501e5",
    "X-Timestamp": "1774997497",
    "X-Nonce": "9376faa844d0d620efaf01f97d0c7a7d",
    "X-Sign": "32897a7a...",
    "Accept": "application/json"
  },
  "body": null,
  "params": {
    "page": 10
  }
}
================================================================================

{
  "timestamp": "2026-03-31T22:51:37.607Z",
  "type": "request",
  "endpoint": "GET /games",
  "fullUrl": "https://staging.slotegrator.com/api/index.php/v1/games?page=3",
  "headers": {
    "X-Merchant-Id": "dbb46701285c1a2e24a0bf92f00501e5",
    "X-Timestamp": "1774997497",
    "X-Nonce": "1d91871c31ba693c412bc888a94bf3f8",
    "X-Sign": "4ac7404d...",
    "Accept": "application/json"
  },
  "body": null,
  "params": {
    "page": 3
  }
}
================================================================================

{
  "timestamp": "2026-03-31T22:51:37.659Z",
  "type": "request",
  "endpoint": "GET /games",
  "fullUrl": "https://staging.slotegrator.com/api/index.php/v1/games?page=3",
  "headers": {
    "X-Merchant-Id": "dbb46701285c1a2e24a0bf92f00501e5",
    "X-Timestamp": "1774997497",
    "X-Nonce": "f6aa1f4d2f57fe25b44958144ef94a8f",
    "X-Sign": "a09f0095...",
    "Accept": "application/json"
  },
  "body": null,
  "params": {
    "page": 3
  }
}
================================================================================

{
  "timestamp": "2026-03-31T22:51:37.774Z",
  "type": "request",
  "endpoint": "GET /games",
  "fullUrl": "https://staging.slotegrator.com/api/index.php/v1/games?page=11",
  "headers": {
    "X-Merchant-Id": "dbb46701285c1a2e24a0bf92f00501e5",
    "X-Timestamp": "1774997497",
    "X-Nonce": "1a0be23eec4f7d876dcf87ff5f3c1482",
    "X-Sign": "b23057d8...",
    "Accept": "application/json"
  },
  "body": null,
  "params": {
    "page": 11
  }
}
================================================================================

{
  "timestamp": "2026-03-31T22:51:37.920Z",
  "type": "request",
  "endpoint": "GET /games",
  "fullUrl": "https://staging.slotegrator.com/api/index.php/v1/games?page=11",
  "headers": {
    "X-Merchant-Id": "dbb46701285c1a2e24a0bf92f00501e5",
    "X-Timestamp": "1774997497",
    "X-Nonce": "feb31a347f6460c3900d958d6dc0c545",
    "X-Sign": "1e7ab28f...",
    "Accept": "application/json"
  },
  "body": null,
  "params": {
    "page": 11
  }
}
================================================================================

{
  "timestamp": "2026-03-31T22:51:38.142Z",
  "type": "request",
  "endpoint": "GET /games",
  "fullUrl": "https://staging.slotegrator.com/api/index.php/v1/games?page=4",
  "headers": {
    "X-Merchant-Id": "dbb46701285c1a2e24a0bf92f00501e5",
    "X-Timestamp": "1774997498",
    "X-Nonce": "d5199b396100faa1eaec1c51b6d14806",
    "X-Sign": "7bd5f512...",
    "Accept": "application/json"
  },
  "body": null,
  "params": {
    "page": 4
  }
}
================================================================================

{
  "timestamp": "2026-03-31T22:51:38.262Z",
  "type": "request",
  "endpoint": "GET /games",
  "fullUrl": "https://staging.slotegrator.com/api/index.php/v1/games?page=4",
  "headers": {
    "X-Merchant-Id": "dbb46701285c1a2e24a0bf92f00501e5",
    "X-Timestamp": "1774997498",
    "X-Nonce": "085ac341ee0842b08ce89be406f14717",
    "X-Sign": "1b83f427...",
    "Accept": "application/json"
  },
  "body": null,
  "params": {
    "page": 4
  }
}
================================================================================

{
  "timestamp": "2026-03-31T22:51:38.356Z",
  "type": "request",
  "endpoint": "GET /games",
  "fullUrl": "https://staging.slotegrator.com/api/index.php/v1/games?page=12",
  "headers": {
    "X-Merchant-Id": "dbb46701285c1a2e24a0bf92f00501e5",
    "X-Timestamp": "1774997498",
    "X-Nonce": "087f8abd6ab22f2a689164598e2ccbbb",
    "X-Sign": "4d018e84...",
    "Accept": "application/json"
  },
  "body": null,
  "params": {
    "page": 12
  }
}
================================================================================

{
  "timestamp": "2026-03-31T22:51:38.456Z",
  "type": "request",
  "endpoint": "GET /games",
  "fullUrl": "https://staging.slotegrator.com/api/index.php/v1/games?page=12",
  "headers": {
    "X-Merchant-Id": "dbb46701285c1a2e24a0bf92f00501e5",
    "X-Timestamp": "1774997498",
    "X-Nonce": "0784b8cd53cf6d637b5f920809f7e197",
    "X-Sign": "6532aa9c...",
    "Accept": "application/json"
  },
  "body": null,
  "params": {
    "page": 12
  }
}
================================================================================

{
  "timestamp": "2026-03-31T22:51:38.654Z",
  "type": "request",
  "endpoint": "GET /games",
  "fullUrl": "https://staging.slotegrator.com/api/index.php/v1/games?page=5",
  "headers": {
    "X-Merchant-Id": "dbb46701285c1a2e24a0bf92f00501e5",
    "X-Timestamp": "1774997498",
    "X-Nonce": "731ae48e761f8f2490cd1bb4bd2982e0",
    "X-Sign": "954b728e...",
    "Accept": "application/json"
  },
  "body": null,
  "params": {
    "page": 5
  }
}
================================================================================

{
  "timestamp": "2026-03-31T22:51:38.890Z",
  "type": "request",
  "endpoint": "GET /games",
  "fullUrl": "https://staging.slotegrator.com/api/index.php/v1/games?page=5",
  "headers": {
    "X-Merchant-Id": "dbb46701285c1a2e24a0bf92f00501e5",
    "X-Timestamp": "1774997498",
    "X-Nonce": "9db2d5a3d8c326bb0fbfe221940cee9b",
    "X-Sign": "273a7a97...",
    "Accept": "application/json"
  },
  "body": null,
  "params": {
    "page": 5
  }
}
================================================================================

{
  "timestamp": "2026-03-31T22:51:38.973Z",
  "type": "request",
  "endpoint": "GET /games",
  "fullUrl": "https://staging.slotegrator.com/api/index.php/v1/games?page=13",
  "headers": {
    "X-Merchant-Id": "dbb46701285c1a2e24a0bf92f00501e5",
    "X-Timestamp": "1774997498",
    "X-Nonce": "41f19d27120ca4a5375aee2e3e490ada",
    "X-Sign": "c81b8252...",
    "Accept": "application/json"
  },
  "body": null,
  "params": {
    "page": 13
  }
}
================================================================================

{
  "timestamp": "2026-03-31T22:51:39.058Z",
  "type": "request",
  "endpoint": "GET /games",
  "fullUrl": "https://staging.slotegrator.com/api/index.php/v1/games?page=13",
  "headers": {
    "X-Merchant-Id": "dbb46701285c1a2e24a0bf92f00501e5",
    "X-Timestamp": "1774997499",
    "X-Nonce": "e0a08e195b27777549702c7c4f756d5d",
    "X-Sign": "f157be79...",
    "Accept": "application/json"
  },
  "body": null,
  "params": {
    "page": 13
  }
}
================================================================================

{
  "timestamp": "2026-03-31T22:51:39.213Z",
  "type": "request",
  "endpoint": "GET /games",
  "fullUrl": "https://staging.slotegrator.com/api/index.php/v1/games?page=6",
  "headers": {
    "X-Merchant-Id": "dbb46701285c1a2e24a0bf92f00501e5",
    "X-Timestamp": "1774997499",
    "X-Nonce": "606e8d13a3358ce059a84ebe1860f792",
    "X-Sign": "5013e7eb...",
    "Accept": "application/json"
  },
  "body": null,
  "params": {
    "page": 6
  }
}
================================================================================

{
  "timestamp": "2026-03-31T22:51:39.474Z",
  "type": "request",
  "endpoint": "GET /games",
  "fullUrl": "https://staging.slotegrator.com/api/index.php/v1/games?page=6",
  "headers": {
    "X-Merchant-Id": "dbb46701285c1a2e24a0bf92f00501e5",
    "X-Timestamp": "1774997499",
    "X-Nonce": "463d1656a7e15b258ccb90b6421d0cd5",
    "X-Sign": "2c562807...",
    "Accept": "application/json"
  },
  "body": null,
  "params": {
    "page": 6
  }
}
================================================================================

{
  "timestamp": "2026-03-31T22:51:39.557Z",
  "type": "request",
  "endpoint": "GET /games",
  "fullUrl": "https://staging.slotegrator.com/api/index.php/v1/games?page=14",
  "headers": {
    "X-Merchant-Id": "dbb46701285c1a2e24a0bf92f00501e5",
    "X-Timestamp": "1774997499",
    "X-Nonce": "49dc282b24081a129f4d282121179714",
    "X-Sign": "83d9a0b1...",
    "Accept": "application/json"
  },
  "body": null,
  "params": {
    "page": 14
  }
}
================================================================================

{
  "timestamp": "2026-03-31T22:51:39.624Z",
  "type": "request",
  "endpoint": "GET /games",
  "fullUrl": "https://staging.slotegrator.com/api/index.php/v1/games?page=14",
  "headers": {
    "X-Merchant-Id": "dbb46701285c1a2e24a0bf92f00501e5",
    "X-Timestamp": "1774997499",
    "X-Nonce": "58c3d8f3cc5608a72f799ad599b70c9f",
    "X-Sign": "335ceb70...",
    "Accept": "application/json"
  },
  "body": null,
  "params": {
    "page": 14
  }
}
================================================================================

{
  "timestamp": "2026-03-31T22:51:39.757Z",
  "type": "request",
  "endpoint": "GET /games",
  "fullUrl": "https://staging.slotegrator.com/api/index.php/v1/games?page=7",
  "headers": {
    "X-Merchant-Id": "dbb46701285c1a2e24a0bf92f00501e5",
    "X-Timestamp": "1774997499",
    "X-Nonce": "0652af02eb60019df3789d55276551e5",
    "X-Sign": "6a46a26e...",
    "Accept": "application/json"
  },
  "body": null,
  "params": {
    "page": 7
  }
}
================================================================================

{
  "timestamp": "2026-03-31T22:51:40.040Z",
  "type": "request",
  "endpoint": "GET /games",
  "fullUrl": "https://staging.slotegrator.com/api/index.php/v1/games?page=7",
  "headers": {
    "X-Merchant-Id": "dbb46701285c1a2e24a0bf92f00501e5",
    "X-Timestamp": "1774997500",
    "X-Nonce": "2a5828c7ce613ae85c0e0aaf0e9cea1a",
    "X-Sign": "d613cfb3...",
    "Accept": "application/json"
  },
  "body": null,
  "params": {
    "page": 7
  }
}
================================================================================

{
  "timestamp": "2026-03-31T22:51:40.115Z",
  "type": "request",
  "endpoint": "GET /games",
  "fullUrl": "https://staging.slotegrator.com/api/index.php/v1/games?page=15",
  "headers": {
    "X-Merchant-Id": "dbb46701285c1a2e24a0bf92f00501e5",
    "X-Timestamp": "1774997500",
    "X-Nonce": "5579aead9a05f34859a951a42c0aa3f3",
    "X-Sign": "109fa06a...",
    "Accept": "application/json"
  },
  "body": null,
  "params": {
    "page": 15
  }
}
================================================================================

{
  "timestamp": "2026-03-31T22:51:40.212Z",
  "type": "request",
  "endpoint": "GET /games",
  "fullUrl": "https://staging.slotegrator.com/api/index.php/v1/games?page=15",
  "headers": {
    "X-Merchant-Id": "dbb46701285c1a2e24a0bf92f00501e5",
    "X-Timestamp": "1774997500",
    "X-Nonce": "d5fb81279098df965266661cb0911ac1",
    "X-Sign": "eca3e500...",
    "Accept": "application/json"
  },
  "body": null,
  "params": {
    "page": 15
  }
}
================================================================================

{
  "timestamp": "2026-03-31T22:51:40.312Z",
  "type": "request",
  "endpoint": "GET /games",
  "fullUrl": "https://staging.slotegrator.com/api/index.php/v1/games?page=8",
  "headers": {
    "X-Merchant-Id": "dbb46701285c1a2e24a0bf92f00501e5",
    "X-Timestamp": "1774997500",
    "X-Nonce": "5495a0ee5143f4e6341b1a9d1ac1d243",
    "X-Sign": "eadca602...",
    "Accept": "application/json"
  },
  "body": null,
  "params": {
    "page": 8
  }
}
================================================================================

{
  "timestamp": "2026-03-31T22:51:40.584Z",
  "type": "request",
  "endpoint": "GET /games",
  "fullUrl": "https://staging.slotegrator.com/api/index.php/v1/games?page=8",
  "headers": {
    "X-Merchant-Id": "dbb46701285c1a2e24a0bf92f00501e5",
    "X-Timestamp": "1774997500",
    "X-Nonce": "a0ceca34534c7b8b9fe021ef8515d6bd",
    "X-Sign": "244b19e2...",
    "Accept": "application/json"
  },
  "body": null,
  "params": {
    "page": 8
  }
}
================================================================================

{
  "timestamp": "2026-03-31T22:51:40.740Z",
  "type": "request",
  "endpoint": "GET /games",
  "fullUrl": "https://staging.slotegrator.com/api/index.php/v1/games?page=16",
  "headers": {
    "X-Merchant-Id": "dbb46701285c1a2e24a0bf92f00501e5",
    "X-Timestamp": "1774997500",
    "X-Nonce": "97098d462f4a04c578d8c1509b76e2cf",
    "X-Sign": "a2e5b5ff...",
    "Accept": "application/json"
  },
  "body": null,
  "params": {
    "page": 16
  }
}
================================================================================

{
  "timestamp": "2026-03-31T22:51:40.842Z",
  "type": "request",
  "endpoint": "GET /games",
  "fullUrl": "https://staging.slotegrator.com/api/index.php/v1/games?page=16",
  "headers": {
    "X-Merchant-Id": "dbb46701285c1a2e24a0bf92f00501e5",
    "X-Timestamp": "1774997500",
    "X-Nonce": "d86514a52718cc1670c697259ba17f5d",
    "X-Sign": "e4fba467...",
    "Accept": "application/json"
  },
  "body": null,
  "params": {
    "page": 16
  }
}
================================================================================

{
  "timestamp": "2026-03-31T22:51:40.927Z",
  "type": "request",
  "endpoint": "GET /games",
  "fullUrl": "https://staging.slotegrator.com/api/index.php/v1/games?page=9",
  "headers": {
    "X-Merchant-Id": "dbb46701285c1a2e24a0bf92f00501e5",
    "X-Timestamp": "1774997500",
    "X-Nonce": "6e88524697a31bd7f571104e7701ff99",
    "X-Sign": "679966a8...",
    "Accept": "application/json"
  },
  "body": null,
  "params": {
    "page": 9
  }
}
================================================================================

{
  "timestamp": "2026-03-31T22:51:41.173Z",
  "type": "request",
  "endpoint": "GET /games",
  "fullUrl": "https://staging.slotegrator.com/api/index.php/v1/games?page=9",
  "headers": {
    "X-Merchant-Id": "dbb46701285c1a2e24a0bf92f00501e5",
    "X-Timestamp": "1774997501",
    "X-Nonce": "9cfb10697fedb15e07dfca66ead21a52",
    "X-Sign": "6bae0ccb...",
    "Accept": "application/json"
  },
  "body": null,
  "params": {
    "page": 9
  }
}
================================================================================

{
  "timestamp": "2026-03-31T22:51:41.354Z",
  "type": "request",
  "endpoint": "GET /games",
  "fullUrl": "https://staging.slotegrator.com/api/index.php/v1/games?page=17",
  "headers": {
    "X-Merchant-Id": "dbb46701285c1a2e24a0bf92f00501e5",
    "X-Timestamp": "1774997501",
    "X-Nonce": "1ace1b043666fc995f3893fe6e8d7bcd",
    "X-Sign": "69febaf4...",
    "Accept": "application/json"
  },
  "body": null,
  "params": {
    "page": 17
  }
}
================================================================================

{
  "timestamp": "2026-03-31T22:51:41.484Z",
  "type": "request",
  "endpoint": "GET /games",
  "fullUrl": "https://staging.slotegrator.com/api/index.php/v1/games?page=17",
  "headers": {
    "X-Merchant-Id": "dbb46701285c1a2e24a0bf92f00501e5",
    "X-Timestamp": "1774997501",
    "X-Nonce": "b661d92d81fd921905877a35d6be5159",
    "X-Sign": "6f2ef649...",
    "Accept": "application/json"
  },
  "body": null,
  "params": {
    "page": 17
  }
}
================================================================================

{
  "timestamp": "2026-03-31T22:51:41.524Z",
  "type": "request",
  "endpoint": "GET /games",
  "fullUrl": "https://staging.slotegrator.com/api/index.php/v1/games?page=10",
  "headers": {
    "X-Merchant-Id": "dbb46701285c1a2e24a0bf92f00501e5",
    "X-Timestamp": "1774997501",
    "X-Nonce": "5438126b3fbaa0a70a6f253f4f02f6e2",
    "X-Sign": "d434e883...",
    "Accept": "application/json"
  },
  "body": null,
  "params": {
    "page": 10
  }
}
================================================================================

{
  "timestamp": "2026-03-31T22:51:41.773Z",
  "type": "request",
  "endpoint": "GET /games",
  "fullUrl": "https://staging.slotegrator.com/api/index.php/v1/games?page=10",
  "headers": {
    "X-Merchant-Id": "dbb46701285c1a2e24a0bf92f00501e5",
    "X-Timestamp": "1774997501",
    "X-Nonce": "9e367a83c1bd2ef52566b112269910f8",
    "X-Sign": "b95ddca9...",
    "Accept": "application/json"
  },
  "body": null,
  "params": {
    "page": 10
  }
}
================================================================================

{
  "timestamp": "2026-03-31T22:51:42.126Z",
  "type": "request",
  "endpoint": "GET /games",
  "fullUrl": "https://staging.slotegrator.com/api/index.php/v1/games?page=18",
  "headers": {
    "X-Merchant-Id": "dbb46701285c1a2e24a0bf92f00501e5",
    "X-Timestamp": "1774997502",
    "X-Nonce": "71b57baccfa29e35081b2dff2ed74836",
    "X-Sign": "bc7dedc0...",
    "Accept": "application/json"
  },
  "body": null,
  "params": {
    "page": 18
  }
}
================================================================================

{
  "timestamp": "2026-03-31T22:51:42.149Z",
  "type": "request",
  "endpoint": "POST /games/init",
  "fullUrl": "https://staging.slotegrator.com/api/index.php/v1/games/init",
  "headers": {
    "X-Merchant-Id": "dbb46701285c1a2e24a0bf92f00501e5",
    "X-Timestamp": "1774997502",
    "X-Nonce": "921fca6e72a2e8137bfd5d2e7b98470e",
    "X-Sign": "0a974622...",
    "Accept": "application/json",
    "Content-Type": "application/x-www-form-urlencoded"
  },
  "body": "game_uuid=4fca69af3c890f015ffec261b5e5c2f534308716&player_id=5fbW-EgviQlSB0qgLmM0Z&player_name=nanami&currency=EUR&session_id=session_5fbW-EgviQlSB0qgLmM0Z_1774997502146_wtboxa&device=desktop&return_url=https%3A%2F%2Fboztestarea.ngrok.app&language=fr&email=nanami%40gmail.com",
  "params": {
    "game_uuid": "4fca69af3c890f015ffec261b5e5c2f534308716",
    "player_id": "5fbW-EgviQlSB0qgLmM0Z",
    "player_name": "nanami",
    "currency": "EUR",
    "session_id": "session_5fbW-EgviQlSB0qgLmM0Z_1774997502146_wtboxa",
    "device": "desktop",
    "return_url": "https://boztestarea.ngrok.app",
    "language": "fr",
    "email": "nanami@gmail.com"
  }
}
================================================================================

{
  "timestamp": "2026-03-31T22:51:42.152Z",
  "type": "request",
  "endpoint": "GET /games",
  "fullUrl": "https://staging.slotegrator.com/api/index.php/v1/games?page=18",
  "headers": {
    "X-Merchant-Id": "dbb46701285c1a2e24a0bf92f00501e5",
    "X-Timestamp": "1774997502",
    "X-Nonce": "1adad1a4ba03da50808a982b13267cea",
    "X-Sign": "d7e68f10...",
    "Accept": "application/json"
  },
  "body": null,
  "params": {
    "page": 18
  }
}
================================================================================

{
  "timestamp": "2026-03-31T22:51:42.595Z",
  "type": "request",
  "endpoint": "POST /games/init",
  "fullUrl": "https://staging.slotegrator.com/api/index.php/v1/games/init",
  "headers": {
    "X-Merchant-Id": "dbb46701285c1a2e24a0bf92f00501e5",
    "X-Timestamp": "1774997502",
    "X-Nonce": "ab97f9aadbd298a2eb62014e4e354ea9",
    "X-Sign": "e64c6a5b...",
    "Accept": "application/json",
    "Content-Type": "application/x-www-form-urlencoded"
  },
  "body": "game_uuid=4fca69af3c890f015ffec261b5e5c2f534308716&player_id=5fbW-EgviQlSB0qgLmM0Z&player_name=nanami&currency=EUR&session_id=session_5fbW-EgviQlSB0qgLmM0Z_1774997502593_o0lgk&device=desktop&return_url=https%3A%2F%2Fboztestarea.ngrok.app&language=fr&email=nanami%40gmail.com",
  "params": {
    "game_uuid": "4fca69af3c890f015ffec261b5e5c2f534308716",
    "player_id": "5fbW-EgviQlSB0qgLmM0Z",
    "player_name": "nanami",
    "currency": "EUR",
    "session_id": "session_5fbW-EgviQlSB0qgLmM0Z_1774997502593_o0lgk",
    "device": "desktop",
    "return_url": "https://boztestarea.ngrok.app",
    "language": "fr",
    "email": "nanami@gmail.com"
  }
}
================================================================================

{
  "timestamp": "2026-03-31T22:51:42.757Z",
  "type": "request",
  "endpoint": "GET /games",
  "fullUrl": "https://staging.slotegrator.com/api/index.php/v1/games?page=19",
  "headers": {
    "X-Merchant-Id": "dbb46701285c1a2e24a0bf92f00501e5",
    "X-Timestamp": "1774997502",
    "X-Nonce": "e0f6938cc6c06881d158c9c5a636ca73",
    "X-Sign": "87e82105...",
    "Accept": "application/json"
  },
  "body": null,
  "params": {
    "page": 19
  }
}
================================================================================

{
  "timestamp": "2026-03-31T22:51:42.838Z",
  "type": "request",
  "endpoint": "GET /games",
  "fullUrl": "https://staging.slotegrator.com/api/index.php/v1/games?page=19",
  "headers": {
    "X-Merchant-Id": "dbb46701285c1a2e24a0bf92f00501e5",
    "X-Timestamp": "1774997502",
    "X-Nonce": "711dd310b535c6b739c9edbdb10ce907",
    "X-Sign": "5d17fb51...",
    "Accept": "application/json"
  },
  "body": null,
  "params": {
    "page": 19
  }
}
================================================================================

{
  "timestamp": "2026-03-31T22:51:43.347Z",
  "type": "request",
  "endpoint": "GET /games",
  "fullUrl": "https://staging.slotegrator.com/api/index.php/v1/games?page=20",
  "headers": {
    "X-Merchant-Id": "dbb46701285c1a2e24a0bf92f00501e5",
    "X-Timestamp": "1774997503",
    "X-Nonce": "5aa2eb70a4822ed2555496175ed74af2",
    "X-Sign": "82716de5...",
    "Accept": "application/json"
  },
  "body": null,
  "params": {
    "page": 20
  }
}
================================================================================

{
  "timestamp": "2026-03-31T22:51:43.395Z",
  "type": "request",
  "endpoint": "GET /games",
  "fullUrl": "https://staging.slotegrator.com/api/index.php/v1/games?page=20",
  "headers": {
    "X-Merchant-Id": "dbb46701285c1a2e24a0bf92f00501e5",
    "X-Timestamp": "1774997503",
    "X-Nonce": "5f4fc219bda6740981baa83c63f5f35a",
    "X-Sign": "563f61af...",
    "Accept": "application/json"
  },
  "body": null,
  "params": {
    "page": 20
  }
}
================================================================================

{
  "timestamp": "2026-03-31T22:51:43.965Z",
  "type": "request",
  "endpoint": "GET /games",
  "fullUrl": "https://staging.slotegrator.com/api/index.php/v1/games?page=21",
  "headers": {
    "X-Merchant-Id": "dbb46701285c1a2e24a0bf92f00501e5",
    "X-Timestamp": "1774997503",
    "X-Nonce": "647deaa654f6198e893d504e165ee229",
    "X-Sign": "79357acb...",
    "Accept": "application/json"
  },
  "body": null,
  "params": {
    "page": 21
  }
}
================================================================================

{
  "timestamp": "2026-03-31T22:51:43.990Z",
  "type": "request",
  "endpoint": "GET /games",
  "fullUrl": "https://staging.slotegrator.com/api/index.php/v1/games?page=21",
  "headers": {
    "X-Merchant-Id": "dbb46701285c1a2e24a0bf92f00501e5",
    "X-Timestamp": "1774997503",
    "X-Nonce": "8b417044163e8554a68b9ec4a084d63d",
    "X-Sign": "b69e96d0...",
    "Accept": "application/json"
  },
  "body": null,
  "params": {
    "page": 21
  }
}
================================================================================

{
  "timestamp": "2026-03-31T22:51:44.653Z",
  "type": "request",
  "endpoint": "GET /games",
  "fullUrl": "https://staging.slotegrator.com/api/index.php/v1/games?page=22",
  "headers": {
    "X-Merchant-Id": "dbb46701285c1a2e24a0bf92f00501e5",
    "X-Timestamp": "1774997504",
    "X-Nonce": "2ba1930eeda82a425b76fd18654c07c1",
    "X-Sign": "60b91fcc...",
    "Accept": "application/json"
  },
  "body": null,
  "params": {
    "page": 22
  }
}
================================================================================

{
  "timestamp": "2026-03-31T22:51:44.815Z",
  "type": "request",
  "endpoint": "GET /games",
  "fullUrl": "https://staging.slotegrator.com/api/index.php/v1/games?page=22",
  "headers": {
    "X-Merchant-Id": "dbb46701285c1a2e24a0bf92f00501e5",
    "X-Timestamp": "1774997504",
    "X-Nonce": "313e5013a002ca882928011e4892cb67",
    "X-Sign": "4f69f41e...",
    "Accept": "application/json"
  },
  "body": null,
  "params": {
    "page": 22
  }
}
================================================================================

{
  "timestamp": "2026-03-31T22:51:49.077Z",
  "type": "request",
  "endpoint": "GET /games",
  "fullUrl": "https://staging.slotegrator.com/api/index.php/v1/games?page=23",
  "headers": {
    "X-Merchant-Id": "dbb46701285c1a2e24a0bf92f00501e5",
    "X-Timestamp": "1774997509",
    "X-Nonce": "1831982c76cb0c6849ce6842d7b462cc",
    "X-Sign": "f40c1f57...",
    "Accept": "application/json"
  },
  "body": null,
  "params": {
    "page": 23
  }
}
================================================================================

{
  "timestamp": "2026-03-31T22:51:49.086Z",
  "type": "request",
  "endpoint": "GET /games",
  "fullUrl": "https://staging.slotegrator.com/api/index.php/v1/games?page=23",
  "headers": {
    "X-Merchant-Id": "dbb46701285c1a2e24a0bf92f00501e5",
    "X-Timestamp": "1774997509",
    "X-Nonce": "7de1ed23f2af93a8fcd480cb2971e6cd",
    "X-Sign": "eaabff3d...",
    "Accept": "application/json"
  },
  "body": null,
  "params": {
    "page": 23
  }
}
================================================================================

{
  "timestamp": "2026-03-31T22:51:50.014Z",
  "type": "request",
  "endpoint": "GET /games",
  "fullUrl": "https://staging.slotegrator.com/api/index.php/v1/games?page=24",
  "headers": {
    "X-Merchant-Id": "dbb46701285c1a2e24a0bf92f00501e5",
    "X-Timestamp": "1774997510",
    "X-Nonce": "8da37ad37603357234f1b3a5eb7a8278",
    "X-Sign": "c2cba0eb...",
    "Accept": "application/json"
  },
  "body": null,
  "params": {
    "page": 24
  }
}
================================================================================

{
  "timestamp": "2026-03-31T22:51:50.060Z",
  "type": "request",
  "endpoint": "GET /games",
  "fullUrl": "https://staging.slotegrator.com/api/index.php/v1/games?page=24",
  "headers": {
    "X-Merchant-Id": "dbb46701285c1a2e24a0bf92f00501e5",
    "X-Timestamp": "1774997510",
    "X-Nonce": "0ac4b2597f07aee65dd73a08db962851",
    "X-Sign": "7d2a684d...",
    "Accept": "application/json"
  },
  "body": null,
  "params": {
    "page": 24
  }
}
================================================================================

{
  "timestamp": "2026-03-31T22:51:50.906Z",
  "type": "request",
  "endpoint": "GET /games",
  "fullUrl": "https://staging.slotegrator.com/api/index.php/v1/games?page=25",
  "headers": {
    "X-Merchant-Id": "dbb46701285c1a2e24a0bf92f00501e5",
    "X-Timestamp": "1774997510",
    "X-Nonce": "80b4d07705672c4e875907e3cadab2fd",
    "X-Sign": "41386cb0...",
    "Accept": "application/json"
  },
  "body": null,
  "params": {
    "page": 25
  }
}
================================================================================

{
  "timestamp": "2026-03-31T22:51:50.923Z",
  "type": "request",
  "endpoint": "GET /games",
  "fullUrl": "https://staging.slotegrator.com/api/index.php/v1/games?page=25",
  "headers": {
    "X-Merchant-Id": "dbb46701285c1a2e24a0bf92f00501e5",
    "X-Timestamp": "1774997510",
    "X-Nonce": "b98507e406d1f3fa8ebe292f6a6d0b08",
    "X-Sign": "aed41ab0...",
    "Accept": "application/json"
  },
  "body": null,
  "params": {
    "page": 25
  }
}
================================================================================

{
  "timestamp": "2026-03-31T22:51:51.535Z",
  "type": "request",
  "endpoint": "GET /games",
  "fullUrl": "https://staging.slotegrator.com/api/index.php/v1/games?page=26",
  "headers": {
    "X-Merchant-Id": "dbb46701285c1a2e24a0bf92f00501e5",
    "X-Timestamp": "1774997511",
    "X-Nonce": "298bf7f5809bfb2ae6213aef5f6edce7",
    "X-Sign": "08c199ab...",
    "Accept": "application/json"
  },
  "body": null,
  "params": {
    "page": 26
  }
}
================================================================================

{
  "timestamp": "2026-03-31T22:51:51.672Z",
  "type": "request",
  "endpoint": "GET /games",
  "fullUrl": "https://staging.slotegrator.com/api/index.php/v1/games?page=26",
  "headers": {
    "X-Merchant-Id": "dbb46701285c1a2e24a0bf92f00501e5",
    "X-Timestamp": "1774997511",
    "X-Nonce": "f90560a264702380da95cd02c7c532f3",
    "X-Sign": "630f2ef8...",
    "Accept": "application/json"
  },
  "body": null,
  "params": {
    "page": 26
  }
}
================================================================================

{
  "timestamp": "2026-03-31T22:51:52.106Z",
  "type": "request",
  "endpoint": "GET /games",
  "fullUrl": "https://staging.slotegrator.com/api/index.php/v1/games?page=27",
  "headers": {
    "X-Merchant-Id": "dbb46701285c1a2e24a0bf92f00501e5",
    "X-Timestamp": "1774997512",
    "X-Nonce": "5a8bc9d0d436230cb9e4cfc30f896993",
    "X-Sign": "df1664cc...",
    "Accept": "application/json"
  },
  "body": null,
  "params": {
    "page": 27
  }
}
================================================================================

{
  "timestamp": "2026-03-31T22:51:52.323Z",
  "type": "request",
  "endpoint": "GET /games",
  "fullUrl": "https://staging.slotegrator.com/api/index.php/v1/games?page=27",
  "headers": {
    "X-Merchant-Id": "dbb46701285c1a2e24a0bf92f00501e5",
    "X-Timestamp": "1774997512",
    "X-Nonce": "2d4b45d98ef974a1cbcf2fcb5a7eb5f3",
    "X-Sign": "15a91502...",
    "Accept": "application/json"
  },
  "body": null,
  "params": {
    "page": 27
  }
}
================================================================================

{
  "timestamp": "2026-03-31T22:51:52.676Z",
  "type": "request",
  "endpoint": "GET /games",
  "fullUrl": "https://staging.slotegrator.com/api/index.php/v1/games?page=28",
  "headers": {
    "X-Merchant-Id": "dbb46701285c1a2e24a0bf92f00501e5",
    "X-Timestamp": "1774997512",
    "X-Nonce": "48e4f0fdbf28f4b4e6e722a72a2997be",
    "X-Sign": "d9419304...",
    "Accept": "application/json"
  },
  "body": null,
  "params": {
    "page": 28
  }
}
================================================================================

{
  "timestamp": "2026-03-31T22:51:53.159Z",
  "type": "request",
  "endpoint": "GET /games",
  "fullUrl": "https://staging.slotegrator.com/api/index.php/v1/games?page=28",
  "headers": {
    "X-Merchant-Id": "dbb46701285c1a2e24a0bf92f00501e5",
    "X-Timestamp": "1774997513",
    "X-Nonce": "8914403437e2ccbb2287724af8cafd53",
    "X-Sign": "3a170f33...",
    "Accept": "application/json"
  },
  "body": null,
  "params": {
    "page": 28
  }
}
================================================================================

{
  "timestamp": "2026-03-31T22:51:53.323Z",
  "type": "request",
  "endpoint": "GET /games",
  "fullUrl": "https://staging.slotegrator.com/api/index.php/v1/games?page=29",
  "headers": {
    "X-Merchant-Id": "dbb46701285c1a2e24a0bf92f00501e5",
    "X-Timestamp": "1774997513",
    "X-Nonce": "093094ea9999bd325f6719091acdc377",
    "X-Sign": "64dd3263...",
    "Accept": "application/json"
  },
  "body": null,
  "params": {
    "page": 29
  }
}
================================================================================

{
  "timestamp": "2026-03-31T22:51:53.812Z",
  "type": "request",
  "endpoint": "GET /games",
  "fullUrl": "https://staging.slotegrator.com/api/index.php/v1/games?page=29",
  "headers": {
    "X-Merchant-Id": "dbb46701285c1a2e24a0bf92f00501e5",
    "X-Timestamp": "1774997513",
    "X-Nonce": "503d449fbc2cb4f4daabe6b20dc4350c",
    "X-Sign": "e5e47540...",
    "Accept": "application/json"
  },
  "body": null,
  "params": {
    "page": 29
  }
}
================================================================================

{
  "timestamp": "2026-03-31T22:51:53.905Z",
  "type": "request",
  "endpoint": "GET /games",
  "fullUrl": "https://staging.slotegrator.com/api/index.php/v1/games?page=30",
  "headers": {
    "X-Merchant-Id": "dbb46701285c1a2e24a0bf92f00501e5",
    "X-Timestamp": "1774997513",
    "X-Nonce": "d07b91d6aed1a8a49892c56b6a6e8fbd",
    "X-Sign": "e7e56d7e...",
    "Accept": "application/json"
  },
  "body": null,
  "params": {
    "page": 30
  }
}
================================================================================

{
  "timestamp": "2026-03-31T22:51:54.362Z",
  "type": "request",
  "endpoint": "GET /games",
  "fullUrl": "https://staging.slotegrator.com/api/index.php/v1/games",
  "headers": {
    "X-Merchant-Id": "dbb46701285c1a2e24a0bf92f00501e5",
    "X-Timestamp": "1774997514",
    "X-Nonce": "a4a2741d51a25dc8d69ebd2e1e407c3a",
    "X-Sign": "884d8449...",
    "Accept": "application/json"
  },
  "body": null,
  "params": null
}
================================================================================

{
  "timestamp": "2026-03-31T22:51:54.369Z",
  "type": "request",
  "endpoint": "GET /games",
  "fullUrl": "https://staging.slotegrator.com/api/index.php/v1/games",
  "headers": {
    "X-Merchant-Id": "dbb46701285c1a2e24a0bf92f00501e5",
    "X-Timestamp": "1774997514",
    "X-Nonce": "005a37c804d429ed3d072b4ca2152701",
    "X-Sign": "3993d915...",
    "Accept": "application/json"
  },
  "body": null,
  "params": null
}
================================================================================

{
  "timestamp": "2026-03-31T22:51:55.165Z",
  "type": "request",
  "endpoint": "GET /games",
  "fullUrl": "https://staging.slotegrator.com/api/index.php/v1/games?page=30",
  "headers": {
    "X-Merchant-Id": "dbb46701285c1a2e24a0bf92f00501e5",
    "X-Timestamp": "1774997515",
    "X-Nonce": "b5edb2cd93bc477437d5824ff0d17e29",
    "X-Sign": "f10f55b5...",
    "Accept": "application/json"
  },
  "body": null,
  "params": {
    "page": 30
  }
}
================================================================================

{
  "timestamp": "2026-03-31T22:51:55.231Z",
  "type": "request",
  "endpoint": "GET /games",
  "fullUrl": "https://staging.slotegrator.com/api/index.php/v1/games?page=2",
  "headers": {
    "X-Merchant-Id": "dbb46701285c1a2e24a0bf92f00501e5",
    "X-Timestamp": "1774997515",
    "X-Nonce": "803ba4329405d1a957df79e22bc9b9b2",
    "X-Sign": "6feb52dc...",
    "Accept": "application/json"
  },
  "body": null,
  "params": {
    "page": 2
  }
}
================================================================================

{
  "timestamp": "2026-03-31T22:51:55.882Z",
  "type": "request",
  "endpoint": "GET /games",
  "fullUrl": "https://staging.slotegrator.com/api/index.php/v1/games?page=3",
  "headers": {
    "X-Merchant-Id": "dbb46701285c1a2e24a0bf92f00501e5",
    "X-Timestamp": "1774997515",
    "X-Nonce": "ec7d87dac7784e0e25ffc83db863af36",
    "X-Sign": "fc692676...",
    "Accept": "application/json"
  },
  "body": null,
  "params": {
    "page": 3
  }
}
================================================================================

{
  "timestamp": "2026-03-31T22:51:55.976Z",
  "type": "request",
  "endpoint": "GET /games",
  "fullUrl": "https://staging.slotegrator.com/api/index.php/v1/games?page=2",
  "headers": {
    "X-Merchant-Id": "dbb46701285c1a2e24a0bf92f00501e5",
    "X-Timestamp": "1774997515",
    "X-Nonce": "aaf08f83094c87d88c5dc17b553d4815",
    "X-Sign": "4aa412b5...",
    "Accept": "application/json"
  },
  "body": null,
  "params": {
    "page": 2
  }
}
================================================================================

{
  "timestamp": "2026-03-31T22:51:56.407Z",
  "type": "request",
  "endpoint": "GET /games",
  "fullUrl": "https://staging.slotegrator.com/api/index.php/v1/games?page=4",
  "headers": {
    "X-Merchant-Id": "dbb46701285c1a2e24a0bf92f00501e5",
    "X-Timestamp": "1774997516",
    "X-Nonce": "dcf1ffd84999b6144cf6d23d23dbb8d0",
    "X-Sign": "71599ab8...",
    "Accept": "application/json"
  },
  "body": null,
  "params": {
    "page": 4
  }
}
================================================================================

{
  "timestamp": "2026-03-31T22:51:56.548Z",
  "type": "request",
  "endpoint": "GET /games",
  "fullUrl": "https://staging.slotegrator.com/api/index.php/v1/games?page=3",
  "headers": {
    "X-Merchant-Id": "dbb46701285c1a2e24a0bf92f00501e5",
    "X-Timestamp": "1774997516",
    "X-Nonce": "a74d4da21cef73456c5c60401753faef",
    "X-Sign": "9abead26...",
    "Accept": "application/json"
  },
  "body": null,
  "params": {
    "page": 3
  }
}
================================================================================

{
  "timestamp": "2026-03-31T22:51:56.940Z",
  "type": "request",
  "endpoint": "GET /games",
  "fullUrl": "https://staging.slotegrator.com/api/index.php/v1/games?page=5",
  "headers": {
    "X-Merchant-Id": "dbb46701285c1a2e24a0bf92f00501e5",
    "X-Timestamp": "1774997516",
    "X-Nonce": "1ff3fddc51bc7a2a74815f694a601aa0",
    "X-Sign": "58d0b991...",
    "Accept": "application/json"
  },
  "body": null,
  "params": {
    "page": 5
  }
}
================================================================================

{
  "timestamp": "2026-03-31T22:51:57.158Z",
  "type": "request",
  "endpoint": "GET /games",
  "fullUrl": "https://staging.slotegrator.com/api/index.php/v1/games?page=4",
  "headers": {
    "X-Merchant-Id": "dbb46701285c1a2e24a0bf92f00501e5",
    "X-Timestamp": "1774997517",
    "X-Nonce": "77f031343dfb5aae4abbf45b6abb8dab",
    "X-Sign": "6f6da599...",
    "Accept": "application/json"
  },
  "body": null,
  "params": {
    "page": 4
  }
}
================================================================================

{
  "timestamp": "2026-03-31T22:51:57.481Z",
  "type": "request",
  "endpoint": "GET /games",
  "fullUrl": "https://staging.slotegrator.com/api/index.php/v1/games?page=6",
  "headers": {
    "X-Merchant-Id": "dbb46701285c1a2e24a0bf92f00501e5",
    "X-Timestamp": "1774997517",
    "X-Nonce": "02155ee2749038b89b733fe82fb4dcac",
    "X-Sign": "02863e7b...",
    "Accept": "application/json"
  },
  "body": null,
  "params": {
    "page": 6
  }
}
================================================================================

{
  "timestamp": "2026-03-31T22:51:57.759Z",
  "type": "request",
  "endpoint": "GET /games",
  "fullUrl": "https://staging.slotegrator.com/api/index.php/v1/games?page=5",
  "headers": {
    "X-Merchant-Id": "dbb46701285c1a2e24a0bf92f00501e5",
    "X-Timestamp": "1774997517",
    "X-Nonce": "13524da6353dae994b4a89f57b26bec5",
    "X-Sign": "03585b3f...",
    "Accept": "application/json"
  },
  "body": null,
  "params": {
    "page": 5
  }
}
================================================================================

{
  "timestamp": "2026-03-31T22:51:58.052Z",
  "type": "request",
  "endpoint": "GET /games",
  "fullUrl": "https://staging.slotegrator.com/api/index.php/v1/games?page=7",
  "headers": {
    "X-Merchant-Id": "dbb46701285c1a2e24a0bf92f00501e5",
    "X-Timestamp": "1774997518",
    "X-Nonce": "1a5c1848df889956e4918a113c4d8d5c",
    "X-Sign": "82f8d51c...",
    "Accept": "application/json"
  },
  "body": null,
  "params": {
    "page": 7
  }
}
================================================================================

{
  "timestamp": "2026-03-31T22:51:58.321Z",
  "type": "request",
  "endpoint": "GET /games",
  "fullUrl": "https://staging.slotegrator.com/api/index.php/v1/games?page=6",
  "headers": {
    "X-Merchant-Id": "dbb46701285c1a2e24a0bf92f00501e5",
    "X-Timestamp": "1774997518",
    "X-Nonce": "a718d3fd932d47d22ceb6adac4ee0e6a",
    "X-Sign": "d4a4779d...",
    "Accept": "application/json"
  },
  "body": null,
  "params": {
    "page": 6
  }
}
================================================================================

{
  "timestamp": "2026-03-31T22:51:58.646Z",
  "type": "request",
  "endpoint": "GET /games",
  "fullUrl": "https://staging.slotegrator.com/api/index.php/v1/games?page=8",
  "headers": {
    "X-Merchant-Id": "dbb46701285c1a2e24a0bf92f00501e5",
    "X-Timestamp": "1774997518",
    "X-Nonce": "c20d3a3856c2f240be91a73abb23fe0e",
    "X-Sign": "6923603b...",
    "Accept": "application/json"
  },
  "body": null,
  "params": {
    "page": 8
  }
}
================================================================================

{
  "timestamp": "2026-03-31T22:51:58.892Z",
  "type": "request",
  "endpoint": "GET /games",
  "fullUrl": "https://staging.slotegrator.com/api/index.php/v1/games?page=7",
  "headers": {
    "X-Merchant-Id": "dbb46701285c1a2e24a0bf92f00501e5",
    "X-Timestamp": "1774997518",
    "X-Nonce": "4444c29f5267cf111ed81b0d595258d7",
    "X-Sign": "3cd186cc...",
    "Accept": "application/json"
  },
  "body": null,
  "params": {
    "page": 7
  }
}
================================================================================

{
  "timestamp": "2026-03-31T22:51:59.221Z",
  "type": "request",
  "endpoint": "GET /games",
  "fullUrl": "https://staging.slotegrator.com/api/index.php/v1/games?page=9",
  "headers": {
    "X-Merchant-Id": "dbb46701285c1a2e24a0bf92f00501e5",
    "X-Timestamp": "1774997519",
    "X-Nonce": "22f2d928892fdba892d736459fd53262",
    "X-Sign": "f7ce4c34...",
    "Accept": "application/json"
  },
  "body": null,
  "params": {
    "page": 9
  }
}
================================================================================

{
  "timestamp": "2026-03-31T22:51:59.471Z",
  "type": "request",
  "endpoint": "GET /games",
  "fullUrl": "https://staging.slotegrator.com/api/index.php/v1/games?page=8",
  "headers": {
    "X-Merchant-Id": "dbb46701285c1a2e24a0bf92f00501e5",
    "X-Timestamp": "1774997519",
    "X-Nonce": "1353d3d59c7f319fb9f4fd744db96a0c",
    "X-Sign": "eb234912...",
    "Accept": "application/json"
  },
  "body": null,
  "params": {
    "page": 8
  }
}
================================================================================

{
  "timestamp": "2026-03-31T22:51:59.831Z",
  "type": "request",
  "endpoint": "GET /games",
  "fullUrl": "https://staging.slotegrator.com/api/index.php/v1/games?page=10",
  "headers": {
    "X-Merchant-Id": "dbb46701285c1a2e24a0bf92f00501e5",
    "X-Timestamp": "1774997519",
    "X-Nonce": "3379630f6cc52fa0d5379f12c7747e3c",
    "X-Sign": "5ef7523d...",
    "Accept": "application/json"
  },
  "body": null,
  "params": {
    "page": 10
  }
}
================================================================================

{
  "timestamp": "2026-03-31T22:52:00.066Z",
  "type": "request",
  "endpoint": "GET /games",
  "fullUrl": "https://staging.slotegrator.com/api/index.php/v1/games?page=9",
  "headers": {
    "X-Merchant-Id": "dbb46701285c1a2e24a0bf92f00501e5",
    "X-Timestamp": "1774997520",
    "X-Nonce": "ad24f5ad56c1998b9e1135378af5d660",
    "X-Sign": "59054d11...",
    "Accept": "application/json"
  },
  "body": null,
  "params": {
    "page": 9
  }
}
================================================================================

{
  "timestamp": "2026-03-31T22:52:00.391Z",
  "type": "request",
  "endpoint": "GET /games",
  "fullUrl": "https://staging.slotegrator.com/api/index.php/v1/games?page=11",
  "headers": {
    "X-Merchant-Id": "dbb46701285c1a2e24a0bf92f00501e5",
    "X-Timestamp": "1774997520",
    "X-Nonce": "62bb90ed4e832ddd478d50a6917f48be",
    "X-Sign": "0d5793f9...",
    "Accept": "application/json"
  },
  "body": null,
  "params": {
    "page": 11
  }
}
================================================================================

{
  "timestamp": "2026-03-31T22:52:00.652Z",
  "type": "request",
  "endpoint": "GET /games",
  "fullUrl": "https://staging.slotegrator.com/api/index.php/v1/games?page=10",
  "headers": {
    "X-Merchant-Id": "dbb46701285c1a2e24a0bf92f00501e5",
    "X-Timestamp": "1774997520",
    "X-Nonce": "e825557c16e5017a9309c9188cf95920",
    "X-Sign": "9bcff823...",
    "Accept": "application/json"
  },
  "body": null,
  "params": {
    "page": 10
  }
}
================================================================================

{
  "timestamp": "2026-03-31T22:52:00.901Z",
  "type": "request",
  "endpoint": "GET /games",
  "fullUrl": "https://staging.slotegrator.com/api/index.php/v1/games?page=12",
  "headers": {
    "X-Merchant-Id": "dbb46701285c1a2e24a0bf92f00501e5",
    "X-Timestamp": "1774997520",
    "X-Nonce": "d4ac7ab83db790320a1f777ec4caf0f1",
    "X-Sign": "c5d35f0a...",
    "Accept": "application/json"
  },
  "body": null,
  "params": {
    "page": 12
  }
}
================================================================================

{
  "timestamp": "2026-03-31T22:52:01.225Z",
  "type": "request",
  "endpoint": "GET /games",
  "fullUrl": "https://staging.slotegrator.com/api/index.php/v1/games?page=11",
  "headers": {
    "X-Merchant-Id": "dbb46701285c1a2e24a0bf92f00501e5",
    "X-Timestamp": "1774997521",
    "X-Nonce": "8d58bf305a1d5c0aa852fdcad421b443",
    "X-Sign": "4abd08c7...",
    "Accept": "application/json"
  },
  "body": null,
  "params": {
    "page": 11
  }
}
================================================================================

{
  "timestamp": "2026-03-31T22:52:01.508Z",
  "type": "request",
  "endpoint": "GET /games",
  "fullUrl": "https://staging.slotegrator.com/api/index.php/v1/games?page=13",
  "headers": {
    "X-Merchant-Id": "dbb46701285c1a2e24a0bf92f00501e5",
    "X-Timestamp": "1774997521",
    "X-Nonce": "f5cd541fb3ab6679cc4e30d917802279",
    "X-Sign": "7a2601e7...",
    "Accept": "application/json"
  },
  "body": null,
  "params": {
    "page": 13
  }
}
================================================================================

{
  "timestamp": "2026-03-31T22:52:01.763Z",
  "type": "request",
  "endpoint": "GET /games",
  "fullUrl": "https://staging.slotegrator.com/api/index.php/v1/games?page=12",
  "headers": {
    "X-Merchant-Id": "dbb46701285c1a2e24a0bf92f00501e5",
    "X-Timestamp": "1774997521",
    "X-Nonce": "0ec30b94a24f97514b8e818a601f8352",
    "X-Sign": "d7d06f51...",
    "Accept": "application/json"
  },
  "body": null,
  "params": {
    "page": 12
  }
}
================================================================================

{
  "timestamp": "2026-03-31T22:52:02.074Z",
  "type": "request",
  "endpoint": "GET /limits",
  "fullUrl": "https://staging.slotegrator.com/api/index.php/v1/limits",
  "headers": {
    "X-Merchant-Id": "dbb46701285c1a2e24a0bf92f00501e5",
    "X-Timestamp": "1774997522",
    "X-Nonce": "186216e41f2cd069ffb93c4c3d18dd4e",
    "X-Sign": "504ea6b2...",
    "Accept": "application/json"
  },
  "body": null,
  "params": null
}
================================================================================

{
  "timestamp": "2026-03-31T22:52:02.124Z",
  "type": "request",
  "endpoint": "GET /games",
  "fullUrl": "https://staging.slotegrator.com/api/index.php/v1/games?page=14",
  "headers": {
    "X-Merchant-Id": "dbb46701285c1a2e24a0bf92f00501e5",
    "X-Timestamp": "1774997522",
    "X-Nonce": "0c76a193b2b7e7307e426a750e24408c",
    "X-Sign": "0a26f9ea...",
    "Accept": "application/json"
  },
  "body": null,
  "params": {
    "page": 14
  }
}
================================================================================

{
  "timestamp": "2026-03-31T22:52:02.325Z",
  "type": "request",
  "endpoint": "GET /games",
  "fullUrl": "https://staging.slotegrator.com/api/index.php/v1/games?page=13",
  "headers": {
    "X-Merchant-Id": "dbb46701285c1a2e24a0bf92f00501e5",
    "X-Timestamp": "1774997522",
    "X-Nonce": "f8e341816ee92efe72f34dfa0782b65d",
    "X-Sign": "822dbe60...",
    "Accept": "application/json"
  },
  "body": null,
  "params": {
    "page": 13
  }
}
================================================================================

{
  "timestamp": "2026-03-31T22:52:02.366Z",
  "type": "request",
  "endpoint": "GET /games",
  "fullUrl": "https://staging.slotegrator.com/api/index.php/v1/games",
  "headers": {
    "X-Merchant-Id": "dbb46701285c1a2e24a0bf92f00501e5",
    "X-Timestamp": "1774997522",
    "X-Nonce": "133888fc5150be38a7a3fd59d0f0d16c",
    "X-Sign": "06bc7c2e...",
    "Accept": "application/json"
  },
  "body": null,
  "params": null
}
================================================================================

{
  "timestamp": "2026-03-31T22:52:02.369Z",
  "type": "request",
  "endpoint": "GET /games",
  "fullUrl": "https://staging.slotegrator.com/api/index.php/v1/games",
  "headers": {
    "X-Merchant-Id": "dbb46701285c1a2e24a0bf92f00501e5",
    "X-Timestamp": "1774997522",
    "X-Nonce": "3db88f89a1e613c8d5ac106b081eaea5",
    "X-Sign": "1af21ea8...",
    "Accept": "application/json"
  },
  "body": null,
  "params": null
}
================================================================================

{
  "timestamp": "2026-03-31T22:52:02.640Z",
  "type": "request",
  "endpoint": "GET /games",
  "fullUrl": "https://staging.slotegrator.com/api/index.php/v1/games?page=15",
  "headers": {
    "X-Merchant-Id": "dbb46701285c1a2e24a0bf92f00501e5",
    "X-Timestamp": "1774997522",
    "X-Nonce": "7e86be902d3d69c7e59950dd0edf776d",
    "X-Sign": "c5c218ac...",
    "Accept": "application/json"
  },
  "body": null,
  "params": {
    "page": 15
  }
}
================================================================================

{
  "timestamp": "2026-03-31T22:52:02.923Z",
  "type": "request",
  "endpoint": "GET /games",
  "fullUrl": "https://staging.slotegrator.com/api/index.php/v1/games?page=14",
  "headers": {
    "X-Merchant-Id": "dbb46701285c1a2e24a0bf92f00501e5",
    "X-Timestamp": "1774997522",
    "X-Nonce": "08396aa033052db9883d242c50fe7bcc",
    "X-Sign": "bd5dc052...",
    "Accept": "application/json"
  },
  "body": null,
  "params": {
    "page": 14
  }
}
================================================================================

{
  "timestamp": "2026-03-31T22:52:02.975Z",
  "type": "request",
  "endpoint": "GET /games",
  "fullUrl": "https://staging.slotegrator.com/api/index.php/v1/games?page=2",
  "headers": {
    "X-Merchant-Id": "dbb46701285c1a2e24a0bf92f00501e5",
    "X-Timestamp": "1774997522",
    "X-Nonce": "86503e6abc61370889fa3237a055a777",
    "X-Sign": "55eee6cd...",
    "Accept": "application/json"
  },
  "body": null,
  "params": {
    "page": 2
  }
}
================================================================================

{
  "timestamp": "2026-03-31T22:52:03.044Z",
  "type": "request",
  "endpoint": "GET /games",
  "fullUrl": "https://staging.slotegrator.com/api/index.php/v1/games?page=2",
  "headers": {
    "X-Merchant-Id": "dbb46701285c1a2e24a0bf92f00501e5",
    "X-Timestamp": "1774997523",
    "X-Nonce": "6e9b65a45414d492fc12110427e5c487",
    "X-Sign": "a6ac529d...",
    "Accept": "application/json"
  },
  "body": null,
  "params": {
    "page": 2
  }
}
================================================================================

{
  "timestamp": "2026-03-31T22:52:03.206Z",
  "type": "request",
  "endpoint": "GET /games",
  "fullUrl": "https://staging.slotegrator.com/api/index.php/v1/games?page=16",
  "headers": {
    "X-Merchant-Id": "dbb46701285c1a2e24a0bf92f00501e5",
    "X-Timestamp": "1774997523",
    "X-Nonce": "58197381597b25afffb8c42f981c7f73",
    "X-Sign": "73d0bb20...",
    "Accept": "application/json"
  },
  "body": null,
  "params": {
    "page": 16
  }
}
================================================================================

{
  "timestamp": "2026-03-31T22:52:03.548Z",
  "type": "request",
  "endpoint": "GET /games",
  "fullUrl": "https://staging.slotegrator.com/api/index.php/v1/games?page=15",
  "headers": {
    "X-Merchant-Id": "dbb46701285c1a2e24a0bf92f00501e5",
    "X-Timestamp": "1774997523",
    "X-Nonce": "c76d1258e316320d8ba1fe0ce26d748c",
    "X-Sign": "b78a483d...",
    "Accept": "application/json"
  },
  "body": null,
  "params": {
    "page": 15
  }
}
================================================================================

{
  "timestamp": "2026-03-31T22:52:03.657Z",
  "type": "request",
  "endpoint": "GET /games",
  "fullUrl": "https://staging.slotegrator.com/api/index.php/v1/games?page=3",
  "headers": {
    "X-Merchant-Id": "dbb46701285c1a2e24a0bf92f00501e5",
    "X-Timestamp": "1774997523",
    "X-Nonce": "b60cf7b5800d3ec8b92a765653b198da",
    "X-Sign": "644892a2...",
    "Accept": "application/json"
  },
  "body": null,
  "params": {
    "page": 3
  }
}
================================================================================

{
  "timestamp": "2026-03-31T22:52:03.713Z",
  "type": "request",
  "endpoint": "GET /games",
  "fullUrl": "https://staging.slotegrator.com/api/index.php/v1/games?page=3",
  "headers": {
    "X-Merchant-Id": "dbb46701285c1a2e24a0bf92f00501e5",
    "X-Timestamp": "1774997523",
    "X-Nonce": "fedb38172862ed1595bf5cbcbbd6f6c4",
    "X-Sign": "119f4dd8...",
    "Accept": "application/json"
  },
  "body": null,
  "params": {
    "page": 3
  }
}
================================================================================

{
  "timestamp": "2026-03-31T22:52:03.816Z",
  "type": "request",
  "endpoint": "GET /games",
  "fullUrl": "https://staging.slotegrator.com/api/index.php/v1/games?page=17",
  "headers": {
    "X-Merchant-Id": "dbb46701285c1a2e24a0bf92f00501e5",
    "X-Timestamp": "1774997523",
    "X-Nonce": "dea5128d8ac0c9aa6665e47dbbf4841d",
    "X-Sign": "98a0aeeb...",
    "Accept": "application/json"
  },
  "body": null,
  "params": {
    "page": 17
  }
}
================================================================================

{
  "timestamp": "2026-03-31T22:52:04.125Z",
  "type": "request",
  "endpoint": "GET /games",
  "fullUrl": "https://staging.slotegrator.com/api/index.php/v1/games?page=16",
  "headers": {
    "X-Merchant-Id": "dbb46701285c1a2e24a0bf92f00501e5",
    "X-Timestamp": "1774997524",
    "X-Nonce": "be15cb8f5799627cc598378dc757f058",
    "X-Sign": "32ddd4a1...",
    "Accept": "application/json"
  },
  "body": null,
  "params": {
    "page": 16
  }
}
================================================================================

{
  "timestamp": "2026-03-31T22:52:04.250Z",
  "type": "request",
  "endpoint": "GET /games",
  "fullUrl": "https://staging.slotegrator.com/api/index.php/v1/games?page=4",
  "headers": {
    "X-Merchant-Id": "dbb46701285c1a2e24a0bf92f00501e5",
    "X-Timestamp": "1774997524",
    "X-Nonce": "89ddf835481728d5cbdec9775bb3364f",
    "X-Sign": "4ce184f2...",
    "Accept": "application/json"
  },
  "body": null,
  "params": {
    "page": 4
  }
}
================================================================================

{
  "timestamp": "2026-03-31T22:52:04.288Z",
  "type": "request",
  "endpoint": "GET /games",
  "fullUrl": "https://staging.slotegrator.com/api/index.php/v1/games?page=4",
  "headers": {
    "X-Merchant-Id": "dbb46701285c1a2e24a0bf92f00501e5",
    "X-Timestamp": "1774997524",
    "X-Nonce": "c30e7456bc9c44a0e9a125f2dcbe7eca",
    "X-Sign": "c84edd0f...",
    "Accept": "application/json"
  },
  "body": null,
  "params": {
    "page": 4
  }
}
================================================================================

{
  "timestamp": "2026-03-31T22:52:04.456Z",
  "type": "request",
  "endpoint": "GET /games",
  "fullUrl": "https://staging.slotegrator.com/api/index.php/v1/games?page=18",
  "headers": {
    "X-Merchant-Id": "dbb46701285c1a2e24a0bf92f00501e5",
    "X-Timestamp": "1774997524",
    "X-Nonce": "3f14803ccc99bf0a2097b6d7598eab67",
    "X-Sign": "080ca317...",
    "Accept": "application/json"
  },
  "body": null,
  "params": {
    "page": 18
  }
}
================================================================================

{
  "timestamp": "2026-03-31T22:52:04.757Z",
  "type": "request",
  "endpoint": "GET /games",
  "fullUrl": "https://staging.slotegrator.com/api/index.php/v1/games?page=17",
  "headers": {
    "X-Merchant-Id": "dbb46701285c1a2e24a0bf92f00501e5",
    "X-Timestamp": "1774997524",
    "X-Nonce": "7281d61eba8283018157b58457b1a51c",
    "X-Sign": "4953e841...",
    "Accept": "application/json"
  },
  "body": null,
  "params": {
    "page": 17
  }
}
================================================================================

{
  "timestamp": "2026-03-31T22:52:04.814Z",
  "type": "request",
  "endpoint": "GET /games",
  "fullUrl": "https://staging.slotegrator.com/api/index.php/v1/games?page=5",
  "headers": {
    "X-Merchant-Id": "dbb46701285c1a2e24a0bf92f00501e5",
    "X-Timestamp": "1774997524",
    "X-Nonce": "7f94854266b830c30ba9edb19b6bc2ca",
    "X-Sign": "c5f5b2a8...",
    "Accept": "application/json"
  },
  "body": null,
  "params": {
    "page": 5
  }
}
================================================================================

{
  "timestamp": "2026-03-31T22:52:04.840Z",
  "type": "request",
  "endpoint": "GET /games",
  "fullUrl": "https://staging.slotegrator.com/api/index.php/v1/games?page=5",
  "headers": {
    "X-Merchant-Id": "dbb46701285c1a2e24a0bf92f00501e5",
    "X-Timestamp": "1774997524",
    "X-Nonce": "6beaa8b1b5fea8547edabb02801408fb",
    "X-Sign": "a217df27...",
    "Accept": "application/json"
  },
  "body": null,
  "params": {
    "page": 5
  }
}
================================================================================

{
  "timestamp": "2026-03-31T22:52:05.023Z",
  "type": "request",
  "endpoint": "GET /games",
  "fullUrl": "https://staging.slotegrator.com/api/index.php/v1/games?page=19",
  "headers": {
    "X-Merchant-Id": "dbb46701285c1a2e24a0bf92f00501e5",
    "X-Timestamp": "1774997525",
    "X-Nonce": "3b875e65115d4ecdb5501c0592131ef9",
    "X-Sign": "510ccc2a...",
    "Accept": "application/json"
  },
  "body": null,
  "params": {
    "page": 19
  }
}
================================================================================

{
  "timestamp": "2026-03-31T22:52:05.366Z",
  "type": "request",
  "endpoint": "GET /games",
  "fullUrl": "https://staging.slotegrator.com/api/index.php/v1/games?page=18",
  "headers": {
    "X-Merchant-Id": "dbb46701285c1a2e24a0bf92f00501e5",
    "X-Timestamp": "1774997525",
    "X-Nonce": "4a18344727fcfb712cabe184194641a4",
    "X-Sign": "68c645a6...",
    "Accept": "application/json"
  },
  "body": null,
  "params": {
    "page": 18
  }
}
================================================================================

{
  "timestamp": "2026-03-31T22:52:05.389Z",
  "type": "request",
  "endpoint": "GET /games",
  "fullUrl": "https://staging.slotegrator.com/api/index.php/v1/games",
  "headers": {
    "X-Merchant-Id": "dbb46701285c1a2e24a0bf92f00501e5",
    "X-Timestamp": "1774997525",
    "X-Nonce": "8cbd753fe2c06a1001ede0533feb67cd",
    "X-Sign": "cd3801f4...",
    "Accept": "application/json"
  },
  "body": null,
  "params": null
}
================================================================================

{
  "timestamp": "2026-03-31T22:52:05.442Z",
  "type": "request",
  "endpoint": "GET /games",
  "fullUrl": "https://staging.slotegrator.com/api/index.php/v1/games",
  "headers": {
    "X-Merchant-Id": "dbb46701285c1a2e24a0bf92f00501e5",
    "X-Timestamp": "1774997525",
    "X-Nonce": "20c3c87006dfbad491a031d62995619c",
    "X-Sign": "47ab10a7...",
    "Accept": "application/json"
  },
  "body": null,
  "params": null
}
================================================================================

{
  "timestamp": "2026-03-31T22:52:05.590Z",
  "type": "request",
  "endpoint": "GET /games",
  "fullUrl": "https://staging.slotegrator.com/api/index.php/v1/games?page=20",
  "headers": {
    "X-Merchant-Id": "dbb46701285c1a2e24a0bf92f00501e5",
    "X-Timestamp": "1774997525",
    "X-Nonce": "fd878b8676a5258c657681e540d76973",
    "X-Sign": "4dc051b0...",
    "Accept": "application/json"
  },
  "body": null,
  "params": {
    "page": 20
  }
}
================================================================================

{
  "timestamp": "2026-03-31T22:52:05.956Z",
  "type": "request",
  "endpoint": "GET /games",
  "fullUrl": "https://staging.slotegrator.com/api/index.php/v1/games?page=19",
  "headers": {
    "X-Merchant-Id": "dbb46701285c1a2e24a0bf92f00501e5",
    "X-Timestamp": "1774997525",
    "X-Nonce": "e333a5903e7577b6e9f88cdaa6f8af5f",
    "X-Sign": "4fcde57d...",
    "Accept": "application/json"
  },
  "body": null,
  "params": {
    "page": 19
  }
}
================================================================================

{
  "timestamp": "2026-03-31T22:52:06.013Z",
  "type": "request",
  "endpoint": "GET /games",
  "fullUrl": "https://staging.slotegrator.com/api/index.php/v1/games?page=2",
  "headers": {
    "X-Merchant-Id": "dbb46701285c1a2e24a0bf92f00501e5",
    "X-Timestamp": "1774997526",
    "X-Nonce": "ba6f5ea952c900a5544cf8ec79684d64",
    "X-Sign": "a829f50c...",
    "Accept": "application/json"
  },
  "body": null,
  "params": {
    "page": 2
  }
}
================================================================================

{
  "timestamp": "2026-03-31T22:52:06.039Z",
  "type": "request",
  "endpoint": "GET /games",
  "fullUrl": "https://staging.slotegrator.com/api/index.php/v1/games?page=2",
  "headers": {
    "X-Merchant-Id": "dbb46701285c1a2e24a0bf92f00501e5",
    "X-Timestamp": "1774997526",
    "X-Nonce": "3aa97459a21e28fbc8e5badf74dbd531",
    "X-Sign": "30adf6ec...",
    "Accept": "application/json"
  },
  "body": null,
  "params": {
    "page": 2
  }
}
================================================================================

{
  "timestamp": "2026-03-31T22:52:06.288Z",
  "type": "request",
  "endpoint": "GET /games",
  "fullUrl": "https://staging.slotegrator.com/api/index.php/v1/games?page=21",
  "headers": {
    "X-Merchant-Id": "dbb46701285c1a2e24a0bf92f00501e5",
    "X-Timestamp": "1774997526",
    "X-Nonce": "09f95f71a7917b78440b01f951003d4f",
    "X-Sign": "91a8cf26...",
    "Accept": "application/json"
  },
  "body": null,
  "params": {
    "page": 21
  }
}
================================================================================

{
  "timestamp": "2026-03-31T22:52:06.568Z",
  "type": "request",
  "endpoint": "GET /games",
  "fullUrl": "https://staging.slotegrator.com/api/index.php/v1/games?page=20",
  "headers": {
    "X-Merchant-Id": "dbb46701285c1a2e24a0bf92f00501e5",
    "X-Timestamp": "1774997526",
    "X-Nonce": "e8214deb59966260bd38c572fed74cad",
    "X-Sign": "70701f3f...",
    "Accept": "application/json"
  },
  "body": null,
  "params": {
    "page": 20
  }
}
================================================================================

{
  "timestamp": "2026-03-31T22:52:06.578Z",
  "type": "request",
  "endpoint": "GET /games",
  "fullUrl": "https://staging.slotegrator.com/api/index.php/v1/games?page=3",
  "headers": {
    "X-Merchant-Id": "dbb46701285c1a2e24a0bf92f00501e5",
    "X-Timestamp": "1774997526",
    "X-Nonce": "1853f26f4a1432b3ec586e0970afab2c",
    "X-Sign": "8eab3a9a...",
    "Accept": "application/json"
  },
  "body": null,
  "params": {
    "page": 3
  }
}
================================================================================

{
  "timestamp": "2026-03-31T22:52:06.638Z",
  "type": "request",
  "endpoint": "GET /games",
  "fullUrl": "https://staging.slotegrator.com/api/index.php/v1/games?page=3",
  "headers": {
    "X-Merchant-Id": "dbb46701285c1a2e24a0bf92f00501e5",
    "X-Timestamp": "1774997526",
    "X-Nonce": "23e00f8ad32c0c3d24507c826fe37434",
    "X-Sign": "561846e4...",
    "Accept": "application/json"
  },
  "body": null,
  "params": {
    "page": 3
  }
}
================================================================================

{
  "timestamp": "2026-03-31T22:52:06.938Z",
  "type": "request",
  "endpoint": "GET /games",
  "fullUrl": "https://staging.slotegrator.com/api/index.php/v1/games?page=22",
  "headers": {
    "X-Merchant-Id": "dbb46701285c1a2e24a0bf92f00501e5",
    "X-Timestamp": "1774997526",
    "X-Nonce": "6691d4abe33c1b6eb87d7530f5e9dda7",
    "X-Sign": "21dacd41...",
    "Accept": "application/json"
  },
  "body": null,
  "params": {
    "page": 22
  }
}
================================================================================

{
  "timestamp": "2026-03-31T22:52:07.882Z",
  "type": "request",
  "endpoint": "GET /games",
  "fullUrl": "https://staging.slotegrator.com/api/index.php/v1/games?page=4",
  "headers": {
    "X-Merchant-Id": "dbb46701285c1a2e24a0bf92f00501e5",
    "X-Timestamp": "1774997527",
    "X-Nonce": "fea6e8a1fd320ec4e24f33b71b114287",
    "X-Sign": "14f69cc4...",
    "Accept": "application/json"
  },
  "body": null,
  "params": {
    "page": 4
  }
}
================================================================================

{
  "timestamp": "2026-03-31T22:52:07.907Z",
  "type": "request",
  "endpoint": "GET /games",
  "fullUrl": "https://staging.slotegrator.com/api/index.php/v1/games?page=4",
  "headers": {
    "X-Merchant-Id": "dbb46701285c1a2e24a0bf92f00501e5",
    "X-Timestamp": "1774997527",
    "X-Nonce": "9f4d9d7d9c565d59a74256d510a1e4c1",
    "X-Sign": "aae1da24...",
    "Accept": "application/json"
  },
  "body": null,
  "params": {
    "page": 4
  }
}
================================================================================

{
  "timestamp": "2026-03-31T22:52:07.922Z",
  "type": "request",
  "endpoint": "GET /games",
  "fullUrl": "https://staging.slotegrator.com/api/index.php/v1/games?page=21",
  "headers": {
    "X-Merchant-Id": "dbb46701285c1a2e24a0bf92f00501e5",
    "X-Timestamp": "1774997527",
    "X-Nonce": "d109fb3679ea0f21e9f54fc241a6a692",
    "X-Sign": "b9c54de7...",
    "Accept": "application/json"
  },
  "body": null,
  "params": {
    "page": 21
  }
}
================================================================================

{
  "timestamp": "2026-03-31T22:52:07.973Z",
  "type": "request",
  "endpoint": "GET /games",
  "fullUrl": "https://staging.slotegrator.com/api/index.php/v1/games?page=23",
  "headers": {
    "X-Merchant-Id": "dbb46701285c1a2e24a0bf92f00501e5",
    "X-Timestamp": "1774997527",
    "X-Nonce": "aa89a1be1308769618dff410bd7eee6e",
    "X-Sign": "068560d6...",
    "Accept": "application/json"
  },
  "body": null,
  "params": {
    "page": 23
  }
}
================================================================================

{
  "timestamp": "2026-03-31T22:52:08.897Z",
  "type": "request",
  "endpoint": "GET /games",
  "fullUrl": "https://staging.slotegrator.com/api/index.php/v1/games?page=5",
  "headers": {
    "X-Merchant-Id": "dbb46701285c1a2e24a0bf92f00501e5",
    "X-Timestamp": "1774997528",
    "X-Nonce": "3972f1625778a9f9234950ecb9f7b37c",
    "X-Sign": "c056fc40...",
    "Accept": "application/json"
  },
  "body": null,
  "params": {
    "page": 5
  }
}
================================================================================

{
  "timestamp": "2026-03-31T22:52:08.929Z",
  "type": "request",
  "endpoint": "GET /games",
  "fullUrl": "https://staging.slotegrator.com/api/index.php/v1/games?page=5",
  "headers": {
    "X-Merchant-Id": "dbb46701285c1a2e24a0bf92f00501e5",
    "X-Timestamp": "1774997528",
    "X-Nonce": "72f824514a70097f5e1e91a0dc3fe1a4",
    "X-Sign": "323956e1...",
    "Accept": "application/json"
  },
  "body": null,
  "params": {
    "page": 5
  }
}
================================================================================

{
  "timestamp": "2026-03-31T22:52:09.082Z",
  "type": "request",
  "endpoint": "GET /games",
  "fullUrl": "https://staging.slotegrator.com/api/index.php/v1/games?page=22",
  "headers": {
    "X-Merchant-Id": "dbb46701285c1a2e24a0bf92f00501e5",
    "X-Timestamp": "1774997529",
    "X-Nonce": "3d6b12b348096f0727196955b305367c",
    "X-Sign": "87338c2f...",
    "Accept": "application/json"
  },
  "body": null,
  "params": {
    "page": 22
  }
}
================================================================================

{
  "timestamp": "2026-03-31T22:52:09.106Z",
  "type": "request",
  "endpoint": "GET /games",
  "fullUrl": "https://staging.slotegrator.com/api/index.php/v1/games?page=24",
  "headers": {
    "X-Merchant-Id": "dbb46701285c1a2e24a0bf92f00501e5",
    "X-Timestamp": "1774997529",
    "X-Nonce": "b36a4f2e46690199332a28fd2ac285dc",
    "X-Sign": "fe51e32c...",
    "Accept": "application/json"
  },
  "body": null,
  "params": {
    "page": 24
  }
}
================================================================================

{
  "timestamp": "2026-03-31T22:52:09.489Z",
  "type": "request",
  "endpoint": "GET /games",
  "fullUrl": "https://staging.slotegrator.com/api/index.php/v1/games?page=6",
  "headers": {
    "X-Merchant-Id": "dbb46701285c1a2e24a0bf92f00501e5",
    "X-Timestamp": "1774997529",
    "X-Nonce": "ebd1dd46a9af115c8a09da414c7b138a",
    "X-Sign": "a3bebba2...",
    "Accept": "application/json"
  },
  "body": null,
  "params": {
    "page": 6
  }
}
================================================================================

{
  "timestamp": "2026-03-31T22:52:09.514Z",
  "type": "request",
  "endpoint": "GET /games",
  "fullUrl": "https://staging.slotegrator.com/api/index.php/v1/games?page=6",
  "headers": {
    "X-Merchant-Id": "dbb46701285c1a2e24a0bf92f00501e5",
    "X-Timestamp": "1774997529",
    "X-Nonce": "e4873cb4bd2f1ed6f1d96fd6799f0dbf",
    "X-Sign": "ab883a88...",
    "Accept": "application/json"
  },
  "body": null,
  "params": {
    "page": 6
  }
}
================================================================================

{
  "timestamp": "2026-03-31T22:52:09.743Z",
  "type": "request",
  "endpoint": "GET /games",
  "fullUrl": "https://staging.slotegrator.com/api/index.php/v1/games?page=23",
  "headers": {
    "X-Merchant-Id": "dbb46701285c1a2e24a0bf92f00501e5",
    "X-Timestamp": "1774997529",
    "X-Nonce": "b8df17f93f82fa0d6fbc094d66b2212d",
    "X-Sign": "b2a1d969...",
    "Accept": "application/json"
  },
  "body": null,
  "params": {
    "page": 23
  }
}
================================================================================

{
  "timestamp": "2026-03-31T22:52:09.789Z",
  "type": "request",
  "endpoint": "GET /games",
  "fullUrl": "https://staging.slotegrator.com/api/index.php/v1/games?page=25",
  "headers": {
    "X-Merchant-Id": "dbb46701285c1a2e24a0bf92f00501e5",
    "X-Timestamp": "1774997529",
    "X-Nonce": "77a82578010caf2a032a3f70ec933db6",
    "X-Sign": "1b7f4eae...",
    "Accept": "application/json"
  },
  "body": null,
  "params": {
    "page": 25
  }
}
================================================================================

{
  "timestamp": "2026-03-31T22:52:10.007Z",
  "type": "request",
  "endpoint": "GET /games",
  "fullUrl": "https://staging.slotegrator.com/api/index.php/v1/games?page=7",
  "headers": {
    "X-Merchant-Id": "dbb46701285c1a2e24a0bf92f00501e5",
    "X-Timestamp": "1774997530",
    "X-Nonce": "458e28943cf1311c6408a0c28b20e90b",
    "X-Sign": "617263f7...",
    "Accept": "application/json"
  },
  "body": null,
  "params": {
    "page": 7
  }
}
================================================================================

{
  "timestamp": "2026-03-31T22:52:10.040Z",
  "type": "request",
  "endpoint": "GET /games",
  "fullUrl": "https://staging.slotegrator.com/api/index.php/v1/games?page=7",
  "headers": {
    "X-Merchant-Id": "dbb46701285c1a2e24a0bf92f00501e5",
    "X-Timestamp": "1774997530",
    "X-Nonce": "e1a29fd4d49e07ff06447691ab3dfb36",
    "X-Sign": "e8df1dd1...",
    "Accept": "application/json"
  },
  "body": null,
  "params": {
    "page": 7
  }
}
================================================================================

{
  "timestamp": "2026-03-31T22:52:10.376Z",
  "type": "request",
  "endpoint": "GET /games",
  "fullUrl": "https://staging.slotegrator.com/api/index.php/v1/games?page=24",
  "headers": {
    "X-Merchant-Id": "dbb46701285c1a2e24a0bf92f00501e5",
    "X-Timestamp": "1774997530",
    "X-Nonce": "5de5c58eaa31dfa98b1f80f647c61d2a",
    "X-Sign": "18e2a4d9...",
    "Accept": "application/json"
  },
  "body": null,
  "params": {
    "page": 24
  }
}
================================================================================

{
  "timestamp": "2026-03-31T22:52:10.412Z",
  "type": "request",
  "endpoint": "GET /games",
  "fullUrl": "https://staging.slotegrator.com/api/index.php/v1/games?page=26",
  "headers": {
    "X-Merchant-Id": "dbb46701285c1a2e24a0bf92f00501e5",
    "X-Timestamp": "1774997530",
    "X-Nonce": "1c4f6ad8a9c92c08bfe7b94c25e3f8bc",
    "X-Sign": "ebade224...",
    "Accept": "application/json"
  },
  "body": null,
  "params": {
    "page": 26
  }
}
================================================================================

{
  "timestamp": "2026-03-31T22:52:10.606Z",
  "type": "request",
  "endpoint": "GET /games",
  "fullUrl": "https://staging.slotegrator.com/api/index.php/v1/games?page=8",
  "headers": {
    "X-Merchant-Id": "dbb46701285c1a2e24a0bf92f00501e5",
    "X-Timestamp": "1774997530",
    "X-Nonce": "037fca84d3a020e965258a1e35c0c91a",
    "X-Sign": "cb663df5...",
    "Accept": "application/json"
  },
  "body": null,
  "params": {
    "page": 8
  }
}
================================================================================

{
  "timestamp": "2026-03-31T22:52:10.670Z",
  "type": "request",
  "endpoint": "GET /games",
  "fullUrl": "https://staging.slotegrator.com/api/index.php/v1/games?page=8",
  "headers": {
    "X-Merchant-Id": "dbb46701285c1a2e24a0bf92f00501e5",
    "X-Timestamp": "1774997530",
    "X-Nonce": "65d2c1a6d11ff219062f4b6578eb5729",
    "X-Sign": "af6e585b...",
    "Accept": "application/json"
  },
  "body": null,
  "params": {
    "page": 8
  }
}
================================================================================

{
  "timestamp": "2026-03-31T22:52:10.934Z",
  "type": "request",
  "endpoint": "GET /games",
  "fullUrl": "https://staging.slotegrator.com/api/index.php/v1/games?page=25",
  "headers": {
    "X-Merchant-Id": "dbb46701285c1a2e24a0bf92f00501e5",
    "X-Timestamp": "1774997530",
    "X-Nonce": "52aa7eaefabf9eddd0372e3bfef29e8c",
    "X-Sign": "a33e0d9d...",
    "Accept": "application/json"
  },
  "body": null,
  "params": {
    "page": 25
  }
}
================================================================================

{
  "timestamp": "2026-03-31T22:52:10.986Z",
  "type": "request",
  "endpoint": "GET /games",
  "fullUrl": "https://staging.slotegrator.com/api/index.php/v1/games?page=27",
  "headers": {
    "X-Merchant-Id": "dbb46701285c1a2e24a0bf92f00501e5",
    "X-Timestamp": "1774997530",
    "X-Nonce": "f1687c8e0b97512bced6644cf68f66b2",
    "X-Sign": "680d7181...",
    "Accept": "application/json"
  },
  "body": null,
  "params": {
    "page": 27
  }
}
================================================================================

{
  "timestamp": "2026-03-31T22:52:11.187Z",
  "type": "request",
  "endpoint": "GET /games",
  "fullUrl": "https://staging.slotegrator.com/api/index.php/v1/games?page=9",
  "headers": {
    "X-Merchant-Id": "dbb46701285c1a2e24a0bf92f00501e5",
    "X-Timestamp": "1774997531",
    "X-Nonce": "ef26bc0cc0eebf1b01fb0ebb84fd36dc",
    "X-Sign": "c4561c9d...",
    "Accept": "application/json"
  },
  "body": null,
  "params": {
    "page": 9
  }
}
================================================================================

{
  "timestamp": "2026-03-31T22:52:11.238Z",
  "type": "request",
  "endpoint": "GET /games",
  "fullUrl": "https://staging.slotegrator.com/api/index.php/v1/games?page=9",
  "headers": {
    "X-Merchant-Id": "dbb46701285c1a2e24a0bf92f00501e5",
    "X-Timestamp": "1774997531",
    "X-Nonce": "b4b87b259fb936041899598e041730da",
    "X-Sign": "90806475...",
    "Accept": "application/json"
  },
  "body": null,
  "params": {
    "page": 9
  }
}
================================================================================

{
  "timestamp": "2026-03-31T22:52:11.575Z",
  "type": "request",
  "endpoint": "GET /games",
  "fullUrl": "https://staging.slotegrator.com/api/index.php/v1/games?page=26",
  "headers": {
    "X-Merchant-Id": "dbb46701285c1a2e24a0bf92f00501e5",
    "X-Timestamp": "1774997531",
    "X-Nonce": "8b8a9096e2d045aee65b569f07251019",
    "X-Sign": "1e2b2676...",
    "Accept": "application/json"
  },
  "body": null,
  "params": {
    "page": 26
  }
}
================================================================================

{
  "timestamp": "2026-03-31T22:52:11.588Z",
  "type": "request",
  "endpoint": "GET /games",
  "fullUrl": "https://staging.slotegrator.com/api/index.php/v1/games?page=28",
  "headers": {
    "X-Merchant-Id": "dbb46701285c1a2e24a0bf92f00501e5",
    "X-Timestamp": "1774997531",
    "X-Nonce": "632ed75f1ed1293b4f692852b9f15758",
    "X-Sign": "973fd59c...",
    "Accept": "application/json"
  },
  "body": null,
  "params": {
    "page": 28
  }
}
================================================================================

{
  "timestamp": "2026-03-31T22:52:11.776Z",
  "type": "request",
  "endpoint": "GET /games",
  "fullUrl": "https://staging.slotegrator.com/api/index.php/v1/games?page=10",
  "headers": {
    "X-Merchant-Id": "dbb46701285c1a2e24a0bf92f00501e5",
    "X-Timestamp": "1774997531",
    "X-Nonce": "2159bc6c072f90153357c5a5342759c2",
    "X-Sign": "def311db...",
    "Accept": "application/json"
  },
  "body": null,
  "params": {
    "page": 10
  }
}
================================================================================

{
  "timestamp": "2026-03-31T22:52:11.792Z",
  "type": "request",
  "endpoint": "GET /games",
  "fullUrl": "https://staging.slotegrator.com/api/index.php/v1/games?page=10",
  "headers": {
    "X-Merchant-Id": "dbb46701285c1a2e24a0bf92f00501e5",
    "X-Timestamp": "1774997531",
    "X-Nonce": "733de9d2d5e3e90e4669ad85ac24ec6d",
    "X-Sign": "c9450de0...",
    "Accept": "application/json"
  },
  "body": null,
  "params": {
    "page": 10
  }
}
================================================================================

{
  "timestamp": "2026-03-31T22:52:12.170Z",
  "type": "request",
  "endpoint": "GET /games",
  "fullUrl": "https://staging.slotegrator.com/api/index.php/v1/games?page=27",
  "headers": {
    "X-Merchant-Id": "dbb46701285c1a2e24a0bf92f00501e5",
    "X-Timestamp": "1774997532",
    "X-Nonce": "d097143ff6b31eaab5d4959a7a8b2b18",
    "X-Sign": "67bb92a1...",
    "Accept": "application/json"
  },
  "body": null,
  "params": {
    "page": 27
  }
}
================================================================================

{
  "timestamp": "2026-03-31T22:52:12.225Z",
  "type": "request",
  "endpoint": "GET /games",
  "fullUrl": "https://staging.slotegrator.com/api/index.php/v1/games?page=29",
  "headers": {
    "X-Merchant-Id": "dbb46701285c1a2e24a0bf92f00501e5",
    "X-Timestamp": "1774997532",
    "X-Nonce": "1437076c9f5daae051b8afeeefd90ed3",
    "X-Sign": "c3d01169...",
    "Accept": "application/json"
  },
  "body": null,
  "params": {
    "page": 29
  }
}
================================================================================

{
  "timestamp": "2026-03-31T22:52:12.374Z",
  "type": "request",
  "endpoint": "POST /games/init",
  "fullUrl": "https://staging.slotegrator.com/api/index.php/v1/games/init",
  "headers": {
    "X-Merchant-Id": "dbb46701285c1a2e24a0bf92f00501e5",
    "X-Timestamp": "1774997532",
    "X-Nonce": "8af65fb1f569d7bbd404b517c07bb11a",
    "X-Sign": "7758b396...",
    "Accept": "application/json",
    "Content-Type": "application/x-www-form-urlencoded"
  },
  "body": "game_uuid=397f96eb2f0b70a51a3524ab6e2a4344ee717a3c&player_id=5fbW-EgviQlSB0qgLmM0Z&player_name=nanami&currency=EUR&session_id=session_5fbW-EgviQlSB0qgLmM0Z_1774997532372_fjudet&device=desktop&return_url=https%3A%2F%2Fboztestarea.ngrok.app&language=fr&email=nanami%40gmail.com",
  "params": {
    "game_uuid": "397f96eb2f0b70a51a3524ab6e2a4344ee717a3c",
    "player_id": "5fbW-EgviQlSB0qgLmM0Z",
    "player_name": "nanami",
    "currency": "EUR",
    "session_id": "session_5fbW-EgviQlSB0qgLmM0Z_1774997532372_fjudet",
    "device": "desktop",
    "return_url": "https://boztestarea.ngrok.app",
    "language": "fr",
    "email": "nanami@gmail.com"
  }
}
================================================================================

{
  "timestamp": "2026-03-31T22:52:12.440Z",
  "type": "request",
  "endpoint": "POST /games/init",
  "fullUrl": "https://staging.slotegrator.com/api/index.php/v1/games/init",
  "headers": {
    "X-Merchant-Id": "dbb46701285c1a2e24a0bf92f00501e5",
    "X-Timestamp": "1774997532",
    "X-Nonce": "0685dec6c925af6eea303375e93baa94",
    "X-Sign": "85f8284d...",
    "Accept": "application/json",
    "Content-Type": "application/x-www-form-urlencoded"
  },
  "body": "game_uuid=397f96eb2f0b70a51a3524ab6e2a4344ee717a3c&player_id=5fbW-EgviQlSB0qgLmM0Z&player_name=nanami&currency=EUR&session_id=session_5fbW-EgviQlSB0qgLmM0Z_1774997532439_6kaqu&device=desktop&return_url=https%3A%2F%2Fboztestarea.ngrok.app&language=fr&email=nanami%40gmail.com",
  "params": {
    "game_uuid": "397f96eb2f0b70a51a3524ab6e2a4344ee717a3c",
    "player_id": "5fbW-EgviQlSB0qgLmM0Z",
    "player_name": "nanami",
    "currency": "EUR",
    "session_id": "session_5fbW-EgviQlSB0qgLmM0Z_1774997532439_6kaqu",
    "device": "desktop",
    "return_url": "https://boztestarea.ngrok.app",
    "language": "fr",
    "email": "nanami@gmail.com"
  }
}
================================================================================

{
  "timestamp": "2026-03-31T22:52:12.795Z",
  "type": "request",
  "endpoint": "GET /games",
  "fullUrl": "https://staging.slotegrator.com/api/index.php/v1/games?page=28",
  "headers": {
    "X-Merchant-Id": "dbb46701285c1a2e24a0bf92f00501e5",
    "X-Timestamp": "1774997532",
    "X-Nonce": "3dd52aebf2123d384db4fdb415b19c16",
    "X-Sign": "2ede039d...",
    "Accept": "application/json"
  },
  "body": null,
  "params": {
    "page": 28
  }
}
================================================================================

{
  "timestamp": "2026-03-31T22:52:12.836Z",
  "type": "request",
  "endpoint": "GET /games",
  "fullUrl": "https://staging.slotegrator.com/api/index.php/v1/games?page=30",
  "headers": {
    "X-Merchant-Id": "dbb46701285c1a2e24a0bf92f00501e5",
    "X-Timestamp": "1774997532",
    "X-Nonce": "23746db2220f31f9f5fb1bf873d621eb",
    "X-Sign": "d7df92fb...",
    "Accept": "application/json"
  },
  "body": null,
  "params": {
    "page": 30
  }
}
================================================================================

{
  "timestamp": "2026-03-31T22:52:13.416Z",
  "type": "request",
  "endpoint": "GET /games",
  "fullUrl": "https://staging.slotegrator.com/api/index.php/v1/games?page=29",
  "headers": {
    "X-Merchant-Id": "dbb46701285c1a2e24a0bf92f00501e5",
    "X-Timestamp": "1774997533",
    "X-Nonce": "98a5e550a98bd6ca0bb45bdc1d6323f4",
    "X-Sign": "43c4fbfc...",
    "Accept": "application/json"
  },
  "body": null,
  "params": {
    "page": 29
  }
}
================================================================================

{
  "timestamp": "2026-03-31T22:52:14.000Z",
  "type": "request",
  "endpoint": "GET /games",
  "fullUrl": "https://staging.slotegrator.com/api/index.php/v1/games?page=30",
  "headers": {
    "X-Merchant-Id": "dbb46701285c1a2e24a0bf92f00501e5",
    "X-Timestamp": "1774997534",
    "X-Nonce": "4d6363e82f063a4fac08d4b0d8a8295f",
    "X-Sign": "954f31c8...",
    "Accept": "application/json"
  },
  "body": null,
  "params": {
    "page": 30
  }
}
================================================================================

{
  "timestamp": "2026-03-31T22:52:43.528Z",
  "type": "request",
  "endpoint": "POST /self-validate",
  "fullUrl": "https://staging.slotegrator.com/api/index.php/v1/self-validate",
  "headers": {
    "X-Merchant-Id": "dbb46701285c1a2e24a0bf92f00501e5",
    "X-Timestamp": "1774997563",
    "X-Nonce": "6597ac63f32ef7ddcc5fed1556fec780",
    "X-Sign": "b61c23d2...",
    "Accept": "application/json",
    "Content-Type": "application/x-www-form-urlencoded"
  },
  "body": null,
  "params": null
}
================================================================================

{
  "timestamp": "2026-03-31T23:00:53.454Z",
  "type": "request",
  "endpoint": "POST /self-validate",
  "fullUrl": "https://staging.slotegrator.com/api/index.php/v1/self-validate",
  "headers": {
    "X-Merchant-Id": "dbb46701285c1a2e24a0bf92f00501e5",
    "X-Timestamp": "1774998053",
    "X-Nonce": "b88b3eb1bd90c6d7688b0bcd284ec701",
    "X-Sign": "bf8b5c95...",
    "Accept": "application/json",
    "Content-Type": "application/x-www-form-urlencoded"
  },
  "body": null,
  "params": null
}
================================================================================

{
  "timestamp": "2026-03-31T23:05:52.699Z",
  "type": "request",
  "endpoint": "GET /games",
  "fullUrl": "https://staging.slotegrator.com/api/index.php/v1/games?expand=images",
  "headers": {
    "X-Merchant-Id": "dbb46701285c1a2e24a0bf92f00501e5",
    "X-Timestamp": "1774998352",
    "X-Nonce": "fbb603896f7f958f7756525601b824ea",
    "X-Sign": "21bf04ed...",
    "Accept": "application/json"
  },
  "body": null,
  "params": {
    "expand": "images"
  }
}
================================================================================

{
  "timestamp": "2026-03-31T23:05:54.125Z",
  "type": "request",
  "endpoint": "GET /games",
  "fullUrl": "https://staging.slotegrator.com/api/index.php/v1/games?expand=images&page=2",
  "headers": {
    "X-Merchant-Id": "dbb46701285c1a2e24a0bf92f00501e5",
    "X-Timestamp": "1774998354",
    "X-Nonce": "20e0ff100ec069b7261d7ed8bae6edcf",
    "X-Sign": "03dd65d7...",
    "Accept": "application/json"
  },
  "body": null,
  "params": {
    "expand": "images",
    "page": 2
  }
}
================================================================================

{
  "timestamp": "2026-03-31T23:05:54.934Z",
  "type": "request",
  "endpoint": "GET /games",
  "fullUrl": "https://staging.slotegrator.com/api/index.php/v1/games?expand=images&page=3",
  "headers": {
    "X-Merchant-Id": "dbb46701285c1a2e24a0bf92f00501e5",
    "X-Timestamp": "1774998354",
    "X-Nonce": "a8ed11ceb32c0c7e3d6f04a39f0f4f90",
    "X-Sign": "f5f6e823...",
    "Accept": "application/json"
  },
  "body": null,
  "params": {
    "expand": "images",
    "page": 3
  }
}
================================================================================

{
  "timestamp": "2026-03-31T23:05:55.681Z",
  "type": "request",
  "endpoint": "GET /games",
  "fullUrl": "https://staging.slotegrator.com/api/index.php/v1/games?expand=images&page=4",
  "headers": {
    "X-Merchant-Id": "dbb46701285c1a2e24a0bf92f00501e5",
    "X-Timestamp": "1774998355",
    "X-Nonce": "4b90480e832a627ab201d921752a372b",
    "X-Sign": "7dfa019d...",
    "Accept": "application/json"
  },
  "body": null,
  "params": {
    "expand": "images",
    "page": 4
  }
}
================================================================================

{
  "timestamp": "2026-03-31T23:05:56.450Z",
  "type": "request",
  "endpoint": "GET /games",
  "fullUrl": "https://staging.slotegrator.com/api/index.php/v1/games?expand=images&page=5",
  "headers": {
    "X-Merchant-Id": "dbb46701285c1a2e24a0bf92f00501e5",
    "X-Timestamp": "1774998356",
    "X-Nonce": "fff6bd49bdafcda4c234c0da665b37a0",
    "X-Sign": "58985c48...",
    "Accept": "application/json"
  },
  "body": null,
  "params": {
    "expand": "images",
    "page": 5
  }
}
================================================================================

{
  "timestamp": "2026-03-31T23:05:57.349Z",
  "type": "request",
  "endpoint": "GET /games",
  "fullUrl": "https://staging.slotegrator.com/api/index.php/v1/games?expand=images&page=6",
  "headers": {
    "X-Merchant-Id": "dbb46701285c1a2e24a0bf92f00501e5",
    "X-Timestamp": "1774998357",
    "X-Nonce": "95b30aef2f62a56997e1a49e63fa6842",
    "X-Sign": "fd8dfd08...",
    "Accept": "application/json"
  },
  "body": null,
  "params": {
    "expand": "images",
    "page": 6
  }
}
================================================================================

{
  "timestamp": "2026-03-31T23:05:58.133Z",
  "type": "request",
  "endpoint": "GET /games",
  "fullUrl": "https://staging.slotegrator.com/api/index.php/v1/games?expand=images&page=7",
  "headers": {
    "X-Merchant-Id": "dbb46701285c1a2e24a0bf92f00501e5",
    "X-Timestamp": "1774998358",
    "X-Nonce": "b695397eea4d33beeb4a63c5c9c312e9",
    "X-Sign": "dcfda85c...",
    "Accept": "application/json"
  },
  "body": null,
  "params": {
    "expand": "images",
    "page": 7
  }
}
================================================================================

{
  "timestamp": "2026-03-31T23:05:58.899Z",
  "type": "request",
  "endpoint": "GET /games",
  "fullUrl": "https://staging.slotegrator.com/api/index.php/v1/games?expand=images&page=8",
  "headers": {
    "X-Merchant-Id": "dbb46701285c1a2e24a0bf92f00501e5",
    "X-Timestamp": "1774998358",
    "X-Nonce": "a2e6d5644fa993b79e279ed378b3c7d0",
    "X-Sign": "a4938d6d...",
    "Accept": "application/json"
  },
  "body": null,
  "params": {
    "expand": "images",
    "page": 8
  }
}
================================================================================

{
  "timestamp": "2026-03-31T23:05:59.799Z",
  "type": "request",
  "endpoint": "GET /games",
  "fullUrl": "https://staging.slotegrator.com/api/index.php/v1/games?expand=images&page=9",
  "headers": {
    "X-Merchant-Id": "dbb46701285c1a2e24a0bf92f00501e5",
    "X-Timestamp": "1774998359",
    "X-Nonce": "a8d4064fce6bd1943e83b996f55f2d9f",
    "X-Sign": "d037feed...",
    "Accept": "application/json"
  },
  "body": null,
  "params": {
    "expand": "images",
    "page": 9
  }
}
================================================================================

{
  "timestamp": "2026-03-31T23:06:00.715Z",
  "type": "request",
  "endpoint": "GET /games",
  "fullUrl": "https://staging.slotegrator.com/api/index.php/v1/games?expand=images&page=10",
  "headers": {
    "X-Merchant-Id": "dbb46701285c1a2e24a0bf92f00501e5",
    "X-Timestamp": "1774998360",
    "X-Nonce": "542a295a4298829ad6405401eeaf117a",
    "X-Sign": "9320a8ed...",
    "Accept": "application/json"
  },
  "body": null,
  "params": {
    "expand": "images",
    "page": 10
  }
}
================================================================================

{
  "timestamp": "2026-03-31T23:06:01.533Z",
  "type": "request",
  "endpoint": "GET /games",
  "fullUrl": "https://staging.slotegrator.com/api/index.php/v1/games?expand=images&page=11",
  "headers": {
    "X-Merchant-Id": "dbb46701285c1a2e24a0bf92f00501e5",
    "X-Timestamp": "1774998361",
    "X-Nonce": "2c465dfc1c282608bfd2ba4689188d3f",
    "X-Sign": "01999cc5...",
    "Accept": "application/json"
  },
  "body": null,
  "params": {
    "expand": "images",
    "page": 11
  }
}
================================================================================

{
  "timestamp": "2026-03-31T23:06:02.316Z",
  "type": "request",
  "endpoint": "GET /games",
  "fullUrl": "https://staging.slotegrator.com/api/index.php/v1/games?expand=images&page=12",
  "headers": {
    "X-Merchant-Id": "dbb46701285c1a2e24a0bf92f00501e5",
    "X-Timestamp": "1774998362",
    "X-Nonce": "d242735acaeaa713fe01b80e7ce9e094",
    "X-Sign": "b789b11b...",
    "Accept": "application/json"
  },
  "body": null,
  "params": {
    "expand": "images",
    "page": 12
  }
}
================================================================================

{
  "timestamp": "2026-03-31T23:06:03.050Z",
  "type": "request",
  "endpoint": "GET /games",
  "fullUrl": "https://staging.slotegrator.com/api/index.php/v1/games?expand=images&page=13",
  "headers": {
    "X-Merchant-Id": "dbb46701285c1a2e24a0bf92f00501e5",
    "X-Timestamp": "1774998363",
    "X-Nonce": "85b8596fe300a60a0cea85661d9c27f9",
    "X-Sign": "4cde82d4...",
    "Accept": "application/json"
  },
  "body": null,
  "params": {
    "expand": "images",
    "page": 13
  }
}
================================================================================

{
  "timestamp": "2026-03-31T23:06:03.732Z",
  "type": "request",
  "endpoint": "GET /games",
  "fullUrl": "https://staging.slotegrator.com/api/index.php/v1/games?expand=images&page=14",
  "headers": {
    "X-Merchant-Id": "dbb46701285c1a2e24a0bf92f00501e5",
    "X-Timestamp": "1774998363",
    "X-Nonce": "8fa4a005bf69709c0eeab829f431a503",
    "X-Sign": "3d9cd89a...",
    "Accept": "application/json"
  },
  "body": null,
  "params": {
    "expand": "images",
    "page": 14
  }
}
================================================================================

{
  "timestamp": "2026-03-31T23:06:04.467Z",
  "type": "request",
  "endpoint": "GET /games",
  "fullUrl": "https://staging.slotegrator.com/api/index.php/v1/games?expand=images&page=15",
  "headers": {
    "X-Merchant-Id": "dbb46701285c1a2e24a0bf92f00501e5",
    "X-Timestamp": "1774998364",
    "X-Nonce": "8fa2ce12c3548685a28532d0cf8aef39",
    "X-Sign": "86fcf10f...",
    "Accept": "application/json"
  },
  "body": null,
  "params": {
    "expand": "images",
    "page": 15
  }
}
================================================================================

{
  "timestamp": "2026-03-31T23:06:05.199Z",
  "type": "request",
  "endpoint": "GET /games",
  "fullUrl": "https://staging.slotegrator.com/api/index.php/v1/games?expand=images&page=16",
  "headers": {
    "X-Merchant-Id": "dbb46701285c1a2e24a0bf92f00501e5",
    "X-Timestamp": "1774998365",
    "X-Nonce": "01d9d16d6cfd94cc55faf2b1ace8a684",
    "X-Sign": "d895da0f...",
    "Accept": "application/json"
  },
  "body": null,
  "params": {
    "expand": "images",
    "page": 16
  }
}
================================================================================

{
  "timestamp": "2026-03-31T23:06:05.916Z",
  "type": "request",
  "endpoint": "GET /games",
  "fullUrl": "https://staging.slotegrator.com/api/index.php/v1/games?expand=images&page=17",
  "headers": {
    "X-Merchant-Id": "dbb46701285c1a2e24a0bf92f00501e5",
    "X-Timestamp": "1774998365",
    "X-Nonce": "21c4e800bfe9a7a4beda2f36e2dbb8ac",
    "X-Sign": "ee5126b3...",
    "Accept": "application/json"
  },
  "body": null,
  "params": {
    "expand": "images",
    "page": 17
  }
}
================================================================================

{
  "timestamp": "2026-03-31T23:06:06.666Z",
  "type": "request",
  "endpoint": "GET /games",
  "fullUrl": "https://staging.slotegrator.com/api/index.php/v1/games?expand=images&page=18",
  "headers": {
    "X-Merchant-Id": "dbb46701285c1a2e24a0bf92f00501e5",
    "X-Timestamp": "1774998366",
    "X-Nonce": "05005ae712e714c11c83419f85975833",
    "X-Sign": "867736cb...",
    "Accept": "application/json"
  },
  "body": null,
  "params": {
    "expand": "images",
    "page": 18
  }
}
================================================================================

{
  "timestamp": "2026-03-31T23:06:07.482Z",
  "type": "request",
  "endpoint": "GET /games",
  "fullUrl": "https://staging.slotegrator.com/api/index.php/v1/games?expand=images&page=19",
  "headers": {
    "X-Merchant-Id": "dbb46701285c1a2e24a0bf92f00501e5",
    "X-Timestamp": "1774998367",
    "X-Nonce": "b5d63bf550c98b0dfc984d12bef75bde",
    "X-Sign": "e03d3aa1...",
    "Accept": "application/json"
  },
  "body": null,
  "params": {
    "expand": "images",
    "page": 19
  }
}
================================================================================

{
  "timestamp": "2026-03-31T23:06:08.449Z",
  "type": "request",
  "endpoint": "GET /games",
  "fullUrl": "https://staging.slotegrator.com/api/index.php/v1/games?expand=images&page=20",
  "headers": {
    "X-Merchant-Id": "dbb46701285c1a2e24a0bf92f00501e5",
    "X-Timestamp": "1774998368",
    "X-Nonce": "49820d399ead1d5b3b9687ead91b415c",
    "X-Sign": "b5cb3154...",
    "Accept": "application/json"
  },
  "body": null,
  "params": {
    "expand": "images",
    "page": 20
  }
}
================================================================================

{
  "timestamp": "2026-03-31T23:06:09.332Z",
  "type": "request",
  "endpoint": "GET /games",
  "fullUrl": "https://staging.slotegrator.com/api/index.php/v1/games?expand=images&page=21",
  "headers": {
    "X-Merchant-Id": "dbb46701285c1a2e24a0bf92f00501e5",
    "X-Timestamp": "1774998369",
    "X-Nonce": "ee90e9834ceebaf497dc1fa356faeaa7",
    "X-Sign": "ed4c84e1...",
    "Accept": "application/json"
  },
  "body": null,
  "params": {
    "expand": "images",
    "page": 21
  }
}
================================================================================

{
  "timestamp": "2026-03-31T23:06:10.115Z",
  "type": "request",
  "endpoint": "GET /games",
  "fullUrl": "https://staging.slotegrator.com/api/index.php/v1/games?expand=images&page=22",
  "headers": {
    "X-Merchant-Id": "dbb46701285c1a2e24a0bf92f00501e5",
    "X-Timestamp": "1774998370",
    "X-Nonce": "663c0e8d17c0ba3fd57ee87dd03b31f9",
    "X-Sign": "2c2f3de8...",
    "Accept": "application/json"
  },
  "body": null,
  "params": {
    "expand": "images",
    "page": 22
  }
}
================================================================================

{
  "timestamp": "2026-03-31T23:06:10.217Z",
  "type": "request",
  "endpoint": "GET /games",
  "fullUrl": "https://staging.slotegrator.com/api/index.php/v1/games?expand=images",
  "headers": {
    "X-Merchant-Id": "dbb46701285c1a2e24a0bf92f00501e5",
    "X-Timestamp": "1774998370",
    "X-Nonce": "0f94b4ca13ae8a8ec5b2a3b37d2b88ff",
    "X-Sign": "2f8cd53b...",
    "Accept": "application/json"
  },
  "body": null,
  "params": {
    "expand": "images"
  }
}
================================================================================

{
  "timestamp": "2026-03-31T23:06:10.798Z",
  "type": "request",
  "endpoint": "GET /games",
  "fullUrl": "https://staging.slotegrator.com/api/index.php/v1/games?expand=images&page=23",
  "headers": {
    "X-Merchant-Id": "dbb46701285c1a2e24a0bf92f00501e5",
    "X-Timestamp": "1774998370",
    "X-Nonce": "a4dd5e223c0b8585c0410ca8d8d3fbbd",
    "X-Sign": "9c8fe2ef...",
    "Accept": "application/json"
  },
  "body": null,
  "params": {
    "expand": "images",
    "page": 23
  }
}
================================================================================

{
  "timestamp": "2026-03-31T23:06:11.463Z",
  "type": "request",
  "endpoint": "GET /games",
  "fullUrl": "https://staging.slotegrator.com/api/index.php/v1/games?expand=images&page=2",
  "headers": {
    "X-Merchant-Id": "dbb46701285c1a2e24a0bf92f00501e5",
    "X-Timestamp": "1774998371",
    "X-Nonce": "79421d70d8a843d1da1474d3bb8e0588",
    "X-Sign": "8a3b7ee8...",
    "Accept": "application/json"
  },
  "body": null,
  "params": {
    "expand": "images",
    "page": 2
  }
}
================================================================================

{
  "timestamp": "2026-03-31T23:06:11.516Z",
  "type": "request",
  "endpoint": "GET /games",
  "fullUrl": "https://staging.slotegrator.com/api/index.php/v1/games?expand=images&page=24",
  "headers": {
    "X-Merchant-Id": "dbb46701285c1a2e24a0bf92f00501e5",
    "X-Timestamp": "1774998371",
    "X-Nonce": "c35404eda2574762fc256cdbef3f191d",
    "X-Sign": "7c6771ff...",
    "Accept": "application/json"
  },
  "body": null,
  "params": {
    "expand": "images",
    "page": 24
  }
}
================================================================================

{
  "timestamp": "2026-03-31T23:06:12.217Z",
  "type": "request",
  "endpoint": "GET /games",
  "fullUrl": "https://staging.slotegrator.com/api/index.php/v1/games?expand=images&page=25",
  "headers": {
    "X-Merchant-Id": "dbb46701285c1a2e24a0bf92f00501e5",
    "X-Timestamp": "1774998372",
    "X-Nonce": "ac0602387d9288eaa258b6a7997e6521",
    "X-Sign": "c6358346...",
    "Accept": "application/json"
  },
  "body": null,
  "params": {
    "expand": "images",
    "page": 25
  }
}
================================================================================

{
  "timestamp": "2026-03-31T23:06:12.232Z",
  "type": "request",
  "endpoint": "GET /games",
  "fullUrl": "https://staging.slotegrator.com/api/index.php/v1/games?expand=images&page=3",
  "headers": {
    "X-Merchant-Id": "dbb46701285c1a2e24a0bf92f00501e5",
    "X-Timestamp": "1774998372",
    "X-Nonce": "30bb48dec7086743acff69f8037e84c6",
    "X-Sign": "aab15474...",
    "Accept": "application/json"
  },
  "body": null,
  "params": {
    "expand": "images",
    "page": 3
  }
}
================================================================================

{
  "timestamp": "2026-03-31T23:06:12.965Z",
  "type": "request",
  "endpoint": "GET /games",
  "fullUrl": "https://staging.slotegrator.com/api/index.php/v1/games?expand=images&page=26",
  "headers": {
    "X-Merchant-Id": "dbb46701285c1a2e24a0bf92f00501e5",
    "X-Timestamp": "1774998372",
    "X-Nonce": "4a01b5f6f69604647417cba5f3589005",
    "X-Sign": "d3b81ca9...",
    "Accept": "application/json"
  },
  "body": null,
  "params": {
    "expand": "images",
    "page": 26
  }
}
================================================================================

{
  "timestamp": "2026-03-31T23:06:12.982Z",
  "type": "request",
  "endpoint": "GET /games",
  "fullUrl": "https://staging.slotegrator.com/api/index.php/v1/games?expand=images&page=4",
  "headers": {
    "X-Merchant-Id": "dbb46701285c1a2e24a0bf92f00501e5",
    "X-Timestamp": "1774998372",
    "X-Nonce": "14e41761e71cef0858ab90fab63f97b2",
    "X-Sign": "6442f762...",
    "Accept": "application/json"
  },
  "body": null,
  "params": {
    "expand": "images",
    "page": 4
  }
}
================================================================================

{
  "timestamp": "2026-03-31T23:06:13.738Z",
  "type": "request",
  "endpoint": "GET /games",
  "fullUrl": "https://staging.slotegrator.com/api/index.php/v1/games?expand=images&page=27",
  "headers": {
    "X-Merchant-Id": "dbb46701285c1a2e24a0bf92f00501e5",
    "X-Timestamp": "1774998373",
    "X-Nonce": "b32560cb89d8f2740b3d1dcc8906579d",
    "X-Sign": "b00e646c...",
    "Accept": "application/json"
  },
  "body": null,
  "params": {
    "expand": "images",
    "page": 27
  }
}
================================================================================

{
  "timestamp": "2026-03-31T23:06:13.749Z",
  "type": "request",
  "endpoint": "GET /games",
  "fullUrl": "https://staging.slotegrator.com/api/index.php/v1/games?expand=images&page=5",
  "headers": {
    "X-Merchant-Id": "dbb46701285c1a2e24a0bf92f00501e5",
    "X-Timestamp": "1774998373",
    "X-Nonce": "1a9741bd23524a701f79a8fac9ce594a",
    "X-Sign": "a61b39e1...",
    "Accept": "application/json"
  },
  "body": null,
  "params": {
    "expand": "images",
    "page": 5
  }
}
================================================================================

{
  "timestamp": "2026-03-31T23:06:14.466Z",
  "type": "request",
  "endpoint": "GET /games",
  "fullUrl": "https://staging.slotegrator.com/api/index.php/v1/games?expand=images&page=28",
  "headers": {
    "X-Merchant-Id": "dbb46701285c1a2e24a0bf92f00501e5",
    "X-Timestamp": "1774998374",
    "X-Nonce": "4edcef2c08f51bcd32ecc59bb28e7940",
    "X-Sign": "a20f1ffa...",
    "Accept": "application/json"
  },
  "body": null,
  "params": {
    "expand": "images",
    "page": 28
  }
}
================================================================================

{
  "timestamp": "2026-03-31T23:06:14.533Z",
  "type": "request",
  "endpoint": "GET /games",
  "fullUrl": "https://staging.slotegrator.com/api/index.php/v1/games?expand=images&page=6",
  "headers": {
    "X-Merchant-Id": "dbb46701285c1a2e24a0bf92f00501e5",
    "X-Timestamp": "1774998374",
    "X-Nonce": "74420d889099ead820b7516ae14d89f0",
    "X-Sign": "9ae6e73e...",
    "Accept": "application/json"
  },
  "body": null,
  "params": {
    "expand": "images",
    "page": 6
  }
}
================================================================================

{
  "timestamp": "2026-03-31T23:06:15.165Z",
  "type": "request",
  "endpoint": "GET /games",
  "fullUrl": "https://staging.slotegrator.com/api/index.php/v1/games?expand=images&page=29",
  "headers": {
    "X-Merchant-Id": "dbb46701285c1a2e24a0bf92f00501e5",
    "X-Timestamp": "1774998375",
    "X-Nonce": "afe351726279505d38f11b7015be8a9e",
    "X-Sign": "364ac97e...",
    "Accept": "application/json"
  },
  "body": null,
  "params": {
    "expand": "images",
    "page": 29
  }
}
================================================================================

{
  "timestamp": "2026-03-31T23:06:15.316Z",
  "type": "request",
  "endpoint": "GET /games",
  "fullUrl": "https://staging.slotegrator.com/api/index.php/v1/games?expand=images&page=7",
  "headers": {
    "X-Merchant-Id": "dbb46701285c1a2e24a0bf92f00501e5",
    "X-Timestamp": "1774998375",
    "X-Nonce": "70716fff2da14c7579828b989ccb11f9",
    "X-Sign": "22482828...",
    "Accept": "application/json"
  },
  "body": null,
  "params": {
    "expand": "images",
    "page": 7
  }
}
================================================================================

{
  "timestamp": "2026-03-31T23:06:15.849Z",
  "type": "request",
  "endpoint": "GET /games",
  "fullUrl": "https://staging.slotegrator.com/api/index.php/v1/games?expand=images&page=30",
  "headers": {
    "X-Merchant-Id": "dbb46701285c1a2e24a0bf92f00501e5",
    "X-Timestamp": "1774998375",
    "X-Nonce": "f46e55b411782259d99a85589eec3353",
    "X-Sign": "4ce29fc8...",
    "Accept": "application/json"
  },
  "body": null,
  "params": {
    "expand": "images",
    "page": 30
  }
}
================================================================================

{
  "timestamp": "2026-03-31T23:06:15.998Z",
  "type": "request",
  "endpoint": "GET /games",
  "fullUrl": "https://staging.slotegrator.com/api/index.php/v1/games?expand=images&page=8",
  "headers": {
    "X-Merchant-Id": "dbb46701285c1a2e24a0bf92f00501e5",
    "X-Timestamp": "1774998375",
    "X-Nonce": "378142333d07569bad0ca1a7cbdb9e57",
    "X-Sign": "0aa14c82...",
    "Accept": "application/json"
  },
  "body": null,
  "params": {
    "expand": "images",
    "page": 8
  }
}
================================================================================

{
  "timestamp": "2026-03-31T23:06:16.581Z",
  "type": "request",
  "endpoint": "GET /games",
  "fullUrl": "https://staging.slotegrator.com/api/index.php/v1/games?expand=images&page=31",
  "headers": {
    "X-Merchant-Id": "dbb46701285c1a2e24a0bf92f00501e5",
    "X-Timestamp": "1774998376",
    "X-Nonce": "6bcd71f04a0497c1056a12ea8d202051",
    "X-Sign": "c9040d03...",
    "Accept": "application/json"
  },
  "body": null,
  "params": {
    "expand": "images",
    "page": 31
  }
}
================================================================================

{
  "timestamp": "2026-03-31T23:06:16.731Z",
  "type": "request",
  "endpoint": "GET /games",
  "fullUrl": "https://staging.slotegrator.com/api/index.php/v1/games?expand=images&page=9",
  "headers": {
    "X-Merchant-Id": "dbb46701285c1a2e24a0bf92f00501e5",
    "X-Timestamp": "1774998376",
    "X-Nonce": "88af5964c8bc7d8cf305a8a4df9aded6",
    "X-Sign": "21076417...",
    "Accept": "application/json"
  },
  "body": null,
  "params": {
    "expand": "images",
    "page": 9
  }
}
================================================================================

{
  "timestamp": "2026-03-31T23:06:17.364Z",
  "type": "request",
  "endpoint": "GET /games",
  "fullUrl": "https://staging.slotegrator.com/api/index.php/v1/games?expand=images&page=32",
  "headers": {
    "X-Merchant-Id": "dbb46701285c1a2e24a0bf92f00501e5",
    "X-Timestamp": "1774998377",
    "X-Nonce": "0de94555bb46352a3fa930bb4031e0e6",
    "X-Sign": "77d06fc4...",
    "Accept": "application/json"
  },
  "body": null,
  "params": {
    "expand": "images",
    "page": 32
  }
}
================================================================================

{
  "timestamp": "2026-03-31T23:06:17.415Z",
  "type": "request",
  "endpoint": "GET /games",
  "fullUrl": "https://staging.slotegrator.com/api/index.php/v1/games?expand=images&page=10",
  "headers": {
    "X-Merchant-Id": "dbb46701285c1a2e24a0bf92f00501e5",
    "X-Timestamp": "1774998377",
    "X-Nonce": "983fa94b09441f2760372553b523ea0e",
    "X-Sign": "5c2012b1...",
    "Accept": "application/json"
  },
  "body": null,
  "params": {
    "expand": "images",
    "page": 10
  }
}
================================================================================

{
  "timestamp": "2026-03-31T23:06:18.148Z",
  "type": "request",
  "endpoint": "GET /games",
  "fullUrl": "https://staging.slotegrator.com/api/index.php/v1/games?expand=images&page=33",
  "headers": {
    "X-Merchant-Id": "dbb46701285c1a2e24a0bf92f00501e5",
    "X-Timestamp": "1774998378",
    "X-Nonce": "5a024aa2e3f0bb50dbcc6cd4b632594d",
    "X-Sign": "d2240af9...",
    "Accept": "application/json"
  },
  "body": null,
  "params": {
    "expand": "images",
    "page": 33
  }
}
================================================================================

{
  "timestamp": "2026-03-31T23:06:18.215Z",
  "type": "request",
  "endpoint": "GET /games",
  "fullUrl": "https://staging.slotegrator.com/api/index.php/v1/games?expand=images&page=11",
  "headers": {
    "X-Merchant-Id": "dbb46701285c1a2e24a0bf92f00501e5",
    "X-Timestamp": "1774998378",
    "X-Nonce": "9745fdd8393068c6c2f7726ea1d55d35",
    "X-Sign": "6b9dbfc2...",
    "Accept": "application/json"
  },
  "body": null,
  "params": {
    "expand": "images",
    "page": 11
  }
}
================================================================================

{
  "timestamp": "2026-03-31T23:06:18.916Z",
  "type": "request",
  "endpoint": "GET /games",
  "fullUrl": "https://staging.slotegrator.com/api/index.php/v1/games?expand=images&page=34",
  "headers": {
    "X-Merchant-Id": "dbb46701285c1a2e24a0bf92f00501e5",
    "X-Timestamp": "1774998378",
    "X-Nonce": "12b03827dd0d44ad62edaacbf8da9e67",
    "X-Sign": "ecb4fa3c...",
    "Accept": "application/json"
  },
  "body": null,
  "params": {
    "expand": "images",
    "page": 34
  }
}
================================================================================

{
  "timestamp": "2026-03-31T23:06:18.966Z",
  "type": "request",
  "endpoint": "GET /games",
  "fullUrl": "https://staging.slotegrator.com/api/index.php/v1/games?expand=images&page=12",
  "headers": {
    "X-Merchant-Id": "dbb46701285c1a2e24a0bf92f00501e5",
    "X-Timestamp": "1774998378",
    "X-Nonce": "ca227c9b92d1623604a5e4c6526059d9",
    "X-Sign": "dd5c5a88...",
    "Accept": "application/json"
  },
  "body": null,
  "params": {
    "expand": "images",
    "page": 12
  }
}
================================================================================

{
  "timestamp": "2026-03-31T23:06:19.614Z",
  "type": "request",
  "endpoint": "GET /games",
  "fullUrl": "https://staging.slotegrator.com/api/index.php/v1/games?expand=images&page=35",
  "headers": {
    "X-Merchant-Id": "dbb46701285c1a2e24a0bf92f00501e5",
    "X-Timestamp": "1774998379",
    "X-Nonce": "34f1d839f461cd8911e6435d9092a896",
    "X-Sign": "9f76467f...",
    "Accept": "application/json"
  },
  "body": null,
  "params": {
    "expand": "images",
    "page": 35
  }
}
================================================================================

{
  "timestamp": "2026-03-31T23:06:19.664Z",
  "type": "request",
  "endpoint": "GET /games",
  "fullUrl": "https://staging.slotegrator.com/api/index.php/v1/games?expand=images&page=13",
  "headers": {
    "X-Merchant-Id": "dbb46701285c1a2e24a0bf92f00501e5",
    "X-Timestamp": "1774998379",
    "X-Nonce": "52323d547cedb10aeb881ac270c0f5cc",
    "X-Sign": "e66e87a0...",
    "Accept": "application/json"
  },
  "body": null,
  "params": {
    "expand": "images",
    "page": 13
  }
}
================================================================================

{
  "timestamp": "2026-03-31T23:06:20.561Z",
  "type": "request",
  "endpoint": "GET /games",
  "fullUrl": "https://staging.slotegrator.com/api/index.php/v1/games?expand=images&page=36",
  "headers": {
    "X-Merchant-Id": "dbb46701285c1a2e24a0bf92f00501e5",
    "X-Timestamp": "1774998380",
    "X-Nonce": "8cf222ecca1d35e3cea433e1ec05cce5",
    "X-Sign": "3ef80b08...",
    "Accept": "application/json"
  },
  "body": null,
  "params": {
    "expand": "images",
    "page": 36
  }
}
================================================================================

{
  "timestamp": "2026-03-31T23:06:20.635Z",
  "type": "request",
  "endpoint": "GET /games",
  "fullUrl": "https://staging.slotegrator.com/api/index.php/v1/games?expand=images&page=14",
  "headers": {
    "X-Merchant-Id": "dbb46701285c1a2e24a0bf92f00501e5",
    "X-Timestamp": "1774998380",
    "X-Nonce": "007fc99cc355120a334406f22ff5ba97",
    "X-Sign": "e0f51ddc...",
    "Accept": "application/json"
  },
  "body": null,
  "params": {
    "expand": "images",
    "page": 14
  }
}
================================================================================

{
  "timestamp": "2026-03-31T23:06:23.320Z",
  "type": "request",
  "endpoint": "GET /games",
  "fullUrl": "https://staging.slotegrator.com/api/index.php/v1/games?expand=images&page=37",
  "headers": {
    "X-Merchant-Id": "dbb46701285c1a2e24a0bf92f00501e5",
    "X-Timestamp": "1774998383",
    "X-Nonce": "81502d40e8ed1938722560eb4553b5ad",
    "X-Sign": "2f630400...",
    "Accept": "application/json"
  },
  "body": null,
  "params": {
    "expand": "images",
    "page": 37
  }
}
================================================================================

{
  "timestamp": "2026-03-31T23:06:23.328Z",
  "type": "request",
  "endpoint": "GET /games",
  "fullUrl": "https://staging.slotegrator.com/api/index.php/v1/games?expand=images&page=15",
  "headers": {
    "X-Merchant-Id": "dbb46701285c1a2e24a0bf92f00501e5",
    "X-Timestamp": "1774998383",
    "X-Nonce": "d9ca41bd8248b734135b238a4e234119",
    "X-Sign": "95d4791a...",
    "Accept": "application/json"
  },
  "body": null,
  "params": {
    "expand": "images",
    "page": 15
  }
}
================================================================================

{
  "timestamp": "2026-03-31T23:06:24.084Z",
  "type": "request",
  "endpoint": "GET /games",
  "fullUrl": "https://staging.slotegrator.com/api/index.php/v1/games?expand=images&page=16",
  "headers": {
    "X-Merchant-Id": "dbb46701285c1a2e24a0bf92f00501e5",
    "X-Timestamp": "1774998384",
    "X-Nonce": "23f7b433c7d60054284a8b0cc5d97d1b",
    "X-Sign": "5cfdd2d4...",
    "Accept": "application/json"
  },
  "body": null,
  "params": {
    "expand": "images",
    "page": 16
  }
}
================================================================================

{
  "timestamp": "2026-03-31T23:06:24.196Z",
  "type": "request",
  "endpoint": "GET /games",
  "fullUrl": "https://staging.slotegrator.com/api/index.php/v1/games?expand=images&page=38",
  "headers": {
    "X-Merchant-Id": "dbb46701285c1a2e24a0bf92f00501e5",
    "X-Timestamp": "1774998384",
    "X-Nonce": "b63870a402677a05ba7294f7ff5733f9",
    "X-Sign": "147beca5...",
    "Accept": "application/json"
  },
  "body": null,
  "params": {
    "expand": "images",
    "page": 38
  }
}
================================================================================

{
  "timestamp": "2026-03-31T23:06:24.944Z",
  "type": "request",
  "endpoint": "GET /games",
  "fullUrl": "https://staging.slotegrator.com/api/index.php/v1/games?expand=images&page=17",
  "headers": {
    "X-Merchant-Id": "dbb46701285c1a2e24a0bf92f00501e5",
    "X-Timestamp": "1774998384",
    "X-Nonce": "52571f9c154357256ac3907f71fe871f",
    "X-Sign": "718b4031...",
    "Accept": "application/json"
  },
  "body": null,
  "params": {
    "expand": "images",
    "page": 17
  }
}
================================================================================

{
  "timestamp": "2026-03-31T23:06:25.127Z",
  "type": "request",
  "endpoint": "GET /games",
  "fullUrl": "https://staging.slotegrator.com/api/index.php/v1/games?expand=images&page=39",
  "headers": {
    "X-Merchant-Id": "dbb46701285c1a2e24a0bf92f00501e5",
    "X-Timestamp": "1774998385",
    "X-Nonce": "4cae493dd8c3d2796445be1943cd3a27",
    "X-Sign": "b6f3b88c...",
    "Accept": "application/json"
  },
  "body": null,
  "params": {
    "expand": "images",
    "page": 39
  }
}
================================================================================

{
  "timestamp": "2026-03-31T23:06:26.054Z",
  "type": "request",
  "endpoint": "GET /games",
  "fullUrl": "https://staging.slotegrator.com/api/index.php/v1/games?expand=images&page=18",
  "headers": {
    "X-Merchant-Id": "dbb46701285c1a2e24a0bf92f00501e5",
    "X-Timestamp": "1774998386",
    "X-Nonce": "da7bde8abaee4062e5d5e4efd7644554",
    "X-Sign": "5709957b...",
    "Accept": "application/json"
  },
  "body": null,
  "params": {
    "expand": "images",
    "page": 18
  }
}
================================================================================

{
  "timestamp": "2026-03-31T23:06:26.057Z",
  "type": "request",
  "endpoint": "GET /games",
  "fullUrl": "https://staging.slotegrator.com/api/index.php/v1/games?expand=images&page=40",
  "headers": {
    "X-Merchant-Id": "dbb46701285c1a2e24a0bf92f00501e5",
    "X-Timestamp": "1774998386",
    "X-Nonce": "880a2a5a6efeb74863eb4a4c57a25db5",
    "X-Sign": "307c413e...",
    "Accept": "application/json"
  },
  "body": null,
  "params": {
    "expand": "images",
    "page": 40
  }
}
================================================================================

{
  "timestamp": "2026-03-31T23:06:26.898Z",
  "type": "request",
  "endpoint": "GET /games",
  "fullUrl": "https://staging.slotegrator.com/api/index.php/v1/games?expand=images&page=19",
  "headers": {
    "X-Merchant-Id": "dbb46701285c1a2e24a0bf92f00501e5",
    "X-Timestamp": "1774998386",
    "X-Nonce": "eed0c865a9ac6f8da6814ba1ff9b2868",
    "X-Sign": "ac89480b...",
    "Accept": "application/json"
  },
  "body": null,
  "params": {
    "expand": "images",
    "page": 19
  }
}
================================================================================

{
  "timestamp": "2026-03-31T23:06:27.152Z",
  "type": "request",
  "endpoint": "GET /limits",
  "fullUrl": "https://staging.slotegrator.com/api/index.php/v1/limits",
  "headers": {
    "X-Merchant-Id": "dbb46701285c1a2e24a0bf92f00501e5",
    "X-Timestamp": "1774998387",
    "X-Nonce": "8a32f7f358cc199a8736cebd268082e1",
    "X-Sign": "aec1108b...",
    "Accept": "application/json"
  },
  "body": null,
  "params": null
}
================================================================================

{
  "timestamp": "2026-03-31T23:06:27.931Z",
  "type": "request",
  "endpoint": "GET /games",
  "fullUrl": "https://staging.slotegrator.com/api/index.php/v1/games?expand=images&page=20",
  "headers": {
    "X-Merchant-Id": "dbb46701285c1a2e24a0bf92f00501e5",
    "X-Timestamp": "1774998387",
    "X-Nonce": "55ed4df86e1481e93fe1135f723fc6c4",
    "X-Sign": "0f850634...",
    "Accept": "application/json"
  },
  "body": null,
  "params": {
    "expand": "images",
    "page": 20
  }
}
================================================================================

{
  "timestamp": "2026-03-31T23:06:28.662Z",
  "type": "request",
  "endpoint": "GET /games",
  "fullUrl": "https://staging.slotegrator.com/api/index.php/v1/games?expand=images&page=21",
  "headers": {
    "X-Merchant-Id": "dbb46701285c1a2e24a0bf92f00501e5",
    "X-Timestamp": "1774998388",
    "X-Nonce": "0138403c93039592031508887d3fd430",
    "X-Sign": "82c912c7...",
    "Accept": "application/json"
  },
  "body": null,
  "params": {
    "expand": "images",
    "page": 21
  }
}
================================================================================

{
  "timestamp": "2026-03-31T23:06:29.374Z",
  "type": "request",
  "endpoint": "GET /games",
  "fullUrl": "https://staging.slotegrator.com/api/index.php/v1/games?expand=images&page=22",
  "headers": {
    "X-Merchant-Id": "dbb46701285c1a2e24a0bf92f00501e5",
    "X-Timestamp": "1774998389",
    "X-Nonce": "3d66aa376b66079e16086689e6c70d1b",
    "X-Sign": "f19e2e31...",
    "Accept": "application/json"
  },
  "body": null,
  "params": {
    "expand": "images",
    "page": 22
  }
}
================================================================================

{
  "timestamp": "2026-03-31T23:06:30.157Z",
  "type": "request",
  "endpoint": "GET /games",
  "fullUrl": "https://staging.slotegrator.com/api/index.php/v1/games?expand=images&page=23",
  "headers": {
    "X-Merchant-Id": "dbb46701285c1a2e24a0bf92f00501e5",
    "X-Timestamp": "1774998390",
    "X-Nonce": "2af215b0fec99a6dc3cbef4c45eb30e8",
    "X-Sign": "cc6786b1...",
    "Accept": "application/json"
  },
  "body": null,
  "params": {
    "expand": "images",
    "page": 23
  }
}
================================================================================

{
  "timestamp": "2026-03-31T23:06:30.847Z",
  "type": "request",
  "endpoint": "GET /games",
  "fullUrl": "https://staging.slotegrator.com/api/index.php/v1/games?expand=images&page=24",
  "headers": {
    "X-Merchant-Id": "dbb46701285c1a2e24a0bf92f00501e5",
    "X-Timestamp": "1774998390",
    "X-Nonce": "b0ea69a6a445f98552f3c75caf5fc830",
    "X-Sign": "eb7ae007...",
    "Accept": "application/json"
  },
  "body": null,
  "params": {
    "expand": "images",
    "page": 24
  }
}
================================================================================

{
  "timestamp": "2026-03-31T23:06:31.543Z",
  "type": "request",
  "endpoint": "GET /games",
  "fullUrl": "https://staging.slotegrator.com/api/index.php/v1/games?expand=images&page=25",
  "headers": {
    "X-Merchant-Id": "dbb46701285c1a2e24a0bf92f00501e5",
    "X-Timestamp": "1774998391",
    "X-Nonce": "f7d2647909b1a20cff3e3b2d687715ae",
    "X-Sign": "8e938f5d...",
    "Accept": "application/json"
  },
  "body": null,
  "params": {
    "expand": "images",
    "page": 25
  }
}
================================================================================

{
  "timestamp": "2026-03-31T23:06:32.208Z",
  "type": "request",
  "endpoint": "GET /games",
  "fullUrl": "https://staging.slotegrator.com/api/index.php/v1/games?expand=images&page=26",
  "headers": {
    "X-Merchant-Id": "dbb46701285c1a2e24a0bf92f00501e5",
    "X-Timestamp": "1774998392",
    "X-Nonce": "83371a61ce23c65073dd88a23544e844",
    "X-Sign": "f2ae701e...",
    "Accept": "application/json"
  },
  "body": null,
  "params": {
    "expand": "images",
    "page": 26
  }
}
================================================================================

{
  "timestamp": "2026-03-31T23:06:33.285Z",
  "type": "request",
  "endpoint": "GET /games",
  "fullUrl": "https://staging.slotegrator.com/api/index.php/v1/games?expand=images&page=27",
  "headers": {
    "X-Merchant-Id": "dbb46701285c1a2e24a0bf92f00501e5",
    "X-Timestamp": "1774998393",
    "X-Nonce": "3c4a94353857b5e9cdce7242e5a4aee2",
    "X-Sign": "6b933bd6...",
    "Accept": "application/json"
  },
  "body": null,
  "params": {
    "expand": "images",
    "page": 27
  }
}
================================================================================

{
  "timestamp": "2026-03-31T23:06:33.534Z",
  "type": "request",
  "endpoint": "GET /limits",
  "fullUrl": "https://staging.slotegrator.com/api/index.php/v1/limits",
  "headers": {
    "X-Merchant-Id": "dbb46701285c1a2e24a0bf92f00501e5",
    "X-Timestamp": "1774998393",
    "X-Nonce": "4c92d4cf78b81f61f45cc8d603f8b92f",
    "X-Sign": "fa860210...",
    "Accept": "application/json"
  },
  "body": null,
  "params": null
}
================================================================================

{
  "timestamp": "2026-03-31T23:06:33.954Z",
  "type": "request",
  "endpoint": "GET /games",
  "fullUrl": "https://staging.slotegrator.com/api/index.php/v1/games",
  "headers": {
    "X-Merchant-Id": "dbb46701285c1a2e24a0bf92f00501e5",
    "X-Timestamp": "1774998393",
    "X-Nonce": "f0e4f3eb4e05231c37f9159812d014bc",
    "X-Sign": "c843812d...",
    "Accept": "application/json"
  },
  "body": null,
  "params": null
}
================================================================================

{
  "timestamp": "2026-03-31T23:06:33.967Z",
  "type": "request",
  "endpoint": "GET /games",
  "fullUrl": "https://staging.slotegrator.com/api/index.php/v1/games",
  "headers": {
    "X-Merchant-Id": "dbb46701285c1a2e24a0bf92f00501e5",
    "X-Timestamp": "1774998393",
    "X-Nonce": "6b0067daecde945f09c5072c00fae726",
    "X-Sign": "e10942d4...",
    "Accept": "application/json"
  },
  "body": null,
  "params": null
}
================================================================================

{
  "timestamp": "2026-03-31T23:06:33.973Z",
  "type": "request",
  "endpoint": "GET /games",
  "fullUrl": "https://staging.slotegrator.com/api/index.php/v1/games?expand=images&page=28",
  "headers": {
    "X-Merchant-Id": "dbb46701285c1a2e24a0bf92f00501e5",
    "X-Timestamp": "1774998393",
    "X-Nonce": "74463b0c4a691fce62346d4813dd5db5",
    "X-Sign": "03dce38b...",
    "Accept": "application/json"
  },
  "body": null,
  "params": {
    "expand": "images",
    "page": 28
  }
}
================================================================================

{
  "timestamp": "2026-03-31T23:06:34.666Z",
  "type": "request",
  "endpoint": "GET /games",
  "fullUrl": "https://staging.slotegrator.com/api/index.php/v1/games?page=2",
  "headers": {
    "X-Merchant-Id": "dbb46701285c1a2e24a0bf92f00501e5",
    "X-Timestamp": "1774998394",
    "X-Nonce": "447e9a14df46e6d5c74ba9a6a49987f8",
    "X-Sign": "37ff3cab...",
    "Accept": "application/json"
  },
  "body": null,
  "params": {
    "page": 2
  }
}
================================================================================

{
  "timestamp": "2026-03-31T23:06:34.689Z",
  "type": "request",
  "endpoint": "GET /games",
  "fullUrl": "https://staging.slotegrator.com/api/index.php/v1/games?page=2",
  "headers": {
    "X-Merchant-Id": "dbb46701285c1a2e24a0bf92f00501e5",
    "X-Timestamp": "1774998394",
    "X-Nonce": "92d1c56dce5ed26992225cdbb6b75148",
    "X-Sign": "c0ad2e07...",
    "Accept": "application/json"
  },
  "body": null,
  "params": {
    "page": 2
  }
}
================================================================================

{
  "timestamp": "2026-03-31T23:06:34.816Z",
  "type": "request",
  "endpoint": "GET /games",
  "fullUrl": "https://staging.slotegrator.com/api/index.php/v1/games?expand=images&page=29",
  "headers": {
    "X-Merchant-Id": "dbb46701285c1a2e24a0bf92f00501e5",
    "X-Timestamp": "1774998394",
    "X-Nonce": "46d1b9dfbbf4f5fad274c5e7148c6d57",
    "X-Sign": "760d6d24...",
    "Accept": "application/json"
  },
  "body": null,
  "params": {
    "expand": "images",
    "page": 29
  }
}
================================================================================

{
  "timestamp": "2026-03-31T23:06:35.421Z",
  "type": "request",
  "endpoint": "GET /games",
  "fullUrl": "https://staging.slotegrator.com/api/index.php/v1/games?page=3",
  "headers": {
    "X-Merchant-Id": "dbb46701285c1a2e24a0bf92f00501e5",
    "X-Timestamp": "1774998395",
    "X-Nonce": "cdb8c3f3a0f77f5bbfb12cfb655d8ed5",
    "X-Sign": "c8961116...",
    "Accept": "application/json"
  },
  "body": null,
  "params": {
    "page": 3
  }
}
================================================================================

{
  "timestamp": "2026-03-31T23:06:35.464Z",
  "type": "request",
  "endpoint": "GET /games",
  "fullUrl": "https://staging.slotegrator.com/api/index.php/v1/games?page=3",
  "headers": {
    "X-Merchant-Id": "dbb46701285c1a2e24a0bf92f00501e5",
    "X-Timestamp": "1774998395",
    "X-Nonce": "cba22142d18bb74dafc529ebadc0f5e3",
    "X-Sign": "407ab585...",
    "Accept": "application/json"
  },
  "body": null,
  "params": {
    "page": 3
  }
}
================================================================================

{
  "timestamp": "2026-03-31T23:06:35.665Z",
  "type": "request",
  "endpoint": "GET /games",
  "fullUrl": "https://staging.slotegrator.com/api/index.php/v1/games?expand=images&page=30",
  "headers": {
    "X-Merchant-Id": "dbb46701285c1a2e24a0bf92f00501e5",
    "X-Timestamp": "1774998395",
    "X-Nonce": "08edc04ff4705279c7c2f7c60f8ba1c5",
    "X-Sign": "127eacdf...",
    "Accept": "application/json"
  },
  "body": null,
  "params": {
    "expand": "images",
    "page": 30
  }
}
================================================================================

{
  "timestamp": "2026-03-31T23:06:36.097Z",
  "type": "request",
  "endpoint": "GET /games",
  "fullUrl": "https://staging.slotegrator.com/api/index.php/v1/games?page=4",
  "headers": {
    "X-Merchant-Id": "dbb46701285c1a2e24a0bf92f00501e5",
    "X-Timestamp": "1774998396",
    "X-Nonce": "b0add902737902194834a4e3e66818bc",
    "X-Sign": "93a18d50...",
    "Accept": "application/json"
  },
  "body": null,
  "params": {
    "page": 4
  }
}
================================================================================

{
  "timestamp": "2026-03-31T23:06:36.231Z",
  "type": "request",
  "endpoint": "GET /games",
  "fullUrl": "https://staging.slotegrator.com/api/index.php/v1/games?page=4",
  "headers": {
    "X-Merchant-Id": "dbb46701285c1a2e24a0bf92f00501e5",
    "X-Timestamp": "1774998396",
    "X-Nonce": "0b2e92fd927513d37172d496eb6fc95d",
    "X-Sign": "a1caad54...",
    "Accept": "application/json"
  },
  "body": null,
  "params": {
    "page": 4
  }
}
================================================================================

{
  "timestamp": "2026-03-31T23:06:36.499Z",
  "type": "request",
  "endpoint": "GET /games",
  "fullUrl": "https://staging.slotegrator.com/api/index.php/v1/games?expand=images&page=31",
  "headers": {
    "X-Merchant-Id": "dbb46701285c1a2e24a0bf92f00501e5",
    "X-Timestamp": "1774998396",
    "X-Nonce": "e90f069280e65fcd902fe775f6bc3152",
    "X-Sign": "9e15f09e...",
    "Accept": "application/json"
  },
  "body": null,
  "params": {
    "expand": "images",
    "page": 31
  }
}
================================================================================

{
  "timestamp": "2026-03-31T23:06:36.764Z",
  "type": "request",
  "endpoint": "GET /games",
  "fullUrl": "https://staging.slotegrator.com/api/index.php/v1/games?page=5",
  "headers": {
    "X-Merchant-Id": "dbb46701285c1a2e24a0bf92f00501e5",
    "X-Timestamp": "1774998396",
    "X-Nonce": "b8876e1e178e1fedbf4f9ac091223514",
    "X-Sign": "d623a6b6...",
    "Accept": "application/json"
  },
  "body": null,
  "params": {
    "page": 5
  }
}
================================================================================

{
  "timestamp": "2026-03-31T23:06:36.898Z",
  "type": "request",
  "endpoint": "GET /games",
  "fullUrl": "https://staging.slotegrator.com/api/index.php/v1/games?page=5",
  "headers": {
    "X-Merchant-Id": "dbb46701285c1a2e24a0bf92f00501e5",
    "X-Timestamp": "1774998396",
    "X-Nonce": "9a816f22770d4bec2bcd2737c87c0469",
    "X-Sign": "7ad37368...",
    "Accept": "application/json"
  },
  "body": null,
  "params": {
    "page": 5
  }
}
================================================================================

{
  "timestamp": "2026-03-31T23:06:37.164Z",
  "type": "request",
  "endpoint": "GET /games",
  "fullUrl": "https://staging.slotegrator.com/api/index.php/v1/games?expand=images&page=32",
  "headers": {
    "X-Merchant-Id": "dbb46701285c1a2e24a0bf92f00501e5",
    "X-Timestamp": "1774998397",
    "X-Nonce": "62f6a293c8466361cd6edcae3d19b1be",
    "X-Sign": "7ad91dee...",
    "Accept": "application/json"
  },
  "body": null,
  "params": {
    "expand": "images",
    "page": 32
  }
}
================================================================================

{
  "timestamp": "2026-03-31T23:06:37.412Z",
  "type": "request",
  "endpoint": "GET /games",
  "fullUrl": "https://staging.slotegrator.com/api/index.php/v1/games",
  "headers": {
    "X-Merchant-Id": "dbb46701285c1a2e24a0bf92f00501e5",
    "X-Timestamp": "1774998397",
    "X-Nonce": "2196bcb628d594cb553952ef49fea714",
    "X-Sign": "18565264...",
    "Accept": "application/json"
  },
  "body": null,
  "params": null
}
================================================================================

{
  "timestamp": "2026-03-31T23:06:37.600Z",
  "type": "request",
  "endpoint": "GET /games",
  "fullUrl": "https://staging.slotegrator.com/api/index.php/v1/games",
  "headers": {
    "X-Merchant-Id": "dbb46701285c1a2e24a0bf92f00501e5",
    "X-Timestamp": "1774998397",
    "X-Nonce": "35ef82c15fc2dbc35fda7ad8bd6254b0",
    "X-Sign": "bc5c6696...",
    "Accept": "application/json"
  },
  "body": null,
  "params": null
}
================================================================================

{
  "timestamp": "2026-03-31T23:06:37.864Z",
  "type": "request",
  "endpoint": "GET /games",
  "fullUrl": "https://staging.slotegrator.com/api/index.php/v1/games?expand=images&page=33",
  "headers": {
    "X-Merchant-Id": "dbb46701285c1a2e24a0bf92f00501e5",
    "X-Timestamp": "1774998397",
    "X-Nonce": "75e5f5bcb7cadb16a9e43a17929c3b4f",
    "X-Sign": "efa188f0...",
    "Accept": "application/json"
  },
  "body": null,
  "params": {
    "expand": "images",
    "page": 33
  }
}
================================================================================

{
  "timestamp": "2026-03-31T23:06:38.049Z",
  "type": "request",
  "endpoint": "GET /games",
  "fullUrl": "https://staging.slotegrator.com/api/index.php/v1/games?page=2",
  "headers": {
    "X-Merchant-Id": "dbb46701285c1a2e24a0bf92f00501e5",
    "X-Timestamp": "1774998398",
    "X-Nonce": "2deab2bb009dcff6433d6619e99fc938",
    "X-Sign": "9ff83aaf...",
    "Accept": "application/json"
  },
  "body": null,
  "params": {
    "page": 2
  }
}
================================================================================

{
  "timestamp": "2026-03-31T23:06:38.314Z",
  "type": "request",
  "endpoint": "GET /games",
  "fullUrl": "https://staging.slotegrator.com/api/index.php/v1/games?page=2",
  "headers": {
    "X-Merchant-Id": "dbb46701285c1a2e24a0bf92f00501e5",
    "X-Timestamp": "1774998398",
    "X-Nonce": "f2c03bbf5540c876e874ddefa9a5484a",
    "X-Sign": "d98a994a...",
    "Accept": "application/json"
  },
  "body": null,
  "params": {
    "page": 2
  }
}
================================================================================

{
  "timestamp": "2026-03-31T23:06:38.564Z",
  "type": "request",
  "endpoint": "GET /games",
  "fullUrl": "https://staging.slotegrator.com/api/index.php/v1/games?expand=images&page=34",
  "headers": {
    "X-Merchant-Id": "dbb46701285c1a2e24a0bf92f00501e5",
    "X-Timestamp": "1774998398",
    "X-Nonce": "c7bf75e225e1a63c300007fbd599ca7d",
    "X-Sign": "b2fe77fa...",
    "Accept": "application/json"
  },
  "body": null,
  "params": {
    "expand": "images",
    "page": 34
  }
}
================================================================================

{
  "timestamp": "2026-03-31T23:06:38.764Z",
  "type": "request",
  "endpoint": "GET /games",
  "fullUrl": "https://staging.slotegrator.com/api/index.php/v1/games?page=3",
  "headers": {
    "X-Merchant-Id": "dbb46701285c1a2e24a0bf92f00501e5",
    "X-Timestamp": "1774998398",
    "X-Nonce": "8d5e6c7345ee68c6c10d19eb9c51cc5c",
    "X-Sign": "fec3c672...",
    "Accept": "application/json"
  },
  "body": null,
  "params": {
    "page": 3
  }
}
================================================================================

{
  "timestamp": "2026-03-31T23:06:39.048Z",
  "type": "request",
  "endpoint": "GET /games",
  "fullUrl": "https://staging.slotegrator.com/api/index.php/v1/games?page=3",
  "headers": {
    "X-Merchant-Id": "dbb46701285c1a2e24a0bf92f00501e5",
    "X-Timestamp": "1774998399",
    "X-Nonce": "203bfad4997234e1177c92d0c058236e",
    "X-Sign": "e49b964a...",
    "Accept": "application/json"
  },
  "body": null,
  "params": {
    "page": 3
  }
}
================================================================================

{
  "timestamp": "2026-03-31T23:06:39.314Z",
  "type": "request",
  "endpoint": "GET /games",
  "fullUrl": "https://staging.slotegrator.com/api/index.php/v1/games?expand=images&page=35",
  "headers": {
    "X-Merchant-Id": "dbb46701285c1a2e24a0bf92f00501e5",
    "X-Timestamp": "1774998399",
    "X-Nonce": "46909f07b34860f79b43d424d7283b9b",
    "X-Sign": "2d3a5dff...",
    "Accept": "application/json"
  },
  "body": null,
  "params": {
    "expand": "images",
    "page": 35
  }
}
================================================================================

{
  "timestamp": "2026-03-31T23:06:39.452Z",
  "type": "request",
  "endpoint": "GET /games",
  "fullUrl": "https://staging.slotegrator.com/api/index.php/v1/games?page=4",
  "headers": {
    "X-Merchant-Id": "dbb46701285c1a2e24a0bf92f00501e5",
    "X-Timestamp": "1774998399",
    "X-Nonce": "370345b31a46e1793fd1c793684790ee",
    "X-Sign": "d4a3fa51...",
    "Accept": "application/json"
  },
  "body": null,
  "params": {
    "page": 4
  }
}
================================================================================

{
  "timestamp": "2026-03-31T23:06:39.731Z",
  "type": "request",
  "endpoint": "GET /games",
  "fullUrl": "https://staging.slotegrator.com/api/index.php/v1/games?page=4",
  "headers": {
    "X-Merchant-Id": "dbb46701285c1a2e24a0bf92f00501e5",
    "X-Timestamp": "1774998399",
    "X-Nonce": "a54c24693ad7115c65fb5b0b91c12ed7",
    "X-Sign": "16ef1241...",
    "Accept": "application/json"
  },
  "body": null,
  "params": {
    "page": 4
  }
}
================================================================================

{
  "timestamp": "2026-03-31T23:06:40.014Z",
  "type": "request",
  "endpoint": "GET /games",
  "fullUrl": "https://staging.slotegrator.com/api/index.php/v1/games?expand=images&page=36",
  "headers": {
    "X-Merchant-Id": "dbb46701285c1a2e24a0bf92f00501e5",
    "X-Timestamp": "1774998400",
    "X-Nonce": "381b08c7d58165ebeba1aee47b00995d",
    "X-Sign": "b8730fde...",
    "Accept": "application/json"
  },
  "body": null,
  "params": {
    "expand": "images",
    "page": 36
  }
}
================================================================================

{
  "timestamp": "2026-03-31T23:06:40.097Z",
  "type": "request",
  "endpoint": "GET /games",
  "fullUrl": "https://staging.slotegrator.com/api/index.php/v1/games?page=5",
  "headers": {
    "X-Merchant-Id": "dbb46701285c1a2e24a0bf92f00501e5",
    "X-Timestamp": "1774998400",
    "X-Nonce": "b695b228242969aa70bc8a1c5163d5de",
    "X-Sign": "d9fb0044...",
    "Accept": "application/json"
  },
  "body": null,
  "params": {
    "page": 5
  }
}
================================================================================

{
  "timestamp": "2026-03-31T23:06:40.465Z",
  "type": "request",
  "endpoint": "GET /games",
  "fullUrl": "https://staging.slotegrator.com/api/index.php/v1/games?page=5",
  "headers": {
    "X-Merchant-Id": "dbb46701285c1a2e24a0bf92f00501e5",
    "X-Timestamp": "1774998400",
    "X-Nonce": "d1ab1f83fd5fe19881d75a95778afda6",
    "X-Sign": "7d629b59...",
    "Accept": "application/json"
  },
  "body": null,
  "params": {
    "page": 5
  }
}
================================================================================

{
  "timestamp": "2026-03-31T23:06:40.769Z",
  "type": "request",
  "endpoint": "GET /games",
  "fullUrl": "https://staging.slotegrator.com/api/index.php/v1/games?page=6",
  "headers": {
    "X-Merchant-Id": "dbb46701285c1a2e24a0bf92f00501e5",
    "X-Timestamp": "1774998400",
    "X-Nonce": "2d43e315b76e8c3da5eb0350698d45cf",
    "X-Sign": "30fe0840...",
    "Accept": "application/json"
  },
  "body": null,
  "params": {
    "page": 6
  }
}
================================================================================

{
  "timestamp": "2026-03-31T23:06:40.832Z",
  "type": "request",
  "endpoint": "GET /games",
  "fullUrl": "https://staging.slotegrator.com/api/index.php/v1/games?expand=images&page=37",
  "headers": {
    "X-Merchant-Id": "dbb46701285c1a2e24a0bf92f00501e5",
    "X-Timestamp": "1774998400",
    "X-Nonce": "e91b85d65a9a5256cf34bb98df3242b4",
    "X-Sign": "af683018...",
    "Accept": "application/json"
  },
  "body": null,
  "params": {
    "expand": "images",
    "page": 37
  }
}
================================================================================

{
  "timestamp": "2026-03-31T23:06:41.281Z",
  "type": "request",
  "endpoint": "GET /games",
  "fullUrl": "https://staging.slotegrator.com/api/index.php/v1/games?page=6",
  "headers": {
    "X-Merchant-Id": "dbb46701285c1a2e24a0bf92f00501e5",
    "X-Timestamp": "1774998401",
    "X-Nonce": "0985f88b3f0a456ab880638a3d8396d2",
    "X-Sign": "62417cb9...",
    "Accept": "application/json"
  },
  "body": null,
  "params": {
    "page": 6
  }
}
================================================================================

{
  "timestamp": "2026-03-31T23:06:41.497Z",
  "type": "request",
  "endpoint": "GET /games",
  "fullUrl": "https://staging.slotegrator.com/api/index.php/v1/games?page=7",
  "headers": {
    "X-Merchant-Id": "dbb46701285c1a2e24a0bf92f00501e5",
    "X-Timestamp": "1774998401",
    "X-Nonce": "3029f05901b6a571c4ea5009cd77851f",
    "X-Sign": "f31a922d...",
    "Accept": "application/json"
  },
  "body": null,
  "params": {
    "page": 7
  }
}
================================================================================

{
  "timestamp": "2026-03-31T23:06:41.581Z",
  "type": "request",
  "endpoint": "GET /games",
  "fullUrl": "https://staging.slotegrator.com/api/index.php/v1/games?expand=images&page=38",
  "headers": {
    "X-Merchant-Id": "dbb46701285c1a2e24a0bf92f00501e5",
    "X-Timestamp": "1774998401",
    "X-Nonce": "b7eba34a7633bb7a337490a1d23c1415",
    "X-Sign": "a8555de2...",
    "Accept": "application/json"
  },
  "body": null,
  "params": {
    "expand": "images",
    "page": 38
  }
}
================================================================================

{
  "timestamp": "2026-03-31T23:06:42.064Z",
  "type": "request",
  "endpoint": "GET /games",
  "fullUrl": "https://staging.slotegrator.com/api/index.php/v1/games?page=7",
  "headers": {
    "X-Merchant-Id": "dbb46701285c1a2e24a0bf92f00501e5",
    "X-Timestamp": "1774998402",
    "X-Nonce": "b949da3dc0b44e11310fd5fa9beba898",
    "X-Sign": "49ce63ff...",
    "Accept": "application/json"
  },
  "body": null,
  "params": {
    "page": 7
  }
}
================================================================================

{
  "timestamp": "2026-03-31T23:06:42.198Z",
  "type": "request",
  "endpoint": "GET /games",
  "fullUrl": "https://staging.slotegrator.com/api/index.php/v1/games?page=8",
  "headers": {
    "X-Merchant-Id": "dbb46701285c1a2e24a0bf92f00501e5",
    "X-Timestamp": "1774998402",
    "X-Nonce": "346f2484adabced157bcbc5e14f966d6",
    "X-Sign": "03a90ad8...",
    "Accept": "application/json"
  },
  "body": null,
  "params": {
    "page": 8
  }
}
================================================================================

{
  "timestamp": "2026-03-31T23:06:42.414Z",
  "type": "request",
  "endpoint": "GET /games",
  "fullUrl": "https://staging.slotegrator.com/api/index.php/v1/games?expand=images&page=39",
  "headers": {
    "X-Merchant-Id": "dbb46701285c1a2e24a0bf92f00501e5",
    "X-Timestamp": "1774998402",
    "X-Nonce": "2a5e8263d0478723a08dde2c8138c344",
    "X-Sign": "9ff6f3f9...",
    "Accept": "application/json"
  },
  "body": null,
  "params": {
    "expand": "images",
    "page": 39
  }
}
================================================================================

{
  "timestamp": "2026-03-31T23:06:42.764Z",
  "type": "request",
  "endpoint": "GET /games",
  "fullUrl": "https://staging.slotegrator.com/api/index.php/v1/games?page=8",
  "headers": {
    "X-Merchant-Id": "dbb46701285c1a2e24a0bf92f00501e5",
    "X-Timestamp": "1774998402",
    "X-Nonce": "086a95a87a35cd5bf2bfb164ff29f3de",
    "X-Sign": "1cf71c64...",
    "Accept": "application/json"
  },
  "body": null,
  "params": {
    "page": 8
  }
}
================================================================================

{
  "timestamp": "2026-03-31T23:06:42.831Z",
  "type": "request",
  "endpoint": "GET /games",
  "fullUrl": "https://staging.slotegrator.com/api/index.php/v1/games?page=9",
  "headers": {
    "X-Merchant-Id": "dbb46701285c1a2e24a0bf92f00501e5",
    "X-Timestamp": "1774998402",
    "X-Nonce": "d0e9f02cb47212f7da9f31f596e8ca19",
    "X-Sign": "518f86c9...",
    "Accept": "application/json"
  },
  "body": null,
  "params": {
    "page": 9
  }
}
================================================================================

{
  "timestamp": "2026-03-31T23:06:43.147Z",
  "type": "request",
  "endpoint": "GET /games",
  "fullUrl": "https://staging.slotegrator.com/api/index.php/v1/games?expand=images&page=40",
  "headers": {
    "X-Merchant-Id": "dbb46701285c1a2e24a0bf92f00501e5",
    "X-Timestamp": "1774998403",
    "X-Nonce": "1cc62a02af42dc8c9673a5ebc9b2fd0c",
    "X-Sign": "5d10df5f...",
    "Accept": "application/json"
  },
  "body": null,
  "params": {
    "expand": "images",
    "page": 40
  }
}
================================================================================

{
  "timestamp": "2026-03-31T23:06:43.488Z",
  "type": "request",
  "endpoint": "GET /games",
  "fullUrl": "https://staging.slotegrator.com/api/index.php/v1/games?page=9",
  "headers": {
    "X-Merchant-Id": "dbb46701285c1a2e24a0bf92f00501e5",
    "X-Timestamp": "1774998403",
    "X-Nonce": "5da0eedefa5496951746a053be29e4f7",
    "X-Sign": "057c9164...",
    "Accept": "application/json"
  },
  "body": null,
  "params": {
    "page": 9
  }
}
================================================================================

{
  "timestamp": "2026-03-31T23:06:43.499Z",
  "type": "request",
  "endpoint": "GET /games",
  "fullUrl": "https://staging.slotegrator.com/api/index.php/v1/games?page=10",
  "headers": {
    "X-Merchant-Id": "dbb46701285c1a2e24a0bf92f00501e5",
    "X-Timestamp": "1774998403",
    "X-Nonce": "a55018e713491a7f3f7f6b3a157bfd2f",
    "X-Sign": "156b0efb...",
    "Accept": "application/json"
  },
  "body": null,
  "params": {
    "page": 10
  }
}
================================================================================

{
  "timestamp": "2026-03-31T23:06:44.114Z",
  "type": "request",
  "endpoint": "POST /games/init",
  "fullUrl": "https://staging.slotegrator.com/api/index.php/v1/games/init",
  "headers": {
    "X-Merchant-Id": "dbb46701285c1a2e24a0bf92f00501e5",
    "X-Timestamp": "1774998404",
    "X-Nonce": "e1c3d484817ed91fbad466ceba27de9d",
    "X-Sign": "98cb46a4...",
    "Accept": "application/json",
    "Content-Type": "application/x-www-form-urlencoded"
  },
  "body": "game_uuid=397f96eb2f0b70a51a3524ab6e2a4344ee717a3c&player_id=5fbW-EgviQlSB0qgLmM0Z&player_name=nanami&currency=EUR&session_id=session_5fbW-EgviQlSB0qgLmM0Z_1774998404112_bfp9q7&device=desktop&return_url=https%3A%2F%2Fboztestarea.ngrok.app&language=fr&email=nanami%40gmail.com",
  "params": {
    "game_uuid": "397f96eb2f0b70a51a3524ab6e2a4344ee717a3c",
    "player_id": "5fbW-EgviQlSB0qgLmM0Z",
    "player_name": "nanami",
    "currency": "EUR",
    "session_id": "session_5fbW-EgviQlSB0qgLmM0Z_1774998404112_bfp9q7",
    "device": "desktop",
    "return_url": "https://boztestarea.ngrok.app",
    "language": "fr",
    "email": "nanami@gmail.com"
  }
}
================================================================================

{
  "timestamp": "2026-03-31T23:06:44.214Z",
  "type": "request",
  "endpoint": "GET /games",
  "fullUrl": "https://staging.slotegrator.com/api/index.php/v1/games?page=10",
  "headers": {
    "X-Merchant-Id": "dbb46701285c1a2e24a0bf92f00501e5",
    "X-Timestamp": "1774998404",
    "X-Nonce": "fe9f24fc0eaf993ef9b6631876919959",
    "X-Sign": "8f957616...",
    "Accept": "application/json"
  },
  "body": null,
  "params": {
    "page": 10
  }
}
================================================================================

{
  "timestamp": "2026-03-31T23:06:44.934Z",
  "type": "request",
  "endpoint": "POST /games/init",
  "fullUrl": "https://staging.slotegrator.com/api/index.php/v1/games/init",
  "headers": {
    "X-Merchant-Id": "dbb46701285c1a2e24a0bf92f00501e5",
    "X-Timestamp": "1774998404",
    "X-Nonce": "9ef761d94d58d86438182fc2472dd8b7",
    "X-Sign": "1fa5dd09...",
    "Accept": "application/json",
    "Content-Type": "application/x-www-form-urlencoded"
  },
  "body": "game_uuid=397f96eb2f0b70a51a3524ab6e2a4344ee717a3c&player_id=5fbW-EgviQlSB0qgLmM0Z&player_name=nanami&currency=EUR&session_id=session_5fbW-EgviQlSB0qgLmM0Z_1774998404932_q560r9&device=desktop&return_url=https%3A%2F%2Fboztestarea.ngrok.app&language=fr&email=nanami%40gmail.com",
  "params": {
    "game_uuid": "397f96eb2f0b70a51a3524ab6e2a4344ee717a3c",
    "player_id": "5fbW-EgviQlSB0qgLmM0Z",
    "player_name": "nanami",
    "currency": "EUR",
    "session_id": "session_5fbW-EgviQlSB0qgLmM0Z_1774998404932_q560r9",
    "device": "desktop",
    "return_url": "https://boztestarea.ngrok.app",
    "language": "fr",
    "email": "nanami@gmail.com"
  }
}
================================================================================

{
  "timestamp": "2026-03-31T23:07:11.287Z",
  "type": "request",
  "endpoint": "POST /self-validate",
  "fullUrl": "https://staging.slotegrator.com/api/index.php/v1/self-validate",
  "headers": {
    "X-Merchant-Id": "dbb46701285c1a2e24a0bf92f00501e5",
    "X-Timestamp": "1774998431",
    "X-Nonce": "0ee9b0c5a83613dfe1f95f3f07f75314",
    "X-Sign": "6bacdeaa...",
    "Accept": "application/json",
    "Content-Type": "application/x-www-form-urlencoded"
  },
  "body": null,
  "params": null
}
================================================================================

{
  "timestamp": "2026-03-31T23:13:09.220Z",
  "type": "request",
  "endpoint": "GET /games",
  "fullUrl": "https://staging.slotegrator.com/api/index.php/v1/games?expand=images",
  "headers": {
    "X-Merchant-Id": "dbb46701285c1a2e24a0bf92f00501e5",
    "X-Timestamp": "1774998789",
    "X-Nonce": "e711510eaa0840129db64fecae2ef1ee",
    "X-Sign": "b889c6bf...",
    "Accept": "application/json"
  },
  "body": null,
  "params": {
    "expand": "images"
  }
}
================================================================================

{
  "timestamp": "2026-03-31T23:13:10.521Z",
  "type": "request",
  "endpoint": "GET /games",
  "fullUrl": "https://staging.slotegrator.com/api/index.php/v1/games?expand=images&page=2",
  "headers": {
    "X-Merchant-Id": "dbb46701285c1a2e24a0bf92f00501e5",
    "X-Timestamp": "1774998790",
    "X-Nonce": "3380614540cd197a0c0bf91174217810",
    "X-Sign": "462666c9...",
    "Accept": "application/json"
  },
  "body": null,
  "params": {
    "expand": "images",
    "page": 2
  }
}
================================================================================

{
  "timestamp": "2026-03-31T23:13:11.206Z",
  "type": "request",
  "endpoint": "GET /limits",
  "fullUrl": "https://staging.slotegrator.com/api/index.php/v1/limits",
  "headers": {
    "X-Merchant-Id": "dbb46701285c1a2e24a0bf92f00501e5",
    "X-Timestamp": "1774998791",
    "X-Nonce": "73444bcf3e091f3b901c70fa481cc8ee",
    "X-Sign": "96101c7a...",
    "Accept": "application/json"
  },
  "body": null,
  "params": null
}
================================================================================

{
  "timestamp": "2026-03-31T23:13:12.505Z",
  "type": "request",
  "endpoint": "GET /games",
  "fullUrl": "https://staging.slotegrator.com/api/index.php/v1/games?expand=images",
  "headers": {
    "X-Merchant-Id": "dbb46701285c1a2e24a0bf92f00501e5",
    "X-Timestamp": "1774998792",
    "X-Nonce": "ae44f762449ea772285483c9f05fdb47",
    "X-Sign": "f5e8153f...",
    "Accept": "application/json"
  },
  "body": null,
  "params": {
    "expand": "images"
  }
}
================================================================================

{
  "timestamp": "2026-03-31T23:13:13.229Z",
  "type": "request",
  "endpoint": "GET /games",
  "fullUrl": "https://staging.slotegrator.com/api/index.php/v1/games?expand=images&page=2",
  "headers": {
    "X-Merchant-Id": "dbb46701285c1a2e24a0bf92f00501e5",
    "X-Timestamp": "1774998793",
    "X-Nonce": "8067fb504a9a86ffd89c272233fbd04b",
    "X-Sign": "9ad70feb...",
    "Accept": "application/json"
  },
  "body": null,
  "params": {
    "expand": "images",
    "page": 2
  }
}
================================================================================

{
  "timestamp": "2026-03-31T23:13:13.933Z",
  "type": "request",
  "endpoint": "GET /limits",
  "fullUrl": "https://staging.slotegrator.com/api/index.php/v1/limits",
  "headers": {
    "X-Merchant-Id": "dbb46701285c1a2e24a0bf92f00501e5",
    "X-Timestamp": "1774998793",
    "X-Nonce": "04ac8f40ad94fb1e509a3f43a5ba3d94",
    "X-Sign": "988b279b...",
    "Accept": "application/json"
  },
  "body": null,
  "params": null
}
================================================================================

{
  "timestamp": "2026-03-31T23:13:22.123Z",
  "type": "request",
  "endpoint": "GET /limits",
  "fullUrl": "https://staging.slotegrator.com/api/index.php/v1/limits",
  "headers": {
    "X-Merchant-Id": "dbb46701285c1a2e24a0bf92f00501e5",
    "X-Timestamp": "1774998802",
    "X-Nonce": "229fe3d7f8d888c82a52bf6b65408091",
    "X-Sign": "61ffdca5...",
    "Accept": "application/json"
  },
  "body": null,
  "params": null
}
================================================================================

{
  "timestamp": "2026-03-31T23:13:22.423Z",
  "type": "request",
  "endpoint": "GET /games",
  "fullUrl": "https://staging.slotegrator.com/api/index.php/v1/games",
  "headers": {
    "X-Merchant-Id": "dbb46701285c1a2e24a0bf92f00501e5",
    "X-Timestamp": "1774998802",
    "X-Nonce": "3288b3ed0659ecf2eef209c09e337aad",
    "X-Sign": "039edd1b...",
    "Accept": "application/json"
  },
  "body": null,
  "params": null
}
================================================================================

{
  "timestamp": "2026-03-31T23:13:22.429Z",
  "type": "request",
  "endpoint": "GET /games",
  "fullUrl": "https://staging.slotegrator.com/api/index.php/v1/games",
  "headers": {
    "X-Merchant-Id": "dbb46701285c1a2e24a0bf92f00501e5",
    "X-Timestamp": "1774998802",
    "X-Nonce": "f88a6fe5fafd9ecd51f45d7707570f1c",
    "X-Sign": "b2681c99...",
    "Accept": "application/json"
  },
  "body": null,
  "params": null
}
================================================================================

{
  "timestamp": "2026-03-31T23:13:23.072Z",
  "type": "request",
  "endpoint": "GET /games",
  "fullUrl": "https://staging.slotegrator.com/api/index.php/v1/games?page=2",
  "headers": {
    "X-Merchant-Id": "dbb46701285c1a2e24a0bf92f00501e5",
    "X-Timestamp": "1774998803",
    "X-Nonce": "66bf82f3da38e42d427c7403b1c19949",
    "X-Sign": "1fa7d36d...",
    "Accept": "application/json"
  },
  "body": null,
  "params": {
    "page": 2
  }
}
================================================================================

{
  "timestamp": "2026-03-31T23:13:23.221Z",
  "type": "request",
  "endpoint": "GET /games",
  "fullUrl": "https://staging.slotegrator.com/api/index.php/v1/games?page=2",
  "headers": {
    "X-Merchant-Id": "dbb46701285c1a2e24a0bf92f00501e5",
    "X-Timestamp": "1774998803",
    "X-Nonce": "18bf9bc90164117b0d9c113afb90e0aa",
    "X-Sign": "93445dc4...",
    "Accept": "application/json"
  },
  "body": null,
  "params": {
    "page": 2
  }
}
================================================================================

{
  "timestamp": "2026-03-31T23:13:23.686Z",
  "type": "request",
  "endpoint": "GET /games",
  "fullUrl": "https://staging.slotegrator.com/api/index.php/v1/games?page=3",
  "headers": {
    "X-Merchant-Id": "dbb46701285c1a2e24a0bf92f00501e5",
    "X-Timestamp": "1774998803",
    "X-Nonce": "d45c0f1b3e7dadee62b901a532901f78",
    "X-Sign": "1bac5d6f...",
    "Accept": "application/json"
  },
  "body": null,
  "params": {
    "page": 3
  }
}
================================================================================

{
  "timestamp": "2026-03-31T23:13:23.771Z",
  "type": "request",
  "endpoint": "GET /games",
  "fullUrl": "https://staging.slotegrator.com/api/index.php/v1/games?page=3",
  "headers": {
    "X-Merchant-Id": "dbb46701285c1a2e24a0bf92f00501e5",
    "X-Timestamp": "1774998803",
    "X-Nonce": "238a201a58e52db04a9111f8bc14f652",
    "X-Sign": "b4580a03...",
    "Accept": "application/json"
  },
  "body": null,
  "params": {
    "page": 3
  }
}
================================================================================

{
  "timestamp": "2026-03-31T23:13:24.321Z",
  "type": "request",
  "endpoint": "GET /games",
  "fullUrl": "https://staging.slotegrator.com/api/index.php/v1/games?page=4",
  "headers": {
    "X-Merchant-Id": "dbb46701285c1a2e24a0bf92f00501e5",
    "X-Timestamp": "1774998804",
    "X-Nonce": "9fcd25b3ab5566cb62770119077ed838",
    "X-Sign": "f51bec16...",
    "Accept": "application/json"
  },
  "body": null,
  "params": {
    "page": 4
  }
}
================================================================================

{
  "timestamp": "2026-03-31T23:13:24.421Z",
  "type": "request",
  "endpoint": "GET /games",
  "fullUrl": "https://staging.slotegrator.com/api/index.php/v1/games?page=4",
  "headers": {
    "X-Merchant-Id": "dbb46701285c1a2e24a0bf92f00501e5",
    "X-Timestamp": "1774998804",
    "X-Nonce": "8fdbbfffc1e7a7a2de93173404c02c1c",
    "X-Sign": "f3576bfd...",
    "Accept": "application/json"
  },
  "body": null,
  "params": {
    "page": 4
  }
}
================================================================================

{
  "timestamp": "2026-03-31T23:13:24.938Z",
  "type": "request",
  "endpoint": "GET /games",
  "fullUrl": "https://staging.slotegrator.com/api/index.php/v1/games?page=5",
  "headers": {
    "X-Merchant-Id": "dbb46701285c1a2e24a0bf92f00501e5",
    "X-Timestamp": "1774998804",
    "X-Nonce": "071839cf057d6ee4d4af4da92c6f7041",
    "X-Sign": "d69ea976...",
    "Accept": "application/json"
  },
  "body": null,
  "params": {
    "page": 5
  }
}
================================================================================

{
  "timestamp": "2026-03-31T23:13:25.037Z",
  "type": "request",
  "endpoint": "GET /games",
  "fullUrl": "https://staging.slotegrator.com/api/index.php/v1/games?page=5",
  "headers": {
    "X-Merchant-Id": "dbb46701285c1a2e24a0bf92f00501e5",
    "X-Timestamp": "1774998805",
    "X-Nonce": "d230a32e988f67c57bea95008e813052",
    "X-Sign": "6fd0da11...",
    "Accept": "application/json"
  },
  "body": null,
  "params": {
    "page": 5
  }
}
================================================================================

{
  "timestamp": "2026-03-31T23:13:25.561Z",
  "type": "request",
  "endpoint": "GET /games",
  "fullUrl": "https://staging.slotegrator.com/api/index.php/v1/games",
  "headers": {
    "X-Merchant-Id": "dbb46701285c1a2e24a0bf92f00501e5",
    "X-Timestamp": "1774998805",
    "X-Nonce": "680fa2514bae91c3f0476738b258e9a6",
    "X-Sign": "403b42be...",
    "Accept": "application/json"
  },
  "body": null,
  "params": null
}
================================================================================

{
  "timestamp": "2026-03-31T23:13:25.621Z",
  "type": "request",
  "endpoint": "GET /games",
  "fullUrl": "https://staging.slotegrator.com/api/index.php/v1/games",
  "headers": {
    "X-Merchant-Id": "dbb46701285c1a2e24a0bf92f00501e5",
    "X-Timestamp": "1774998805",
    "X-Nonce": "6dca181eb8cb99743fa14eecaad5976f",
    "X-Sign": "3f09fb6d...",
    "Accept": "application/json"
  },
  "body": null,
  "params": null
}
================================================================================

{
  "timestamp": "2026-03-31T23:13:26.221Z",
  "type": "request",
  "endpoint": "GET /games",
  "fullUrl": "https://staging.slotegrator.com/api/index.php/v1/games?page=2",
  "headers": {
    "X-Merchant-Id": "dbb46701285c1a2e24a0bf92f00501e5",
    "X-Timestamp": "1774998806",
    "X-Nonce": "9e4215fa6905290d4d13c4e4f96030b3",
    "X-Sign": "ab07aac9...",
    "Accept": "application/json"
  },
  "body": null,
  "params": {
    "page": 2
  }
}
================================================================================

{
  "timestamp": "2026-03-31T23:13:26.302Z",
  "type": "request",
  "endpoint": "GET /games",
  "fullUrl": "https://staging.slotegrator.com/api/index.php/v1/games?page=2",
  "headers": {
    "X-Merchant-Id": "dbb46701285c1a2e24a0bf92f00501e5",
    "X-Timestamp": "1774998806",
    "X-Nonce": "bf160cbdf56e9b6bcc57b9dd6add825b",
    "X-Sign": "13a7b670...",
    "Accept": "application/json"
  },
  "body": null,
  "params": {
    "page": 2
  }
}
================================================================================

{
  "timestamp": "2026-03-31T23:13:27.030Z",
  "type": "request",
  "endpoint": "GET /games",
  "fullUrl": "https://staging.slotegrator.com/api/index.php/v1/games?page=3",
  "headers": {
    "X-Merchant-Id": "dbb46701285c1a2e24a0bf92f00501e5",
    "X-Timestamp": "1774998807",
    "X-Nonce": "395145618b1f8f852ae51e1265f246b8",
    "X-Sign": "51a596e4...",
    "Accept": "application/json"
  },
  "body": null,
  "params": {
    "page": 3
  }
}
================================================================================

{
  "timestamp": "2026-03-31T23:13:27.052Z",
  "type": "request",
  "endpoint": "GET /games",
  "fullUrl": "https://staging.slotegrator.com/api/index.php/v1/games?page=3",
  "headers": {
    "X-Merchant-Id": "dbb46701285c1a2e24a0bf92f00501e5",
    "X-Timestamp": "1774998807",
    "X-Nonce": "e9c96ebf6fa0b90c1b5d8d956cff1762",
    "X-Sign": "99bac57b...",
    "Accept": "application/json"
  },
  "body": null,
  "params": {
    "page": 3
  }
}
================================================================================

{
  "timestamp": "2026-03-31T23:13:27.772Z",
  "type": "request",
  "endpoint": "GET /games",
  "fullUrl": "https://staging.slotegrator.com/api/index.php/v1/games?page=4",
  "headers": {
    "X-Merchant-Id": "dbb46701285c1a2e24a0bf92f00501e5",
    "X-Timestamp": "1774998807",
    "X-Nonce": "efe2ffcbd13376936e56cff0f04943e8",
    "X-Sign": "1ff944bd...",
    "Accept": "application/json"
  },
  "body": null,
  "params": {
    "page": 4
  }
}
================================================================================

{
  "timestamp": "2026-03-31T23:13:27.785Z",
  "type": "request",
  "endpoint": "GET /games",
  "fullUrl": "https://staging.slotegrator.com/api/index.php/v1/games?page=4",
  "headers": {
    "X-Merchant-Id": "dbb46701285c1a2e24a0bf92f00501e5",
    "X-Timestamp": "1774998807",
    "X-Nonce": "c3c0d3afcd7cca48d5c5a8ee09e1cfcd",
    "X-Sign": "4f7967f9...",
    "Accept": "application/json"
  },
  "body": null,
  "params": {
    "page": 4
  }
}
================================================================================

{
  "timestamp": "2026-03-31T23:13:28.370Z",
  "type": "request",
  "endpoint": "GET /games",
  "fullUrl": "https://staging.slotegrator.com/api/index.php/v1/games?page=5",
  "headers": {
    "X-Merchant-Id": "dbb46701285c1a2e24a0bf92f00501e5",
    "X-Timestamp": "1774998808",
    "X-Nonce": "ed653b14e52506a2965a9d37d95c6a3b",
    "X-Sign": "fa3e0220...",
    "Accept": "application/json"
  },
  "body": null,
  "params": {
    "page": 5
  }
}
================================================================================

{
  "timestamp": "2026-03-31T23:13:28.471Z",
  "type": "request",
  "endpoint": "GET /games",
  "fullUrl": "https://staging.slotegrator.com/api/index.php/v1/games?page=5",
  "headers": {
    "X-Merchant-Id": "dbb46701285c1a2e24a0bf92f00501e5",
    "X-Timestamp": "1774998808",
    "X-Nonce": "ebb6a7ff9747dbc391c7f146aa953722",
    "X-Sign": "ae56b100...",
    "Accept": "application/json"
  },
  "body": null,
  "params": {
    "page": 5
  }
}
================================================================================

{
  "timestamp": "2026-03-31T23:13:28.954Z",
  "type": "request",
  "endpoint": "GET /games",
  "fullUrl": "https://staging.slotegrator.com/api/index.php/v1/games?page=6",
  "headers": {
    "X-Merchant-Id": "dbb46701285c1a2e24a0bf92f00501e5",
    "X-Timestamp": "1774998808",
    "X-Nonce": "cb87241572b79e56620c2679886885f7",
    "X-Sign": "9547ec68...",
    "Accept": "application/json"
  },
  "body": null,
  "params": {
    "page": 6
  }
}
================================================================================

{
  "timestamp": "2026-03-31T23:13:29.087Z",
  "type": "request",
  "endpoint": "GET /games",
  "fullUrl": "https://staging.slotegrator.com/api/index.php/v1/games?page=6",
  "headers": {
    "X-Merchant-Id": "dbb46701285c1a2e24a0bf92f00501e5",
    "X-Timestamp": "1774998809",
    "X-Nonce": "ede7abf1698b4ba0af850137486cfd9a",
    "X-Sign": "09f1a349...",
    "Accept": "application/json"
  },
  "body": null,
  "params": {
    "page": 6
  }
}
================================================================================

{
  "timestamp": "2026-03-31T23:13:29.539Z",
  "type": "request",
  "endpoint": "GET /games",
  "fullUrl": "https://staging.slotegrator.com/api/index.php/v1/games?page=7",
  "headers": {
    "X-Merchant-Id": "dbb46701285c1a2e24a0bf92f00501e5",
    "X-Timestamp": "1774998809",
    "X-Nonce": "87ca0d81160450c4e9be75ca03df6521",
    "X-Sign": "bb9ecc3f...",
    "Accept": "application/json"
  },
  "body": null,
  "params": {
    "page": 7
  }
}
================================================================================

{
  "timestamp": "2026-03-31T23:13:29.719Z",
  "type": "request",
  "endpoint": "GET /games",
  "fullUrl": "https://staging.slotegrator.com/api/index.php/v1/games?page=7",
  "headers": {
    "X-Merchant-Id": "dbb46701285c1a2e24a0bf92f00501e5",
    "X-Timestamp": "1774998809",
    "X-Nonce": "0a09a6423608934b6539a3dee1edb26b",
    "X-Sign": "d5922694...",
    "Accept": "application/json"
  },
  "body": null,
  "params": {
    "page": 7
  }
}
================================================================================

{
  "timestamp": "2026-03-31T23:13:30.102Z",
  "type": "request",
  "endpoint": "GET /games",
  "fullUrl": "https://staging.slotegrator.com/api/index.php/v1/games?page=8",
  "headers": {
    "X-Merchant-Id": "dbb46701285c1a2e24a0bf92f00501e5",
    "X-Timestamp": "1774998810",
    "X-Nonce": "74f2331db5ef09f0d62f9ee836838317",
    "X-Sign": "5b59179c...",
    "Accept": "application/json"
  },
  "body": null,
  "params": {
    "page": 8
  }
}
================================================================================

{
  "timestamp": "2026-03-31T23:13:30.361Z",
  "type": "request",
  "endpoint": "GET /games",
  "fullUrl": "https://staging.slotegrator.com/api/index.php/v1/games?page=8",
  "headers": {
    "X-Merchant-Id": "dbb46701285c1a2e24a0bf92f00501e5",
    "X-Timestamp": "1774998810",
    "X-Nonce": "fd25f8a7dc5af74e1abb0d398a5ae08f",
    "X-Sign": "efeac7ce...",
    "Accept": "application/json"
  },
  "body": null,
  "params": {
    "page": 8
  }
}
================================================================================

{
  "timestamp": "2026-03-31T23:13:30.703Z",
  "type": "request",
  "endpoint": "GET /games",
  "fullUrl": "https://staging.slotegrator.com/api/index.php/v1/games?page=9",
  "headers": {
    "X-Merchant-Id": "dbb46701285c1a2e24a0bf92f00501e5",
    "X-Timestamp": "1774998810",
    "X-Nonce": "c59ff004c19cb03a204a51bff3404b2e",
    "X-Sign": "d393e9f9...",
    "Accept": "application/json"
  },
  "body": null,
  "params": {
    "page": 9
  }
}
================================================================================

{
  "timestamp": "2026-03-31T23:13:31.054Z",
  "type": "request",
  "endpoint": "GET /games",
  "fullUrl": "https://staging.slotegrator.com/api/index.php/v1/games?page=9",
  "headers": {
    "X-Merchant-Id": "dbb46701285c1a2e24a0bf92f00501e5",
    "X-Timestamp": "1774998811",
    "X-Nonce": "cca83cd42a53b740ff32ac104019a53a",
    "X-Sign": "a5163c2d...",
    "Accept": "application/json"
  },
  "body": null,
  "params": {
    "page": 9
  }
}
================================================================================

{
  "timestamp": "2026-03-31T23:13:31.323Z",
  "type": "request",
  "endpoint": "GET /games",
  "fullUrl": "https://staging.slotegrator.com/api/index.php/v1/games?page=10",
  "headers": {
    "X-Merchant-Id": "dbb46701285c1a2e24a0bf92f00501e5",
    "X-Timestamp": "1774998811",
    "X-Nonce": "37c50077cb29624ad69f2f2aecd16f10",
    "X-Sign": "0cb6aea3...",
    "Accept": "application/json"
  },
  "body": null,
  "params": {
    "page": 10
  }
}
================================================================================

{
  "timestamp": "2026-03-31T23:13:31.669Z",
  "type": "request",
  "endpoint": "GET /games",
  "fullUrl": "https://staging.slotegrator.com/api/index.php/v1/games?page=10",
  "headers": {
    "X-Merchant-Id": "dbb46701285c1a2e24a0bf92f00501e5",
    "X-Timestamp": "1774998811",
    "X-Nonce": "c3f923d88d8887a61615bb1c5441d1a4",
    "X-Sign": "80bcf4f6...",
    "Accept": "application/json"
  },
  "body": null,
  "params": {
    "page": 10
  }
}
================================================================================

{
  "timestamp": "2026-03-31T23:13:31.941Z",
  "type": "request",
  "endpoint": "POST /games/init",
  "fullUrl": "https://staging.slotegrator.com/api/index.php/v1/games/init",
  "headers": {
    "X-Merchant-Id": "dbb46701285c1a2e24a0bf92f00501e5",
    "X-Timestamp": "1774998811",
    "X-Nonce": "cd9d1be3a8d22eb998ea33354421a68b",
    "X-Sign": "b32aecc8...",
    "Accept": "application/json",
    "Content-Type": "application/x-www-form-urlencoded"
  },
  "body": "game_uuid=642a1f708beae26a11e31fdae2df2f0fa32973ec&player_id=5fbW-EgviQlSB0qgLmM0Z&player_name=nanami&currency=EUR&session_id=session_5fbW-EgviQlSB0qgLmM0Z_1774998811936_59hcxn&device=desktop&return_url=https%3A%2F%2Fboztestarea.ngrok.app&language=fr&email=nanami%40gmail.com",
  "params": {
    "game_uuid": "642a1f708beae26a11e31fdae2df2f0fa32973ec",
    "player_id": "5fbW-EgviQlSB0qgLmM0Z",
    "player_name": "nanami",
    "currency": "EUR",
    "session_id": "session_5fbW-EgviQlSB0qgLmM0Z_1774998811936_59hcxn",
    "device": "desktop",
    "return_url": "https://boztestarea.ngrok.app",
    "language": "fr",
    "email": "nanami@gmail.com"
  }
}
================================================================================

{
  "timestamp": "2026-03-31T23:13:32.244Z",
  "type": "request",
  "endpoint": "POST /games/init",
  "fullUrl": "https://staging.slotegrator.com/api/index.php/v1/games/init",
  "headers": {
    "X-Merchant-Id": "dbb46701285c1a2e24a0bf92f00501e5",
    "X-Timestamp": "1774998812",
    "X-Nonce": "8087aafa6914da5e1f603f8df0afba0d",
    "X-Sign": "be32f3ba...",
    "Accept": "application/json",
    "Content-Type": "application/x-www-form-urlencoded"
  },
  "body": "game_uuid=642a1f708beae26a11e31fdae2df2f0fa32973ec&player_id=5fbW-EgviQlSB0qgLmM0Z&player_name=nanami&currency=EUR&session_id=session_5fbW-EgviQlSB0qgLmM0Z_1774998812243_hcqorb&device=desktop&return_url=https%3A%2F%2Fboztestarea.ngrok.app&language=fr&email=nanami%40gmail.com",
  "params": {
    "game_uuid": "642a1f708beae26a11e31fdae2df2f0fa32973ec",
    "player_id": "5fbW-EgviQlSB0qgLmM0Z",
    "player_name": "nanami",
    "currency": "EUR",
    "session_id": "session_5fbW-EgviQlSB0qgLmM0Z_1774998812243_hcqorb",
    "device": "desktop",
    "return_url": "https://boztestarea.ngrok.app",
    "language": "fr",
    "email": "nanami@gmail.com"
  }
}
================================================================================

{
  "timestamp": "2026-03-31T23:14:00.343Z",
  "type": "request",
  "endpoint": "POST /self-validate",
  "fullUrl": "https://staging.slotegrator.com/api/index.php/v1/self-validate",
  "headers": {
    "X-Merchant-Id": "dbb46701285c1a2e24a0bf92f00501e5",
    "X-Timestamp": "1774998840",
    "X-Nonce": "b53552840fe9edb1e2d2d1cd75eee8f4",
    "X-Sign": "813f70d2...",
    "Accept": "application/json",
    "Content-Type": "application/x-www-form-urlencoded"
  },
  "body": null,
  "params": null
}
================================================================================

{
  "timestamp": "2026-03-31T23:16:14.741Z",
  "type": "request",
  "endpoint": "GET /limits",
  "fullUrl": "https://staging.slotegrator.com/api/index.php/v1/limits",
  "headers": {
    "X-Merchant-Id": "dbb46701285c1a2e24a0bf92f00501e5",
    "X-Timestamp": "1774998974",
    "X-Nonce": "3e147444ae9ace045528e82c68ea25cd",
    "X-Sign": "70bf2425...",
    "Accept": "application/json"
  },
  "body": null,
  "params": null
}
================================================================================

{
  "timestamp": "2026-03-31T23:16:15.187Z",
  "type": "request",
  "endpoint": "GET /games",
  "fullUrl": "https://staging.slotegrator.com/api/index.php/v1/games",
  "headers": {
    "X-Merchant-Id": "dbb46701285c1a2e24a0bf92f00501e5",
    "X-Timestamp": "1774998975",
    "X-Nonce": "e2e91a0c9fc806ffa75267acc9595bdc",
    "X-Sign": "753e162b...",
    "Accept": "application/json"
  },
  "body": null,
  "params": null
}
================================================================================

{
  "timestamp": "2026-03-31T23:16:15.196Z",
  "type": "request",
  "endpoint": "GET /games",
  "fullUrl": "https://staging.slotegrator.com/api/index.php/v1/games",
  "headers": {
    "X-Merchant-Id": "dbb46701285c1a2e24a0bf92f00501e5",
    "X-Timestamp": "1774998975",
    "X-Nonce": "d210a1d00fecad06fcb96e3cc3c6b009",
    "X-Sign": "8803b11b...",
    "Accept": "application/json"
  },
  "body": null,
  "params": null
}
================================================================================

{
  "timestamp": "2026-03-31T23:16:15.850Z",
  "type": "request",
  "endpoint": "GET /games",
  "fullUrl": "https://staging.slotegrator.com/api/index.php/v1/games?page=2",
  "headers": {
    "X-Merchant-Id": "dbb46701285c1a2e24a0bf92f00501e5",
    "X-Timestamp": "1774998975",
    "X-Nonce": "79bac498ac30488521e6999b2b13348f",
    "X-Sign": "87314a67...",
    "Accept": "application/json"
  },
  "body": null,
  "params": {
    "page": 2
  }
}
================================================================================

{
  "timestamp": "2026-03-31T23:16:16.049Z",
  "type": "request",
  "endpoint": "GET /games",
  "fullUrl": "https://staging.slotegrator.com/api/index.php/v1/games?page=2",
  "headers": {
    "X-Merchant-Id": "dbb46701285c1a2e24a0bf92f00501e5",
    "X-Timestamp": "1774998976",
    "X-Nonce": "daea5f3cb3c9fcb8aaa7f70925b42415",
    "X-Sign": "7f8ee2aa...",
    "Accept": "application/json"
  },
  "body": null,
  "params": {
    "page": 2
  }
}
================================================================================

{
  "timestamp": "2026-03-31T23:16:16.449Z",
  "type": "request",
  "endpoint": "GET /games",
  "fullUrl": "https://staging.slotegrator.com/api/index.php/v1/games?page=3",
  "headers": {
    "X-Merchant-Id": "dbb46701285c1a2e24a0bf92f00501e5",
    "X-Timestamp": "1774998976",
    "X-Nonce": "62e0970a79ba1d5aa7ee55f4058d88b3",
    "X-Sign": "3d3722ff...",
    "Accept": "application/json"
  },
  "body": null,
  "params": {
    "page": 3
  }
}
================================================================================

{
  "timestamp": "2026-03-31T23:16:16.649Z",
  "type": "request",
  "endpoint": "GET /games",
  "fullUrl": "https://staging.slotegrator.com/api/index.php/v1/games?page=3",
  "headers": {
    "X-Merchant-Id": "dbb46701285c1a2e24a0bf92f00501e5",
    "X-Timestamp": "1774998976",
    "X-Nonce": "d4d3d98744679fa58b4f8acc2d2ed451",
    "X-Sign": "4296c799...",
    "Accept": "application/json"
  },
  "body": null,
  "params": {
    "page": 3
  }
}
================================================================================

{
  "timestamp": "2026-03-31T23:16:17.049Z",
  "type": "request",
  "endpoint": "GET /games",
  "fullUrl": "https://staging.slotegrator.com/api/index.php/v1/games?page=4",
  "headers": {
    "X-Merchant-Id": "dbb46701285c1a2e24a0bf92f00501e5",
    "X-Timestamp": "1774998977",
    "X-Nonce": "d67da5bd644aeaa9387c6c277e668c57",
    "X-Sign": "5c53dbb7...",
    "Accept": "application/json"
  },
  "body": null,
  "params": {
    "page": 4
  }
}
================================================================================

{
  "timestamp": "2026-03-31T23:16:17.247Z",
  "type": "request",
  "endpoint": "GET /games",
  "fullUrl": "https://staging.slotegrator.com/api/index.php/v1/games?page=4",
  "headers": {
    "X-Merchant-Id": "dbb46701285c1a2e24a0bf92f00501e5",
    "X-Timestamp": "1774998977",
    "X-Nonce": "4f77f33f3436d45792c4051b9da518ac",
    "X-Sign": "616ab95a...",
    "Accept": "application/json"
  },
  "body": null,
  "params": {
    "page": 4
  }
}
================================================================================

{
  "timestamp": "2026-03-31T23:16:17.616Z",
  "type": "request",
  "endpoint": "GET /games",
  "fullUrl": "https://staging.slotegrator.com/api/index.php/v1/games?page=5",
  "headers": {
    "X-Merchant-Id": "dbb46701285c1a2e24a0bf92f00501e5",
    "X-Timestamp": "1774998977",
    "X-Nonce": "5d61826caa1b95bc234f9a34aa071cde",
    "X-Sign": "68cddeca...",
    "Accept": "application/json"
  },
  "body": null,
  "params": {
    "page": 5
  }
}
================================================================================

{
  "timestamp": "2026-03-31T23:16:17.835Z",
  "type": "request",
  "endpoint": "GET /games",
  "fullUrl": "https://staging.slotegrator.com/api/index.php/v1/games?page=5",
  "headers": {
    "X-Merchant-Id": "dbb46701285c1a2e24a0bf92f00501e5",
    "X-Timestamp": "1774998977",
    "X-Nonce": "dcd57c3c8ded75129f3a6deb025b40f0",
    "X-Sign": "2bda93f3...",
    "Accept": "application/json"
  },
  "body": null,
  "params": {
    "page": 5
  }
}
================================================================================

{
  "timestamp": "2026-03-31T23:16:18.228Z",
  "type": "request",
  "endpoint": "GET /games",
  "fullUrl": "https://staging.slotegrator.com/api/index.php/v1/games",
  "headers": {
    "X-Merchant-Id": "dbb46701285c1a2e24a0bf92f00501e5",
    "X-Timestamp": "1774998978",
    "X-Nonce": "9a75054eebca9b62a3b519be9555770d",
    "X-Sign": "9d470e9a...",
    "Accept": "application/json"
  },
  "body": null,
  "params": null
}
================================================================================

{
  "timestamp": "2026-03-31T23:16:18.486Z",
  "type": "request",
  "endpoint": "GET /games",
  "fullUrl": "https://staging.slotegrator.com/api/index.php/v1/games",
  "headers": {
    "X-Merchant-Id": "dbb46701285c1a2e24a0bf92f00501e5",
    "X-Timestamp": "1774998978",
    "X-Nonce": "ec26d54b7b43df3c4fa1c1eb1c53420a",
    "X-Sign": "fea38667...",
    "Accept": "application/json"
  },
  "body": null,
  "params": null
}
================================================================================

{
  "timestamp": "2026-03-31T23:16:18.946Z",
  "type": "request",
  "endpoint": "GET /games",
  "fullUrl": "https://staging.slotegrator.com/api/index.php/v1/games?page=2",
  "headers": {
    "X-Merchant-Id": "dbb46701285c1a2e24a0bf92f00501e5",
    "X-Timestamp": "1774998978",
    "X-Nonce": "d1b870da240bd60c863ec20747ba6537",
    "X-Sign": "ec40aad9...",
    "Accept": "application/json"
  },
  "body": null,
  "params": {
    "page": 2
  }
}
================================================================================

{
  "timestamp": "2026-03-31T23:16:19.131Z",
  "type": "request",
  "endpoint": "GET /games",
  "fullUrl": "https://staging.slotegrator.com/api/index.php/v1/games?page=2",
  "headers": {
    "X-Merchant-Id": "dbb46701285c1a2e24a0bf92f00501e5",
    "X-Timestamp": "1774998979",
    "X-Nonce": "ea549bdc7501543d3f651ded9aff759b",
    "X-Sign": "36353b8e...",
    "Accept": "application/json"
  },
  "body": null,
  "params": {
    "page": 2
  }
}
================================================================================

{
  "timestamp": "2026-03-31T23:16:19.628Z",
  "type": "request",
  "endpoint": "GET /games",
  "fullUrl": "https://staging.slotegrator.com/api/index.php/v1/games?page=3",
  "headers": {
    "X-Merchant-Id": "dbb46701285c1a2e24a0bf92f00501e5",
    "X-Timestamp": "1774998979",
    "X-Nonce": "0511bc133e814394f0b8ccb9b0d43283",
    "X-Sign": "90dbe034...",
    "Accept": "application/json"
  },
  "body": null,
  "params": {
    "page": 3
  }
}
================================================================================

{
  "timestamp": "2026-03-31T23:16:19.744Z",
  "type": "request",
  "endpoint": "GET /games",
  "fullUrl": "https://staging.slotegrator.com/api/index.php/v1/games?page=3",
  "headers": {
    "X-Merchant-Id": "dbb46701285c1a2e24a0bf92f00501e5",
    "X-Timestamp": "1774998979",
    "X-Nonce": "6a80f55b2931447de4b5e33a7f5c1d91",
    "X-Sign": "bd780545...",
    "Accept": "application/json"
  },
  "body": null,
  "params": {
    "page": 3
  }
}
================================================================================

{
  "timestamp": "2026-03-31T23:16:20.234Z",
  "type": "request",
  "endpoint": "GET /games",
  "fullUrl": "https://staging.slotegrator.com/api/index.php/v1/games?page=4",
  "headers": {
    "X-Merchant-Id": "dbb46701285c1a2e24a0bf92f00501e5",
    "X-Timestamp": "1774998980",
    "X-Nonce": "db71d753572006d393cca010a67612c2",
    "X-Sign": "7f1abeda...",
    "Accept": "application/json"
  },
  "body": null,
  "params": {
    "page": 4
  }
}
================================================================================

{
  "timestamp": "2026-03-31T23:16:20.353Z",
  "type": "request",
  "endpoint": "GET /games",
  "fullUrl": "https://staging.slotegrator.com/api/index.php/v1/games?page=4",
  "headers": {
    "X-Merchant-Id": "dbb46701285c1a2e24a0bf92f00501e5",
    "X-Timestamp": "1774998980",
    "X-Nonce": "9b3b912fb5357f69aed7ddd238ee6153",
    "X-Sign": "a6e57ce5...",
    "Accept": "application/json"
  },
  "body": null,
  "params": {
    "page": 4
  }
}
================================================================================

{
  "timestamp": "2026-03-31T23:16:20.931Z",
  "type": "request",
  "endpoint": "GET /games",
  "fullUrl": "https://staging.slotegrator.com/api/index.php/v1/games?page=5",
  "headers": {
    "X-Merchant-Id": "dbb46701285c1a2e24a0bf92f00501e5",
    "X-Timestamp": "1774998980",
    "X-Nonce": "bebe5435b323fbe99c6fef7b7a31dbe4",
    "X-Sign": "dc9e4b5c...",
    "Accept": "application/json"
  },
  "body": null,
  "params": {
    "page": 5
  }
}
================================================================================

{
  "timestamp": "2026-03-31T23:16:20.979Z",
  "type": "request",
  "endpoint": "GET /games",
  "fullUrl": "https://staging.slotegrator.com/api/index.php/v1/games?page=5",
  "headers": {
    "X-Merchant-Id": "dbb46701285c1a2e24a0bf92f00501e5",
    "X-Timestamp": "1774998980",
    "X-Nonce": "c06f002a1d48071dfa37af0942638558",
    "X-Sign": "207a0eaf...",
    "Accept": "application/json"
  },
  "body": null,
  "params": {
    "page": 5
  }
}
================================================================================

{
  "timestamp": "2026-03-31T23:16:21.511Z",
  "type": "request",
  "endpoint": "GET /games",
  "fullUrl": "https://staging.slotegrator.com/api/index.php/v1/games?page=6",
  "headers": {
    "X-Merchant-Id": "dbb46701285c1a2e24a0bf92f00501e5",
    "X-Timestamp": "1774998981",
    "X-Nonce": "37c9789e8faaf7760ec24d7de35e34e2",
    "X-Sign": "8cb6dcb8...",
    "Accept": "application/json"
  },
  "body": null,
  "params": {
    "page": 6
  }
}
================================================================================

{
  "timestamp": "2026-03-31T23:16:21.598Z",
  "type": "request",
  "endpoint": "GET /games",
  "fullUrl": "https://staging.slotegrator.com/api/index.php/v1/games?page=6",
  "headers": {
    "X-Merchant-Id": "dbb46701285c1a2e24a0bf92f00501e5",
    "X-Timestamp": "1774998981",
    "X-Nonce": "f5450c460d35f0cbc094ab0d016d3aa5",
    "X-Sign": "d39464ed...",
    "Accept": "application/json"
  },
  "body": null,
  "params": {
    "page": 6
  }
}
================================================================================

{
  "timestamp": "2026-03-31T23:16:22.147Z",
  "type": "request",
  "endpoint": "GET /games",
  "fullUrl": "https://staging.slotegrator.com/api/index.php/v1/games?page=7",
  "headers": {
    "X-Merchant-Id": "dbb46701285c1a2e24a0bf92f00501e5",
    "X-Timestamp": "1774998982",
    "X-Nonce": "47661cf56c4c77efb02a735592a9ba00",
    "X-Sign": "4ebf5e18...",
    "Accept": "application/json"
  },
  "body": null,
  "params": {
    "page": 7
  }
}
================================================================================

{
  "timestamp": "2026-03-31T23:16:22.231Z",
  "type": "request",
  "endpoint": "GET /games",
  "fullUrl": "https://staging.slotegrator.com/api/index.php/v1/games?page=7",
  "headers": {
    "X-Merchant-Id": "dbb46701285c1a2e24a0bf92f00501e5",
    "X-Timestamp": "1774998982",
    "X-Nonce": "84c347087bf917290bd63c8115ca4cb7",
    "X-Sign": "ad591314...",
    "Accept": "application/json"
  },
  "body": null,
  "params": {
    "page": 7
  }
}
================================================================================

{
  "timestamp": "2026-03-31T23:16:22.820Z",
  "type": "request",
  "endpoint": "GET /games",
  "fullUrl": "https://staging.slotegrator.com/api/index.php/v1/games?page=8",
  "headers": {
    "X-Merchant-Id": "dbb46701285c1a2e24a0bf92f00501e5",
    "X-Timestamp": "1774998982",
    "X-Nonce": "0088439315ec244cbb9491f363a3f699",
    "X-Sign": "40a1195d...",
    "Accept": "application/json"
  },
  "body": null,
  "params": {
    "page": 8
  }
}
================================================================================

{
  "timestamp": "2026-03-31T23:16:22.862Z",
  "type": "request",
  "endpoint": "GET /games",
  "fullUrl": "https://staging.slotegrator.com/api/index.php/v1/games?page=8",
  "headers": {
    "X-Merchant-Id": "dbb46701285c1a2e24a0bf92f00501e5",
    "X-Timestamp": "1774998982",
    "X-Nonce": "b9286be0c9b0d87e18515b47db1d99da",
    "X-Sign": "1a9a625c...",
    "Accept": "application/json"
  },
  "body": null,
  "params": {
    "page": 8
  }
}
================================================================================

{
  "timestamp": "2026-03-31T23:16:23.478Z",
  "type": "request",
  "endpoint": "GET /games",
  "fullUrl": "https://staging.slotegrator.com/api/index.php/v1/games?page=9",
  "headers": {
    "X-Merchant-Id": "dbb46701285c1a2e24a0bf92f00501e5",
    "X-Timestamp": "1774998983",
    "X-Nonce": "971f30348a91b5b2b7bae63a61db0b3d",
    "X-Sign": "7b9c9ac1...",
    "Accept": "application/json"
  },
  "body": null,
  "params": {
    "page": 9
  }
}
================================================================================

{
  "timestamp": "2026-03-31T23:16:23.499Z",
  "type": "request",
  "endpoint": "GET /games",
  "fullUrl": "https://staging.slotegrator.com/api/index.php/v1/games?page=9",
  "headers": {
    "X-Merchant-Id": "dbb46701285c1a2e24a0bf92f00501e5",
    "X-Timestamp": "1774998983",
    "X-Nonce": "c1555c252c41fc9f3f561ea3188d0586",
    "X-Sign": "edf5a4bd...",
    "Accept": "application/json"
  },
  "body": null,
  "params": {
    "page": 9
  }
}
================================================================================

{
  "timestamp": "2026-03-31T23:16:24.114Z",
  "type": "request",
  "endpoint": "GET /games",
  "fullUrl": "https://staging.slotegrator.com/api/index.php/v1/games?page=10",
  "headers": {
    "X-Merchant-Id": "dbb46701285c1a2e24a0bf92f00501e5",
    "X-Timestamp": "1774998984",
    "X-Nonce": "a94d89789f767ba3298f2d7daf29a38c",
    "X-Sign": "55676885...",
    "Accept": "application/json"
  },
  "body": null,
  "params": {
    "page": 10
  }
}
================================================================================

{
  "timestamp": "2026-03-31T23:16:24.164Z",
  "type": "request",
  "endpoint": "GET /games",
  "fullUrl": "https://staging.slotegrator.com/api/index.php/v1/games?page=10",
  "headers": {
    "X-Merchant-Id": "dbb46701285c1a2e24a0bf92f00501e5",
    "X-Timestamp": "1774998984",
    "X-Nonce": "531687561dccc3c716fdf5804fe65f97",
    "X-Sign": "05ea8628...",
    "Accept": "application/json"
  },
  "body": null,
  "params": {
    "page": 10
  }
}
================================================================================

{
  "timestamp": "2026-03-31T23:16:24.734Z",
  "type": "request",
  "endpoint": "POST /games/init",
  "fullUrl": "https://staging.slotegrator.com/api/index.php/v1/games/init",
  "headers": {
    "X-Merchant-Id": "dbb46701285c1a2e24a0bf92f00501e5",
    "X-Timestamp": "1774998984",
    "X-Nonce": "4b2bd51d9e8ca35db4b975300748960a",
    "X-Sign": "5f3e9a02...",
    "Accept": "application/json",
    "Content-Type": "application/x-www-form-urlencoded"
  },
  "body": "game_uuid=397f96eb2f0b70a51a3524ab6e2a4344ee717a3c&player_id=5fbW-EgviQlSB0qgLmM0Z&player_name=nanami&currency=EUR&session_id=session_5fbW-EgviQlSB0qgLmM0Z_1774998984731_zogpvk&device=desktop&return_url=https%3A%2F%2Fboztestarea.ngrok.app&language=fr&email=nanami%40gmail.com",
  "params": {
    "game_uuid": "397f96eb2f0b70a51a3524ab6e2a4344ee717a3c",
    "player_id": "5fbW-EgviQlSB0qgLmM0Z",
    "player_name": "nanami",
    "currency": "EUR",
    "session_id": "session_5fbW-EgviQlSB0qgLmM0Z_1774998984731_zogpvk",
    "device": "desktop",
    "return_url": "https://boztestarea.ngrok.app",
    "language": "fr",
    "email": "nanami@gmail.com"
  }
}
================================================================================

{
  "timestamp": "2026-03-31T23:16:24.775Z",
  "type": "request",
  "endpoint": "POST /games/init",
  "fullUrl": "https://staging.slotegrator.com/api/index.php/v1/games/init",
  "headers": {
    "X-Merchant-Id": "dbb46701285c1a2e24a0bf92f00501e5",
    "X-Timestamp": "1774998984",
    "X-Nonce": "9b6b9c623c5e6107b8191d17b130a4f0",
    "X-Sign": "02f420f3...",
    "Accept": "application/json",
    "Content-Type": "application/x-www-form-urlencoded"
  },
  "body": "game_uuid=397f96eb2f0b70a51a3524ab6e2a4344ee717a3c&player_id=5fbW-EgviQlSB0qgLmM0Z&player_name=nanami&currency=EUR&session_id=session_5fbW-EgviQlSB0qgLmM0Z_1774998984772_kotork&device=desktop&return_url=https%3A%2F%2Fboztestarea.ngrok.app&language=fr&email=nanami%40gmail.com",
  "params": {
    "game_uuid": "397f96eb2f0b70a51a3524ab6e2a4344ee717a3c",
    "player_id": "5fbW-EgviQlSB0qgLmM0Z",
    "player_name": "nanami",
    "currency": "EUR",
    "session_id": "session_5fbW-EgviQlSB0qgLmM0Z_1774998984772_kotork",
    "device": "desktop",
    "return_url": "https://boztestarea.ngrok.app",
    "language": "fr",
    "email": "nanami@gmail.com"
  }
}
================================================================================

{
  "timestamp": "2026-03-31T23:17:05.351Z",
  "type": "request",
  "endpoint": "POST /self-validate",
  "fullUrl": "https://staging.slotegrator.com/api/index.php/v1/self-validate",
  "headers": {
    "X-Merchant-Id": "dbb46701285c1a2e24a0bf92f00501e5",
    "X-Timestamp": "1774999025",
    "X-Nonce": "f5921a8f6ee2dcab273bc54e68d7c03a",
    "X-Sign": "6a189bd4...",
    "Accept": "application/json",
    "Content-Type": "application/x-www-form-urlencoded"
  },
  "body": null,
  "params": null
}
================================================================================

{
  "timestamp": "2026-03-31T23:19:42.731Z",
  "type": "request",
  "endpoint": "GET /limits",
  "fullUrl": "https://staging.slotegrator.com/api/index.php/v1/limits",
  "headers": {
    "X-Merchant-Id": "dbb46701285c1a2e24a0bf92f00501e5",
    "X-Timestamp": "1774999182",
    "X-Nonce": "e6ccc7d4e60c9e195841587cd2809005",
    "X-Sign": "949247a5...",
    "Accept": "application/json"
  },
  "body": null,
  "params": null
}
================================================================================

{
  "timestamp": "2026-03-31T23:19:43.520Z",
  "type": "request",
  "endpoint": "GET /games",
  "fullUrl": "https://staging.slotegrator.com/api/index.php/v1/games",
  "headers": {
    "X-Merchant-Id": "dbb46701285c1a2e24a0bf92f00501e5",
    "X-Timestamp": "1774999183",
    "X-Nonce": "0f580c8bb031ed73419308061c32dd5d",
    "X-Sign": "76c15ab2...",
    "Accept": "application/json"
  },
  "body": null,
  "params": null
}
================================================================================

{
  "timestamp": "2026-03-31T23:19:43.525Z",
  "type": "request",
  "endpoint": "GET /games",
  "fullUrl": "https://staging.slotegrator.com/api/index.php/v1/games",
  "headers": {
    "X-Merchant-Id": "dbb46701285c1a2e24a0bf92f00501e5",
    "X-Timestamp": "1774999183",
    "X-Nonce": "3b5646f9f4419749add402b5af5825cf",
    "X-Sign": "6f57cc7d...",
    "Accept": "application/json"
  },
  "body": null,
  "params": null
}
================================================================================

{
  "timestamp": "2026-03-31T23:19:44.129Z",
  "type": "request",
  "endpoint": "GET /games",
  "fullUrl": "https://staging.slotegrator.com/api/index.php/v1/games?page=2",
  "headers": {
    "X-Merchant-Id": "dbb46701285c1a2e24a0bf92f00501e5",
    "X-Timestamp": "1774999184",
    "X-Nonce": "78816a4a8b3abcaf1fbb38cb96de2408",
    "X-Sign": "979d73ef...",
    "Accept": "application/json"
  },
  "body": null,
  "params": {
    "page": 2
  }
}
================================================================================

{
  "timestamp": "2026-03-31T23:19:44.292Z",
  "type": "request",
  "endpoint": "GET /games",
  "fullUrl": "https://staging.slotegrator.com/api/index.php/v1/games?page=2",
  "headers": {
    "X-Merchant-Id": "dbb46701285c1a2e24a0bf92f00501e5",
    "X-Timestamp": "1774999184",
    "X-Nonce": "2ec451b4bc7a65a83b5cb728243cfae0",
    "X-Sign": "ca01fef3...",
    "Accept": "application/json"
  },
  "body": null,
  "params": {
    "page": 2
  }
}
================================================================================

{
  "timestamp": "2026-03-31T23:19:44.812Z",
  "type": "request",
  "endpoint": "GET /games",
  "fullUrl": "https://staging.slotegrator.com/api/index.php/v1/games?page=3",
  "headers": {
    "X-Merchant-Id": "dbb46701285c1a2e24a0bf92f00501e5",
    "X-Timestamp": "1774999184",
    "X-Nonce": "62272259442d5e51a253e5e386c03e3e",
    "X-Sign": "7d27715a...",
    "Accept": "application/json"
  },
  "body": null,
  "params": {
    "page": 3
  }
}
================================================================================

{
  "timestamp": "2026-03-31T23:19:44.861Z",
  "type": "request",
  "endpoint": "GET /games",
  "fullUrl": "https://staging.slotegrator.com/api/index.php/v1/games?page=3",
  "headers": {
    "X-Merchant-Id": "dbb46701285c1a2e24a0bf92f00501e5",
    "X-Timestamp": "1774999184",
    "X-Nonce": "29e603ef190b85edbc3671236d622ec4",
    "X-Sign": "c65ed307...",
    "Accept": "application/json"
  },
  "body": null,
  "params": {
    "page": 3
  }
}
================================================================================

{
  "timestamp": "2026-03-31T23:19:45.450Z",
  "type": "request",
  "endpoint": "GET /games",
  "fullUrl": "https://staging.slotegrator.com/api/index.php/v1/games?page=4",
  "headers": {
    "X-Merchant-Id": "dbb46701285c1a2e24a0bf92f00501e5",
    "X-Timestamp": "1774999185",
    "X-Nonce": "b71bb6e3bf291038e7c7734cc68186df",
    "X-Sign": "43ea8420...",
    "Accept": "application/json"
  },
  "body": null,
  "params": {
    "page": 4
  }
}
================================================================================

{
  "timestamp": "2026-03-31T23:19:45.477Z",
  "type": "request",
  "endpoint": "GET /games",
  "fullUrl": "https://staging.slotegrator.com/api/index.php/v1/games?page=4",
  "headers": {
    "X-Merchant-Id": "dbb46701285c1a2e24a0bf92f00501e5",
    "X-Timestamp": "1774999185",
    "X-Nonce": "ac0ee88b80ed5d335051f656bfed290d",
    "X-Sign": "51a6ce29...",
    "Accept": "application/json"
  },
  "body": null,
  "params": {
    "page": 4
  }
}
================================================================================

{
  "timestamp": "2026-03-31T23:19:46.027Z",
  "type": "request",
  "endpoint": "GET /games",
  "fullUrl": "https://staging.slotegrator.com/api/index.php/v1/games?page=5",
  "headers": {
    "X-Merchant-Id": "dbb46701285c1a2e24a0bf92f00501e5",
    "X-Timestamp": "1774999186",
    "X-Nonce": "5f5cccbff210db7b285e909c667d5157",
    "X-Sign": "01254cc7...",
    "Accept": "application/json"
  },
  "body": null,
  "params": {
    "page": 5
  }
}
================================================================================

{
  "timestamp": "2026-03-31T23:19:46.174Z",
  "type": "request",
  "endpoint": "GET /games",
  "fullUrl": "https://staging.slotegrator.com/api/index.php/v1/games?page=5",
  "headers": {
    "X-Merchant-Id": "dbb46701285c1a2e24a0bf92f00501e5",
    "X-Timestamp": "1774999186",
    "X-Nonce": "177834eee4c84df328aa301b613004d4",
    "X-Sign": "25c51976...",
    "Accept": "application/json"
  },
  "body": null,
  "params": {
    "page": 5
  }
}
================================================================================

{
  "timestamp": "2026-03-31T23:19:46.559Z",
  "type": "request",
  "endpoint": "GET /games",
  "fullUrl": "https://staging.slotegrator.com/api/index.php/v1/games",
  "headers": {
    "X-Merchant-Id": "dbb46701285c1a2e24a0bf92f00501e5",
    "X-Timestamp": "1774999186",
    "X-Nonce": "9cd7079e7ba9bc21d62f8b5ed574bf55",
    "X-Sign": "5199ad69...",
    "Accept": "application/json"
  },
  "body": null,
  "params": null
}
================================================================================

{
  "timestamp": "2026-03-31T23:19:46.806Z",
  "type": "request",
  "endpoint": "GET /games",
  "fullUrl": "https://staging.slotegrator.com/api/index.php/v1/games",
  "headers": {
    "X-Merchant-Id": "dbb46701285c1a2e24a0bf92f00501e5",
    "X-Timestamp": "1774999186",
    "X-Nonce": "1afa36c6e1d13a53523e739ae5a46760",
    "X-Sign": "65eb0508...",
    "Accept": "application/json"
  },
  "body": null,
  "params": null
}
================================================================================

{
  "timestamp": "2026-03-31T23:19:47.109Z",
  "type": "request",
  "endpoint": "GET /games",
  "fullUrl": "https://staging.slotegrator.com/api/index.php/v1/games?page=2",
  "headers": {
    "X-Merchant-Id": "dbb46701285c1a2e24a0bf92f00501e5",
    "X-Timestamp": "1774999187",
    "X-Nonce": "7b50995fcbeccf8f7f50fccc4e253f16",
    "X-Sign": "018d3271...",
    "Accept": "application/json"
  },
  "body": null,
  "params": {
    "page": 2
  }
}
================================================================================

{
  "timestamp": "2026-03-31T23:19:47.479Z",
  "type": "request",
  "endpoint": "GET /games",
  "fullUrl": "https://staging.slotegrator.com/api/index.php/v1/games?page=2",
  "headers": {
    "X-Merchant-Id": "dbb46701285c1a2e24a0bf92f00501e5",
    "X-Timestamp": "1774999187",
    "X-Nonce": "a8114de0ed4a8436ca397009c48ac17e",
    "X-Sign": "9fb39330...",
    "Accept": "application/json"
  },
  "body": null,
  "params": {
    "page": 2
  }
}
================================================================================

{
  "timestamp": "2026-03-31T23:19:47.659Z",
  "type": "request",
  "endpoint": "GET /games",
  "fullUrl": "https://staging.slotegrator.com/api/index.php/v1/games?page=3",
  "headers": {
    "X-Merchant-Id": "dbb46701285c1a2e24a0bf92f00501e5",
    "X-Timestamp": "1774999187",
    "X-Nonce": "e7bcc0296a36a842bbda2944d7b66bdc",
    "X-Sign": "a4cd44f4...",
    "Accept": "application/json"
  },
  "body": null,
  "params": {
    "page": 3
  }
}
================================================================================

{
  "timestamp": "2026-03-31T23:19:48.162Z",
  "type": "request",
  "endpoint": "GET /games",
  "fullUrl": "https://staging.slotegrator.com/api/index.php/v1/games?page=3",
  "headers": {
    "X-Merchant-Id": "dbb46701285c1a2e24a0bf92f00501e5",
    "X-Timestamp": "1774999188",
    "X-Nonce": "e259829ea87eea6c5f2536680aebe105",
    "X-Sign": "ed20988f...",
    "Accept": "application/json"
  },
  "body": null,
  "params": {
    "page": 3
  }
}
================================================================================

{
  "timestamp": "2026-03-31T23:19:48.274Z",
  "type": "request",
  "endpoint": "GET /games",
  "fullUrl": "https://staging.slotegrator.com/api/index.php/v1/games?page=4",
  "headers": {
    "X-Merchant-Id": "dbb46701285c1a2e24a0bf92f00501e5",
    "X-Timestamp": "1774999188",
    "X-Nonce": "7e95c371477c6faf624553e88ac2994a",
    "X-Sign": "10db7554...",
    "Accept": "application/json"
  },
  "body": null,
  "params": {
    "page": 4
  }
}
================================================================================

{
  "timestamp": "2026-03-31T23:19:48.777Z",
  "type": "request",
  "endpoint": "GET /games",
  "fullUrl": "https://staging.slotegrator.com/api/index.php/v1/games?page=4",
  "headers": {
    "X-Merchant-Id": "dbb46701285c1a2e24a0bf92f00501e5",
    "X-Timestamp": "1774999188",
    "X-Nonce": "23c8ab7650da2fdda6f6b73fd306feb6",
    "X-Sign": "b8a07666...",
    "Accept": "application/json"
  },
  "body": null,
  "params": {
    "page": 4
  }
}
================================================================================

{
  "timestamp": "2026-03-31T23:19:48.827Z",
  "type": "request",
  "endpoint": "GET /games",
  "fullUrl": "https://staging.slotegrator.com/api/index.php/v1/games?page=5",
  "headers": {
    "X-Merchant-Id": "dbb46701285c1a2e24a0bf92f00501e5",
    "X-Timestamp": "1774999188",
    "X-Nonce": "f8083545ffaf26218aa55a7f50cfea2d",
    "X-Sign": "ecd53940...",
    "Accept": "application/json"
  },
  "body": null,
  "params": {
    "page": 5
  }
}
================================================================================

{
  "timestamp": "2026-03-31T23:19:49.342Z",
  "type": "request",
  "endpoint": "GET /games",
  "fullUrl": "https://staging.slotegrator.com/api/index.php/v1/games?page=6",
  "headers": {
    "X-Merchant-Id": "dbb46701285c1a2e24a0bf92f00501e5",
    "X-Timestamp": "1774999189",
    "X-Nonce": "3951754175640615c6904ec6fd44834d",
    "X-Sign": "3762e41a...",
    "Accept": "application/json"
  },
  "body": null,
  "params": {
    "page": 6
  }
}
================================================================================

{
  "timestamp": "2026-03-31T23:19:49.393Z",
  "type": "request",
  "endpoint": "GET /games",
  "fullUrl": "https://staging.slotegrator.com/api/index.php/v1/games?page=5",
  "headers": {
    "X-Merchant-Id": "dbb46701285c1a2e24a0bf92f00501e5",
    "X-Timestamp": "1774999189",
    "X-Nonce": "f86ba4937002f2384f11e3a2c18eb2e6",
    "X-Sign": "b5782856...",
    "Accept": "application/json"
  },
  "body": null,
  "params": {
    "page": 5
  }
}
================================================================================

{
  "timestamp": "2026-03-31T23:19:49.909Z",
  "type": "request",
  "endpoint": "GET /games",
  "fullUrl": "https://staging.slotegrator.com/api/index.php/v1/games?page=7",
  "headers": {
    "X-Merchant-Id": "dbb46701285c1a2e24a0bf92f00501e5",
    "X-Timestamp": "1774999189",
    "X-Nonce": "2c723b8947e2d1153860530fa0736778",
    "X-Sign": "d2dd6b20...",
    "Accept": "application/json"
  },
  "body": null,
  "params": {
    "page": 7
  }
}
================================================================================

{
  "timestamp": "2026-03-31T23:19:50.043Z",
  "type": "request",
  "endpoint": "GET /games",
  "fullUrl": "https://staging.slotegrator.com/api/index.php/v1/games?page=6",
  "headers": {
    "X-Merchant-Id": "dbb46701285c1a2e24a0bf92f00501e5",
    "X-Timestamp": "1774999190",
    "X-Nonce": "52ba7ef21209a990222deba560592c3c",
    "X-Sign": "1ee10657...",
    "Accept": "application/json"
  },
  "body": null,
  "params": {
    "page": 6
  }
}
================================================================================

{
  "timestamp": "2026-03-31T23:19:50.476Z",
  "type": "request",
  "endpoint": "GET /games",
  "fullUrl": "https://staging.slotegrator.com/api/index.php/v1/games?page=8",
  "headers": {
    "X-Merchant-Id": "dbb46701285c1a2e24a0bf92f00501e5",
    "X-Timestamp": "1774999190",
    "X-Nonce": "c54a4d71e5ef7f9d6fe4781fad003884",
    "X-Sign": "d3912769...",
    "Accept": "application/json"
  },
  "body": null,
  "params": {
    "page": 8
  }
}
================================================================================

{
  "timestamp": "2026-03-31T23:19:50.726Z",
  "type": "request",
  "endpoint": "GET /games",
  "fullUrl": "https://staging.slotegrator.com/api/index.php/v1/games?page=7",
  "headers": {
    "X-Merchant-Id": "dbb46701285c1a2e24a0bf92f00501e5",
    "X-Timestamp": "1774999190",
    "X-Nonce": "a505cba5911152291f32949df7d98b54",
    "X-Sign": "89084a00...",
    "Accept": "application/json"
  },
  "body": null,
  "params": {
    "page": 7
  }
}
================================================================================

{
  "timestamp": "2026-03-31T23:19:50.993Z",
  "type": "request",
  "endpoint": "GET /games",
  "fullUrl": "https://staging.slotegrator.com/api/index.php/v1/games?page=9",
  "headers": {
    "X-Merchant-Id": "dbb46701285c1a2e24a0bf92f00501e5",
    "X-Timestamp": "1774999190",
    "X-Nonce": "b6267c6d574bf55b2bb9fa4477f9539e",
    "X-Sign": "502e76eb...",
    "Accept": "application/json"
  },
  "body": null,
  "params": {
    "page": 9
  }
}
================================================================================

{
  "timestamp": "2026-03-31T23:19:51.344Z",
  "type": "request",
  "endpoint": "GET /games",
  "fullUrl": "https://staging.slotegrator.com/api/index.php/v1/games?page=8",
  "headers": {
    "X-Merchant-Id": "dbb46701285c1a2e24a0bf92f00501e5",
    "X-Timestamp": "1774999191",
    "X-Nonce": "245ec395b597875cec7c23d77c443f5a",
    "X-Sign": "478ecd02...",
    "Accept": "application/json"
  },
  "body": null,
  "params": {
    "page": 8
  }
}
================================================================================

{
  "timestamp": "2026-03-31T23:19:51.544Z",
  "type": "request",
  "endpoint": "GET /games",
  "fullUrl": "https://staging.slotegrator.com/api/index.php/v1/games?page=10",
  "headers": {
    "X-Merchant-Id": "dbb46701285c1a2e24a0bf92f00501e5",
    "X-Timestamp": "1774999191",
    "X-Nonce": "864c4e1f53a8ca924df8581d3b877201",
    "X-Sign": "dd73a200...",
    "Accept": "application/json"
  },
  "body": null,
  "params": {
    "page": 10
  }
}
================================================================================

{
  "timestamp": "2026-03-31T23:19:51.950Z",
  "type": "request",
  "endpoint": "GET /games",
  "fullUrl": "https://staging.slotegrator.com/api/index.php/v1/games?page=9",
  "headers": {
    "X-Merchant-Id": "dbb46701285c1a2e24a0bf92f00501e5",
    "X-Timestamp": "1774999191",
    "X-Nonce": "a06a5598222d66639844e4c8ec71762c",
    "X-Sign": "01ee01bc...",
    "Accept": "application/json"
  },
  "body": null,
  "params": {
    "page": 9
  }
}
================================================================================

{
  "timestamp": "2026-03-31T23:19:52.127Z",
  "type": "request",
  "endpoint": "POST /games/init",
  "fullUrl": "https://staging.slotegrator.com/api/index.php/v1/games/init",
  "headers": {
    "X-Merchant-Id": "dbb46701285c1a2e24a0bf92f00501e5",
    "X-Timestamp": "1774999192",
    "X-Nonce": "3e793d80f18996263d9b7adc0cc616e9",
    "X-Sign": "b4832f61...",
    "Accept": "application/json",
    "Content-Type": "application/x-www-form-urlencoded"
  },
  "body": "game_uuid=397f96eb2f0b70a51a3524ab6e2a4344ee717a3c&player_id=5fbW-EgviQlSB0qgLmM0Z&player_name=nanami&currency=EUR&session_id=session_5fbW-EgviQlSB0qgLmM0Z_1774999192125_8ojp4&device=desktop&return_url=https%3A%2F%2Fboztestarea.ngrok.app&language=fr&email=nanami%40gmail.com",
  "params": {
    "game_uuid": "397f96eb2f0b70a51a3524ab6e2a4344ee717a3c",
    "player_id": "5fbW-EgviQlSB0qgLmM0Z",
    "player_name": "nanami",
    "currency": "EUR",
    "session_id": "session_5fbW-EgviQlSB0qgLmM0Z_1774999192125_8ojp4",
    "device": "desktop",
    "return_url": "https://boztestarea.ngrok.app",
    "language": "fr",
    "email": "nanami@gmail.com"
  }
}
================================================================================

{
  "timestamp": "2026-03-31T23:19:52.608Z",
  "type": "request",
  "endpoint": "GET /games",
  "fullUrl": "https://staging.slotegrator.com/api/index.php/v1/games?page=10",
  "headers": {
    "X-Merchant-Id": "dbb46701285c1a2e24a0bf92f00501e5",
    "X-Timestamp": "1774999192",
    "X-Nonce": "9b7be0c6da06f496393b05ee9c9b7172",
    "X-Sign": "07b14872...",
    "Accept": "application/json"
  },
  "body": null,
  "params": {
    "page": 10
  }
}
================================================================================

{
  "timestamp": "2026-03-31T23:19:53.265Z",
  "type": "request",
  "endpoint": "POST /games/init",
  "fullUrl": "https://staging.slotegrator.com/api/index.php/v1/games/init",
  "headers": {
    "X-Merchant-Id": "dbb46701285c1a2e24a0bf92f00501e5",
    "X-Timestamp": "1774999193",
    "X-Nonce": "a816473b5d2e42f77419677ccc2939c0",
    "X-Sign": "b5c2dd68...",
    "Accept": "application/json",
    "Content-Type": "application/x-www-form-urlencoded"
  },
  "body": "game_uuid=397f96eb2f0b70a51a3524ab6e2a4344ee717a3c&player_id=5fbW-EgviQlSB0qgLmM0Z&player_name=nanami&currency=EUR&session_id=session_5fbW-EgviQlSB0qgLmM0Z_1774999193262_u1xda&device=desktop&return_url=https%3A%2F%2Fboztestarea.ngrok.app&language=fr&email=nanami%40gmail.com",
  "params": {
    "game_uuid": "397f96eb2f0b70a51a3524ab6e2a4344ee717a3c",
    "player_id": "5fbW-EgviQlSB0qgLmM0Z",
    "player_name": "nanami",
    "currency": "EUR",
    "session_id": "session_5fbW-EgviQlSB0qgLmM0Z_1774999193262_u1xda",
    "device": "desktop",
    "return_url": "https://boztestarea.ngrok.app",
    "language": "fr",
    "email": "nanami@gmail.com"
  }
}
================================================================================

{
  "timestamp": "2026-03-31T23:21:42.244Z",
  "type": "request",
  "endpoint": "POST /self-validate",
  "fullUrl": "https://staging.slotegrator.com/api/index.php/v1/self-validate",
  "headers": {
    "X-Merchant-Id": "dbb46701285c1a2e24a0bf92f00501e5",
    "X-Timestamp": "1774999302",
    "X-Nonce": "b8f411c59183a8c0c8605fa8640326f2",
    "X-Sign": "77abc954...",
    "Accept": "application/json",
    "Content-Type": "application/x-www-form-urlencoded"
  },
  "body": null,
  "params": null
}
================================================================================

{
  "timestamp": "2026-03-31T23:22:34.170Z",
  "type": "request",
  "endpoint": "GET /limits",
  "fullUrl": "https://staging.slotegrator.com/api/index.php/v1/limits",
  "headers": {
    "X-Merchant-Id": "dbb46701285c1a2e24a0bf92f00501e5",
    "X-Timestamp": "1774999354",
    "X-Nonce": "78236577f4ffec5e45bbc6a94ceaede6",
    "X-Sign": "839eb60b...",
    "Accept": "application/json"
  },
  "body": null,
  "params": null
}
================================================================================

{
  "timestamp": "2026-03-31T23:22:34.896Z",
  "type": "request",
  "endpoint": "GET /games",
  "fullUrl": "https://staging.slotegrator.com/api/index.php/v1/games",
  "headers": {
    "X-Merchant-Id": "dbb46701285c1a2e24a0bf92f00501e5",
    "X-Timestamp": "1774999354",
    "X-Nonce": "7ed5123a967a0ee1b07322bf4c6013e9",
    "X-Sign": "128a9d7a...",
    "Accept": "application/json"
  },
  "body": null,
  "params": null
}
================================================================================

{
  "timestamp": "2026-03-31T23:22:34.903Z",
  "type": "request",
  "endpoint": "GET /games",
  "fullUrl": "https://staging.slotegrator.com/api/index.php/v1/games",
  "headers": {
    "X-Merchant-Id": "dbb46701285c1a2e24a0bf92f00501e5",
    "X-Timestamp": "1774999354",
    "X-Nonce": "141b381519b1f9dd408e101ae2baaacb",
    "X-Sign": "be350997...",
    "Accept": "application/json"
  },
  "body": null,
  "params": null
}
================================================================================

{
  "timestamp": "2026-03-31T23:22:35.506Z",
  "type": "request",
  "endpoint": "GET /games",
  "fullUrl": "https://staging.slotegrator.com/api/index.php/v1/games?page=2",
  "headers": {
    "X-Merchant-Id": "dbb46701285c1a2e24a0bf92f00501e5",
    "X-Timestamp": "1774999355",
    "X-Nonce": "b3eb483b38af36664e987838c68a8c2e",
    "X-Sign": "175b9f2c...",
    "Accept": "application/json"
  },
  "body": null,
  "params": {
    "page": 2
  }
}
================================================================================

{
  "timestamp": "2026-03-31T23:22:35.688Z",
  "type": "request",
  "endpoint": "GET /games",
  "fullUrl": "https://staging.slotegrator.com/api/index.php/v1/games?page=2",
  "headers": {
    "X-Merchant-Id": "dbb46701285c1a2e24a0bf92f00501e5",
    "X-Timestamp": "1774999355",
    "X-Nonce": "a34205c84b8425678e1335ccf714109c",
    "X-Sign": "df252a08...",
    "Accept": "application/json"
  },
  "body": null,
  "params": {
    "page": 2
  }
}
================================================================================

{
  "timestamp": "2026-03-31T23:22:36.088Z",
  "type": "request",
  "endpoint": "GET /games",
  "fullUrl": "https://staging.slotegrator.com/api/index.php/v1/games?page=3",
  "headers": {
    "X-Merchant-Id": "dbb46701285c1a2e24a0bf92f00501e5",
    "X-Timestamp": "1774999356",
    "X-Nonce": "174edb0946f2cca780250920b514002e",
    "X-Sign": "1828d0fa...",
    "Accept": "application/json"
  },
  "body": null,
  "params": {
    "page": 3
  }
}
================================================================================

{
  "timestamp": "2026-03-31T23:22:36.188Z",
  "type": "request",
  "endpoint": "GET /games",
  "fullUrl": "https://staging.slotegrator.com/api/index.php/v1/games?page=3",
  "headers": {
    "X-Merchant-Id": "dbb46701285c1a2e24a0bf92f00501e5",
    "X-Timestamp": "1774999356",
    "X-Nonce": "3403a9044b6eb27c909e2d06cb5514f3",
    "X-Sign": "7bca0f9d...",
    "Accept": "application/json"
  },
  "body": null,
  "params": {
    "page": 3
  }
}
================================================================================

{
  "timestamp": "2026-03-31T23:22:36.689Z",
  "type": "request",
  "endpoint": "GET /games",
  "fullUrl": "https://staging.slotegrator.com/api/index.php/v1/games?page=4",
  "headers": {
    "X-Merchant-Id": "dbb46701285c1a2e24a0bf92f00501e5",
    "X-Timestamp": "1774999356",
    "X-Nonce": "99b5907315ad3dffa357fec9ec4a0f7c",
    "X-Sign": "5da0b5f7...",
    "Accept": "application/json"
  },
  "body": null,
  "params": {
    "page": 4
  }
}
================================================================================

{
  "timestamp": "2026-03-31T23:22:36.754Z",
  "type": "request",
  "endpoint": "GET /games",
  "fullUrl": "https://staging.slotegrator.com/api/index.php/v1/games?page=4",
  "headers": {
    "X-Merchant-Id": "dbb46701285c1a2e24a0bf92f00501e5",
    "X-Timestamp": "1774999356",
    "X-Nonce": "ab74d92d8483fd7fc9af7101ad09a4c2",
    "X-Sign": "ec1e3b74...",
    "Accept": "application/json"
  },
  "body": null,
  "params": {
    "page": 4
  }
}
================================================================================

{
  "timestamp": "2026-03-31T23:22:37.340Z",
  "type": "request",
  "endpoint": "GET /games",
  "fullUrl": "https://staging.slotegrator.com/api/index.php/v1/games?page=5",
  "headers": {
    "X-Merchant-Id": "dbb46701285c1a2e24a0bf92f00501e5",
    "X-Timestamp": "1774999357",
    "X-Nonce": "e7735db05b0a12c7762c17b630bbe0df",
    "X-Sign": "d9744c87...",
    "Accept": "application/json"
  },
  "body": null,
  "params": {
    "page": 5
  }
}
================================================================================

{
  "timestamp": "2026-03-31T23:22:37.355Z",
  "type": "request",
  "endpoint": "GET /games",
  "fullUrl": "https://staging.slotegrator.com/api/index.php/v1/games?page=5",
  "headers": {
    "X-Merchant-Id": "dbb46701285c1a2e24a0bf92f00501e5",
    "X-Timestamp": "1774999357",
    "X-Nonce": "b437faae19f23d968d14c399aac506b7",
    "X-Sign": "b7f8eefd...",
    "Accept": "application/json"
  },
  "body": null,
  "params": {
    "page": 5
  }
}
================================================================================

{
  "timestamp": "2026-03-31T23:22:37.934Z",
  "type": "request",
  "endpoint": "GET /games",
  "fullUrl": "https://staging.slotegrator.com/api/index.php/v1/games",
  "headers": {
    "X-Merchant-Id": "dbb46701285c1a2e24a0bf92f00501e5",
    "X-Timestamp": "1774999357",
    "X-Nonce": "31b93f47f790f8f3a2ceef9cbf06995d",
    "X-Sign": "4fc96190...",
    "Accept": "application/json"
  },
  "body": null,
  "params": null
}
================================================================================

{
  "timestamp": "2026-03-31T23:22:37.995Z",
  "type": "request",
  "endpoint": "GET /games",
  "fullUrl": "https://staging.slotegrator.com/api/index.php/v1/games",
  "headers": {
    "X-Merchant-Id": "dbb46701285c1a2e24a0bf92f00501e5",
    "X-Timestamp": "1774999357",
    "X-Nonce": "298b48c3db88583cf139fe9795f14b85",
    "X-Sign": "2771ca56...",
    "Accept": "application/json"
  },
  "body": null,
  "params": null
}
================================================================================

{
  "timestamp": "2026-03-31T23:22:38.556Z",
  "type": "request",
  "endpoint": "GET /games",
  "fullUrl": "https://staging.slotegrator.com/api/index.php/v1/games?page=2",
  "headers": {
    "X-Merchant-Id": "dbb46701285c1a2e24a0bf92f00501e5",
    "X-Timestamp": "1774999358",
    "X-Nonce": "d607616d5bc21d1df1ad14591f00ddc5",
    "X-Sign": "0e5a573a...",
    "Accept": "application/json"
  },
  "body": null,
  "params": {
    "page": 2
  }
}
================================================================================

{
  "timestamp": "2026-03-31T23:22:38.604Z",
  "type": "request",
  "endpoint": "GET /games",
  "fullUrl": "https://staging.slotegrator.com/api/index.php/v1/games?page=2",
  "headers": {
    "X-Merchant-Id": "dbb46701285c1a2e24a0bf92f00501e5",
    "X-Timestamp": "1774999358",
    "X-Nonce": "737f4cd30223ac15d766ca24cbe5a8f5",
    "X-Sign": "2c09b880...",
    "Accept": "application/json"
  },
  "body": null,
  "params": {
    "page": 2
  }
}
================================================================================

{
  "timestamp": "2026-03-31T23:22:39.219Z",
  "type": "request",
  "endpoint": "GET /games",
  "fullUrl": "https://staging.slotegrator.com/api/index.php/v1/games?page=3",
  "headers": {
    "X-Merchant-Id": "dbb46701285c1a2e24a0bf92f00501e5",
    "X-Timestamp": "1774999359",
    "X-Nonce": "031fbc7b1c43203d4e4b266589cfe265",
    "X-Sign": "074f7648...",
    "Accept": "application/json"
  },
  "body": null,
  "params": {
    "page": 3
  }
}
================================================================================

{
  "timestamp": "2026-03-31T23:22:39.238Z",
  "type": "request",
  "endpoint": "GET /games",
  "fullUrl": "https://staging.slotegrator.com/api/index.php/v1/games?page=3",
  "headers": {
    "X-Merchant-Id": "dbb46701285c1a2e24a0bf92f00501e5",
    "X-Timestamp": "1774999359",
    "X-Nonce": "615ba8a73436c9f976028576ad65c491",
    "X-Sign": "35771297...",
    "Accept": "application/json"
  },
  "body": null,
  "params": {
    "page": 3
  }
}
================================================================================

{
  "timestamp": "2026-03-31T23:22:39.804Z",
  "type": "request",
  "endpoint": "GET /games",
  "fullUrl": "https://staging.slotegrator.com/api/index.php/v1/games?page=4",
  "headers": {
    "X-Merchant-Id": "dbb46701285c1a2e24a0bf92f00501e5",
    "X-Timestamp": "1774999359",
    "X-Nonce": "bc1a4d49cbbf5896b7e9d0d0c81d6dc9",
    "X-Sign": "2cf1cd6c...",
    "Accept": "application/json"
  },
  "body": null,
  "params": {
    "page": 4
  }
}
================================================================================

{
  "timestamp": "2026-03-31T23:22:39.955Z",
  "type": "request",
  "endpoint": "GET /games",
  "fullUrl": "https://staging.slotegrator.com/api/index.php/v1/games?page=4",
  "headers": {
    "X-Merchant-Id": "dbb46701285c1a2e24a0bf92f00501e5",
    "X-Timestamp": "1774999359",
    "X-Nonce": "4da8c41f2fce2f13e15915ded8eb886b",
    "X-Sign": "f80dcf1a...",
    "Accept": "application/json"
  },
  "body": null,
  "params": {
    "page": 4
  }
}
================================================================================

{
  "timestamp": "2026-03-31T23:22:40.338Z",
  "type": "request",
  "endpoint": "GET /games",
  "fullUrl": "https://staging.slotegrator.com/api/index.php/v1/games?page=5",
  "headers": {
    "X-Merchant-Id": "dbb46701285c1a2e24a0bf92f00501e5",
    "X-Timestamp": "1774999360",
    "X-Nonce": "d14b795ef6921b5a6322540103cd488e",
    "X-Sign": "545f84d5...",
    "Accept": "application/json"
  },
  "body": null,
  "params": {
    "page": 5
  }
}
================================================================================

{
  "timestamp": "2026-03-31T23:22:40.555Z",
  "type": "request",
  "endpoint": "GET /games",
  "fullUrl": "https://staging.slotegrator.com/api/index.php/v1/games?page=5",
  "headers": {
    "X-Merchant-Id": "dbb46701285c1a2e24a0bf92f00501e5",
    "X-Timestamp": "1774999360",
    "X-Nonce": "27e6c9095a32d2e56660d26cbc085326",
    "X-Sign": "3e2ffe4c...",
    "Accept": "application/json"
  },
  "body": null,
  "params": {
    "page": 5
  }
}
================================================================================

{
  "timestamp": "2026-03-31T23:22:40.871Z",
  "type": "request",
  "endpoint": "GET /games",
  "fullUrl": "https://staging.slotegrator.com/api/index.php/v1/games?page=6",
  "headers": {
    "X-Merchant-Id": "dbb46701285c1a2e24a0bf92f00501e5",
    "X-Timestamp": "1774999360",
    "X-Nonce": "aaaa0bf1ffb149ddbf4072adaee9dec7",
    "X-Sign": "f7dc2d77...",
    "Accept": "application/json"
  },
  "body": null,
  "params": {
    "page": 6
  }
}
================================================================================

{
  "timestamp": "2026-03-31T23:22:41.188Z",
  "type": "request",
  "endpoint": "GET /games",
  "fullUrl": "https://staging.slotegrator.com/api/index.php/v1/games?page=6",
  "headers": {
    "X-Merchant-Id": "dbb46701285c1a2e24a0bf92f00501e5",
    "X-Timestamp": "1774999361",
    "X-Nonce": "d969ad5e5f32581954b6ef565e78e6f6",
    "X-Sign": "1f9ebbbd...",
    "Accept": "application/json"
  },
  "body": null,
  "params": {
    "page": 6
  }
}
================================================================================

{
  "timestamp": "2026-03-31T23:22:41.436Z",
  "type": "request",
  "endpoint": "GET /games",
  "fullUrl": "https://staging.slotegrator.com/api/index.php/v1/games?page=7",
  "headers": {
    "X-Merchant-Id": "dbb46701285c1a2e24a0bf92f00501e5",
    "X-Timestamp": "1774999361",
    "X-Nonce": "2f1ed944a8e4eeaf80f08d3096577183",
    "X-Sign": "3540f2a1...",
    "Accept": "application/json"
  },
  "body": null,
  "params": {
    "page": 7
  }
}
================================================================================

{
  "timestamp": "2026-03-31T23:22:41.805Z",
  "type": "request",
  "endpoint": "GET /games",
  "fullUrl": "https://staging.slotegrator.com/api/index.php/v1/games?page=7",
  "headers": {
    "X-Merchant-Id": "dbb46701285c1a2e24a0bf92f00501e5",
    "X-Timestamp": "1774999361",
    "X-Nonce": "a1b80869ae2e54a2b4542c044a104571",
    "X-Sign": "cab6b1dc...",
    "Accept": "application/json"
  },
  "body": null,
  "params": {
    "page": 7
  }
}
================================================================================

{
  "timestamp": "2026-03-31T23:22:41.971Z",
  "type": "request",
  "endpoint": "GET /games",
  "fullUrl": "https://staging.slotegrator.com/api/index.php/v1/games?page=8",
  "headers": {
    "X-Merchant-Id": "dbb46701285c1a2e24a0bf92f00501e5",
    "X-Timestamp": "1774999361",
    "X-Nonce": "69be12410ffb4bee484efa28e88159a0",
    "X-Sign": "000a3b2c...",
    "Accept": "application/json"
  },
  "body": null,
  "params": {
    "page": 8
  }
}
================================================================================

{
  "timestamp": "2026-03-31T23:22:42.454Z",
  "type": "request",
  "endpoint": "GET /games",
  "fullUrl": "https://staging.slotegrator.com/api/index.php/v1/games?page=8",
  "headers": {
    "X-Merchant-Id": "dbb46701285c1a2e24a0bf92f00501e5",
    "X-Timestamp": "1774999362",
    "X-Nonce": "6f1042b9675740e3b11ffdafd580573c",
    "X-Sign": "59c15b33...",
    "Accept": "application/json"
  },
  "body": null,
  "params": {
    "page": 8
  }
}
================================================================================

{
  "timestamp": "2026-03-31T23:22:42.588Z",
  "type": "request",
  "endpoint": "GET /games",
  "fullUrl": "https://staging.slotegrator.com/api/index.php/v1/games?page=9",
  "headers": {
    "X-Merchant-Id": "dbb46701285c1a2e24a0bf92f00501e5",
    "X-Timestamp": "1774999362",
    "X-Nonce": "c2d0c32667748c57b5077f1ecafa2037",
    "X-Sign": "a44bd6b5...",
    "Accept": "application/json"
  },
  "body": null,
  "params": {
    "page": 9
  }
}
================================================================================

{
  "timestamp": "2026-03-31T23:22:43.038Z",
  "type": "request",
  "endpoint": "GET /games",
  "fullUrl": "https://staging.slotegrator.com/api/index.php/v1/games?page=9",
  "headers": {
    "X-Merchant-Id": "dbb46701285c1a2e24a0bf92f00501e5",
    "X-Timestamp": "1774999363",
    "X-Nonce": "88aa53e8ea3fea5baa8c6ad1c9766dd3",
    "X-Sign": "28e6aef5...",
    "Accept": "application/json"
  },
  "body": null,
  "params": {
    "page": 9
  }
}
================================================================================

{
  "timestamp": "2026-03-31T23:22:43.153Z",
  "type": "request",
  "endpoint": "GET /games",
  "fullUrl": "https://staging.slotegrator.com/api/index.php/v1/games?page=10",
  "headers": {
    "X-Merchant-Id": "dbb46701285c1a2e24a0bf92f00501e5",
    "X-Timestamp": "1774999363",
    "X-Nonce": "3884d87f69008a2969b5f54de8773bf4",
    "X-Sign": "6143168b...",
    "Accept": "application/json"
  },
  "body": null,
  "params": {
    "page": 10
  }
}
================================================================================

{
  "timestamp": "2026-03-31T23:22:43.638Z",
  "type": "request",
  "endpoint": "GET /games",
  "fullUrl": "https://staging.slotegrator.com/api/index.php/v1/games?page=10",
  "headers": {
    "X-Merchant-Id": "dbb46701285c1a2e24a0bf92f00501e5",
    "X-Timestamp": "1774999363",
    "X-Nonce": "3b851ed9c55fb8a82ed212b7a2f22dd8",
    "X-Sign": "c095acda...",
    "Accept": "application/json"
  },
  "body": null,
  "params": {
    "page": 10
  }
}
================================================================================

{
  "timestamp": "2026-03-31T23:22:43.753Z",
  "type": "request",
  "endpoint": "POST /games/init",
  "fullUrl": "https://staging.slotegrator.com/api/index.php/v1/games/init",
  "headers": {
    "X-Merchant-Id": "dbb46701285c1a2e24a0bf92f00501e5",
    "X-Timestamp": "1774999363",
    "X-Nonce": "a6b9b9a7a051ea29904a8dac00f89473",
    "X-Sign": "7ebb166b...",
    "Accept": "application/json",
    "Content-Type": "application/x-www-form-urlencoded"
  },
  "body": "game_uuid=5111b171119b9d8dddf0a7d20f013aab936fad6e&player_id=5fbW-EgviQlSB0qgLmM0Z&player_name=nanami&currency=EUR&session_id=session_5fbW-EgviQlSB0qgLmM0Z_1774999363750_1wxnte&device=desktop&return_url=https%3A%2F%2Fboztestarea.ngrok.app&language=fr&email=nanami%40gmail.com",
  "params": {
    "game_uuid": "5111b171119b9d8dddf0a7d20f013aab936fad6e",
    "player_id": "5fbW-EgviQlSB0qgLmM0Z",
    "player_name": "nanami",
    "currency": "EUR",
    "session_id": "session_5fbW-EgviQlSB0qgLmM0Z_1774999363750_1wxnte",
    "device": "desktop",
    "return_url": "https://boztestarea.ngrok.app",
    "language": "fr",
    "email": "nanami@gmail.com"
  }
}
================================================================================

{
  "timestamp": "2026-03-31T23:22:44.217Z",
  "type": "request",
  "endpoint": "POST /games/init",
  "fullUrl": "https://staging.slotegrator.com/api/index.php/v1/games/init",
  "headers": {
    "X-Merchant-Id": "dbb46701285c1a2e24a0bf92f00501e5",
    "X-Timestamp": "1774999364",
    "X-Nonce": "4969d4baf4691ca060e0225bec8b00cc",
    "X-Sign": "6f625337...",
    "Accept": "application/json",
    "Content-Type": "application/x-www-form-urlencoded"
  },
  "body": "game_uuid=5111b171119b9d8dddf0a7d20f013aab936fad6e&player_id=5fbW-EgviQlSB0qgLmM0Z&player_name=nanami&currency=EUR&session_id=session_5fbW-EgviQlSB0qgLmM0Z_1774999364215_sdp9v8&device=desktop&return_url=https%3A%2F%2Fboztestarea.ngrok.app&language=fr&email=nanami%40gmail.com",
  "params": {
    "game_uuid": "5111b171119b9d8dddf0a7d20f013aab936fad6e",
    "player_id": "5fbW-EgviQlSB0qgLmM0Z",
    "player_name": "nanami",
    "currency": "EUR",
    "session_id": "session_5fbW-EgviQlSB0qgLmM0Z_1774999364215_sdp9v8",
    "device": "desktop",
    "return_url": "https://boztestarea.ngrok.app",
    "language": "fr",
    "email": "nanami@gmail.com"
  }
}
================================================================================

{
  "timestamp": "2026-03-31T23:23:10.022Z",
  "type": "request",
  "endpoint": "POST /self-validate",
  "fullUrl": "https://staging.slotegrator.com/api/index.php/v1/self-validate",
  "headers": {
    "X-Merchant-Id": "dbb46701285c1a2e24a0bf92f00501e5",
    "X-Timestamp": "1774999390",
    "X-Nonce": "e9424031a2d802333ad219ff6c062335",
    "X-Sign": "bc43dba3...",
    "Accept": "application/json",
    "Content-Type": "application/x-www-form-urlencoded"
  },
  "body": null,
  "params": null
}
================================================================================

{
  "timestamp": "2026-03-31T23:24:11.724Z",
  "type": "request",
  "endpoint": "GET /games",
  "fullUrl": "https://staging.slotegrator.com/api/index.php/v1/games",
  "headers": {
    "X-Merchant-Id": "dbb46701285c1a2e24a0bf92f00501e5",
    "X-Timestamp": "1774999451",
    "X-Nonce": "0fe340a25b83b4971e385d88f5ac9aa7",
    "X-Sign": "f1259e8f...",
    "Accept": "application/json"
  },
  "body": null,
  "params": null
}
================================================================================

{
  "timestamp": "2026-03-31T23:24:11.731Z",
  "type": "request",
  "endpoint": "GET /games",
  "fullUrl": "https://staging.slotegrator.com/api/index.php/v1/games",
  "headers": {
    "X-Merchant-Id": "dbb46701285c1a2e24a0bf92f00501e5",
    "X-Timestamp": "1774999451",
    "X-Nonce": "bf0392d41268d4433fec8a58d466ed4a",
    "X-Sign": "7cfbc917...",
    "Accept": "application/json"
  },
  "body": null,
  "params": null
}
================================================================================

{
  "timestamp": "2026-03-31T23:24:12.458Z",
  "type": "request",
  "endpoint": "GET /games",
  "fullUrl": "https://staging.slotegrator.com/api/index.php/v1/games?page=2",
  "headers": {
    "X-Merchant-Id": "dbb46701285c1a2e24a0bf92f00501e5",
    "X-Timestamp": "1774999452",
    "X-Nonce": "b06c89ad503cc1f39208bdbe54f4b9c1",
    "X-Sign": "0b892157...",
    "Accept": "application/json"
  },
  "body": null,
  "params": {
    "page": 2
  }
}
================================================================================

{
  "timestamp": "2026-03-31T23:24:12.503Z",
  "type": "request",
  "endpoint": "GET /games",
  "fullUrl": "https://staging.slotegrator.com/api/index.php/v1/games?page=2",
  "headers": {
    "X-Merchant-Id": "dbb46701285c1a2e24a0bf92f00501e5",
    "X-Timestamp": "1774999452",
    "X-Nonce": "ed1ec9cc2d97c97d70bd25a777cb3f60",
    "X-Sign": "ec2e7a87...",
    "Accept": "application/json"
  },
  "body": null,
  "params": {
    "page": 2
  }
}
================================================================================

{
  "timestamp": "2026-03-31T23:24:12.986Z",
  "type": "request",
  "endpoint": "GET /games",
  "fullUrl": "https://staging.slotegrator.com/api/index.php/v1/games?page=3",
  "headers": {
    "X-Merchant-Id": "dbb46701285c1a2e24a0bf92f00501e5",
    "X-Timestamp": "1774999452",
    "X-Nonce": "7fc4975821b1d3fbf4ac5c0a489b7e93",
    "X-Sign": "8107ca6f...",
    "Accept": "application/json"
  },
  "body": null,
  "params": {
    "page": 3
  }
}
================================================================================

{
  "timestamp": "2026-03-31T23:24:13.092Z",
  "type": "request",
  "endpoint": "GET /games",
  "fullUrl": "https://staging.slotegrator.com/api/index.php/v1/games?page=3",
  "headers": {
    "X-Merchant-Id": "dbb46701285c1a2e24a0bf92f00501e5",
    "X-Timestamp": "1774999453",
    "X-Nonce": "390556c03ab972a6fdeae57f954f75d4",
    "X-Sign": "b0bef23c...",
    "Accept": "application/json"
  },
  "body": null,
  "params": {
    "page": 3
  }
}
================================================================================

{
  "timestamp": "2026-03-31T23:24:13.536Z",
  "type": "request",
  "endpoint": "GET /games",
  "fullUrl": "https://staging.slotegrator.com/api/index.php/v1/games?page=4",
  "headers": {
    "X-Merchant-Id": "dbb46701285c1a2e24a0bf92f00501e5",
    "X-Timestamp": "1774999453",
    "X-Nonce": "353771952b8385fb27086d6c6975fbd0",
    "X-Sign": "c7167354...",
    "Accept": "application/json"
  },
  "body": null,
  "params": {
    "page": 4
  }
}
================================================================================

{
  "timestamp": "2026-03-31T23:24:13.753Z",
  "type": "request",
  "endpoint": "GET /games",
  "fullUrl": "https://staging.slotegrator.com/api/index.php/v1/games?page=4",
  "headers": {
    "X-Merchant-Id": "dbb46701285c1a2e24a0bf92f00501e5",
    "X-Timestamp": "1774999453",
    "X-Nonce": "4ac3275667a943ccebbd91dc6d342a1e",
    "X-Sign": "20cf333c...",
    "Accept": "application/json"
  },
  "body": null,
  "params": {
    "page": 4
  }
}
================================================================================

{
  "timestamp": "2026-03-31T23:24:14.070Z",
  "type": "request",
  "endpoint": "GET /games",
  "fullUrl": "https://staging.slotegrator.com/api/index.php/v1/games?page=5",
  "headers": {
    "X-Merchant-Id": "dbb46701285c1a2e24a0bf92f00501e5",
    "X-Timestamp": "1774999454",
    "X-Nonce": "e6b3bf47ec061906bbb78f5a0fecdb73",
    "X-Sign": "2ad7d0ed...",
    "Accept": "application/json"
  },
  "body": null,
  "params": {
    "page": 5
  }
}
================================================================================

{
  "timestamp": "2026-03-31T23:24:14.331Z",
  "type": "request",
  "endpoint": "GET /games",
  "fullUrl": "https://staging.slotegrator.com/api/index.php/v1/games?page=5",
  "headers": {
    "X-Merchant-Id": "dbb46701285c1a2e24a0bf92f00501e5",
    "X-Timestamp": "1774999454",
    "X-Nonce": "b9bdcfcaaa37c216ee4d22764ad08658",
    "X-Sign": "e5435784...",
    "Accept": "application/json"
  },
  "body": null,
  "params": {
    "page": 5
  }
}
================================================================================

{
  "timestamp": "2026-03-31T23:24:14.534Z",
  "type": "request",
  "endpoint": "GET /games",
  "fullUrl": "https://staging.slotegrator.com/api/index.php/v1/games",
  "headers": {
    "X-Merchant-Id": "dbb46701285c1a2e24a0bf92f00501e5",
    "X-Timestamp": "1774999454",
    "X-Nonce": "ee16dc7b54efc03c68de02f29ae8af91",
    "X-Sign": "15fe79d6...",
    "Accept": "application/json"
  },
  "body": null,
  "params": null
}
================================================================================

{
  "timestamp": "2026-03-31T23:24:14.910Z",
  "type": "request",
  "endpoint": "GET /games",
  "fullUrl": "https://staging.slotegrator.com/api/index.php/v1/games",
  "headers": {
    "X-Merchant-Id": "dbb46701285c1a2e24a0bf92f00501e5",
    "X-Timestamp": "1774999454",
    "X-Nonce": "09fe6a5fc743a8ce036ddd3b9f2c2b00",
    "X-Sign": "dbd0346c...",
    "Accept": "application/json"
  },
  "body": null,
  "params": null
}
================================================================================

{
  "timestamp": "2026-03-31T23:24:15.019Z",
  "type": "request",
  "endpoint": "GET /games",
  "fullUrl": "https://staging.slotegrator.com/api/index.php/v1/games?page=2",
  "headers": {
    "X-Merchant-Id": "dbb46701285c1a2e24a0bf92f00501e5",
    "X-Timestamp": "1774999455",
    "X-Nonce": "60eae76231f9946cf49979c807c02441",
    "X-Sign": "c8c5f7ea...",
    "Accept": "application/json"
  },
  "body": null,
  "params": {
    "page": 2
  }
}
================================================================================

{
  "timestamp": "2026-03-31T23:24:15.519Z",
  "type": "request",
  "endpoint": "GET /games",
  "fullUrl": "https://staging.slotegrator.com/api/index.php/v1/games?page=2",
  "headers": {
    "X-Merchant-Id": "dbb46701285c1a2e24a0bf92f00501e5",
    "X-Timestamp": "1774999455",
    "X-Nonce": "08cd795940037b7cf6230022613ec130",
    "X-Sign": "d075c85a...",
    "Accept": "application/json"
  },
  "body": null,
  "params": {
    "page": 2
  }
}
================================================================================

{
  "timestamp": "2026-03-31T23:24:15.605Z",
  "type": "request",
  "endpoint": "GET /games",
  "fullUrl": "https://staging.slotegrator.com/api/index.php/v1/games?page=3",
  "headers": {
    "X-Merchant-Id": "dbb46701285c1a2e24a0bf92f00501e5",
    "X-Timestamp": "1774999455",
    "X-Nonce": "0f40393e17e30784214945830583d36e",
    "X-Sign": "c5bf5de8...",
    "Accept": "application/json"
  },
  "body": null,
  "params": {
    "page": 3
  }
}
================================================================================

{
  "timestamp": "2026-03-31T23:24:16.141Z",
  "type": "request",
  "endpoint": "GET /games",
  "fullUrl": "https://staging.slotegrator.com/api/index.php/v1/games?page=3",
  "headers": {
    "X-Merchant-Id": "dbb46701285c1a2e24a0bf92f00501e5",
    "X-Timestamp": "1774999456",
    "X-Nonce": "b2d182ba5a264144606bd370655752e7",
    "X-Sign": "51c69151...",
    "Accept": "application/json"
  },
  "body": null,
  "params": {
    "page": 3
  }
}
================================================================================

{
  "timestamp": "2026-03-31T23:24:16.203Z",
  "type": "request",
  "endpoint": "GET /games",
  "fullUrl": "https://staging.slotegrator.com/api/index.php/v1/games?page=4",
  "headers": {
    "X-Merchant-Id": "dbb46701285c1a2e24a0bf92f00501e5",
    "X-Timestamp": "1774999456",
    "X-Nonce": "656b74b766c59437f3dc0cab9bd94522",
    "X-Sign": "c31aa0c7...",
    "Accept": "application/json"
  },
  "body": null,
  "params": {
    "page": 4
  }
}
================================================================================

{
  "timestamp": "2026-03-31T23:24:16.670Z",
  "type": "request",
  "endpoint": "GET /games",
  "fullUrl": "https://staging.slotegrator.com/api/index.php/v1/games?page=4",
  "headers": {
    "X-Merchant-Id": "dbb46701285c1a2e24a0bf92f00501e5",
    "X-Timestamp": "1774999456",
    "X-Nonce": "ce93876988b977b4bf5356d38ea0c7f9",
    "X-Sign": "565c64db...",
    "Accept": "application/json"
  },
  "body": null,
  "params": {
    "page": 4
  }
}
================================================================================

{
  "timestamp": "2026-03-31T23:24:16.836Z",
  "type": "request",
  "endpoint": "GET /games",
  "fullUrl": "https://staging.slotegrator.com/api/index.php/v1/games?page=5",
  "headers": {
    "X-Merchant-Id": "dbb46701285c1a2e24a0bf92f00501e5",
    "X-Timestamp": "1774999456",
    "X-Nonce": "1c7601490a2a1bff739ad26b092357f0",
    "X-Sign": "114ad100...",
    "Accept": "application/json"
  },
  "body": null,
  "params": {
    "page": 5
  }
}
================================================================================

{
  "timestamp": "2026-03-31T23:24:17.169Z",
  "type": "request",
  "endpoint": "GET /games",
  "fullUrl": "https://staging.slotegrator.com/api/index.php/v1/games?page=5",
  "headers": {
    "X-Merchant-Id": "dbb46701285c1a2e24a0bf92f00501e5",
    "X-Timestamp": "1774999457",
    "X-Nonce": "55ed53a6c9ab31572dcfe75d7d3389f0",
    "X-Sign": "2ab1b844...",
    "Accept": "application/json"
  },
  "body": null,
  "params": {
    "page": 5
  }
}
================================================================================

{
  "timestamp": "2026-03-31T23:24:17.452Z",
  "type": "request",
  "endpoint": "GET /games",
  "fullUrl": "https://staging.slotegrator.com/api/index.php/v1/games?page=6",
  "headers": {
    "X-Merchant-Id": "dbb46701285c1a2e24a0bf92f00501e5",
    "X-Timestamp": "1774999457",
    "X-Nonce": "f12b62720d3a63cbf0a66720bf4bd04a",
    "X-Sign": "2594fb7c...",
    "Accept": "application/json"
  },
  "body": null,
  "params": {
    "page": 6
  }
}
================================================================================

{
  "timestamp": "2026-03-31T23:24:17.786Z",
  "type": "request",
  "endpoint": "GET /games",
  "fullUrl": "https://staging.slotegrator.com/api/index.php/v1/games?page=6",
  "headers": {
    "X-Merchant-Id": "dbb46701285c1a2e24a0bf92f00501e5",
    "X-Timestamp": "1774999457",
    "X-Nonce": "96addcf6641c17286fd6d80d8554d2b1",
    "X-Sign": "28679f8e...",
    "Accept": "application/json"
  },
  "body": null,
  "params": {
    "page": 6
  }
}
================================================================================

{
  "timestamp": "2026-03-31T23:24:18.053Z",
  "type": "request",
  "endpoint": "GET /games",
  "fullUrl": "https://staging.slotegrator.com/api/index.php/v1/games?page=7",
  "headers": {
    "X-Merchant-Id": "dbb46701285c1a2e24a0bf92f00501e5",
    "X-Timestamp": "1774999458",
    "X-Nonce": "cea37a51974f4cdfbbf52eb791f18ec4",
    "X-Sign": "66a14ebc...",
    "Accept": "application/json"
  },
  "body": null,
  "params": {
    "page": 7
  }
}
================================================================================

{
  "timestamp": "2026-03-31T23:24:18.353Z",
  "type": "request",
  "endpoint": "GET /games",
  "fullUrl": "https://staging.slotegrator.com/api/index.php/v1/games?page=7",
  "headers": {
    "X-Merchant-Id": "dbb46701285c1a2e24a0bf92f00501e5",
    "X-Timestamp": "1774999458",
    "X-Nonce": "9ccc3dfbcc62dcf755a77e388233d1e3",
    "X-Sign": "4b336ee9...",
    "Accept": "application/json"
  },
  "body": null,
  "params": {
    "page": 7
  }
}
================================================================================

{
  "timestamp": "2026-03-31T23:24:18.654Z",
  "type": "request",
  "endpoint": "GET /games",
  "fullUrl": "https://staging.slotegrator.com/api/index.php/v1/games?page=8",
  "headers": {
    "X-Merchant-Id": "dbb46701285c1a2e24a0bf92f00501e5",
    "X-Timestamp": "1774999458",
    "X-Nonce": "0bb00657cd7e83d94114d40e014bd914",
    "X-Sign": "851e8886...",
    "Accept": "application/json"
  },
  "body": null,
  "params": {
    "page": 8
  }
}
================================================================================

{
  "timestamp": "2026-03-31T23:24:18.936Z",
  "type": "request",
  "endpoint": "GET /games",
  "fullUrl": "https://staging.slotegrator.com/api/index.php/v1/games?page=8",
  "headers": {
    "X-Merchant-Id": "dbb46701285c1a2e24a0bf92f00501e5",
    "X-Timestamp": "1774999458",
    "X-Nonce": "b742ac326d1fddb09346a156e35122f4",
    "X-Sign": "605edc7d...",
    "Accept": "application/json"
  },
  "body": null,
  "params": {
    "page": 8
  }
}
================================================================================

{
  "timestamp": "2026-03-31T23:24:19.270Z",
  "type": "request",
  "endpoint": "GET /games",
  "fullUrl": "https://staging.slotegrator.com/api/index.php/v1/games?page=9",
  "headers": {
    "X-Merchant-Id": "dbb46701285c1a2e24a0bf92f00501e5",
    "X-Timestamp": "1774999459",
    "X-Nonce": "b2c1d2a7b29d224a95615b889c94dcc2",
    "X-Sign": "d17e4811...",
    "Accept": "application/json"
  },
  "body": null,
  "params": {
    "page": 9
  }
}
================================================================================

{
  "timestamp": "2026-03-31T23:24:19.453Z",
  "type": "request",
  "endpoint": "GET /games",
  "fullUrl": "https://staging.slotegrator.com/api/index.php/v1/games?page=9",
  "headers": {
    "X-Merchant-Id": "dbb46701285c1a2e24a0bf92f00501e5",
    "X-Timestamp": "1774999459",
    "X-Nonce": "28a36e3fec964bb3466315ff80f0aafc",
    "X-Sign": "1a651041...",
    "Accept": "application/json"
  },
  "body": null,
  "params": {
    "page": 9
  }
}
================================================================================

{
  "timestamp": "2026-03-31T23:24:19.919Z",
  "type": "request",
  "endpoint": "GET /games",
  "fullUrl": "https://staging.slotegrator.com/api/index.php/v1/games?page=10",
  "headers": {
    "X-Merchant-Id": "dbb46701285c1a2e24a0bf92f00501e5",
    "X-Timestamp": "1774999459",
    "X-Nonce": "6a079d14dd2cb0c65a0d309b86b961aa",
    "X-Sign": "2cd5763e...",
    "Accept": "application/json"
  },
  "body": null,
  "params": {
    "page": 10
  }
}
================================================================================

{
  "timestamp": "2026-03-31T23:24:20.020Z",
  "type": "request",
  "endpoint": "GET /games",
  "fullUrl": "https://staging.slotegrator.com/api/index.php/v1/games?page=10",
  "headers": {
    "X-Merchant-Id": "dbb46701285c1a2e24a0bf92f00501e5",
    "X-Timestamp": "1774999460",
    "X-Nonce": "b49bdc288085fdc75eb02227c6db42b0",
    "X-Sign": "76ae172e...",
    "Accept": "application/json"
  },
  "body": null,
  "params": {
    "page": 10
  }
}
================================================================================

{
  "timestamp": "2026-03-31T23:24:20.499Z",
  "type": "request",
  "endpoint": "POST /games/init",
  "fullUrl": "https://staging.slotegrator.com/api/index.php/v1/games/init",
  "headers": {
    "X-Merchant-Id": "dbb46701285c1a2e24a0bf92f00501e5",
    "X-Timestamp": "1774999460",
    "X-Nonce": "a4cb804662f595dd5638c9728bd1ce44",
    "X-Sign": "ba4a357f...",
    "Accept": "application/json",
    "Content-Type": "application/x-www-form-urlencoded"
  },
  "body": "game_uuid=fe38b9de0f44ac5892261d426ba39cd1aa410807&player_id=5fbW-EgviQlSB0qgLmM0Z&player_name=nanami&currency=EUR&session_id=session_5fbW-EgviQlSB0qgLmM0Z_1774999460497_sxq3r&device=desktop&return_url=https%3A%2F%2Fboztestarea.ngrok.app&language=fr&email=nanami%40gmail.com",
  "params": {
    "game_uuid": "fe38b9de0f44ac5892261d426ba39cd1aa410807",
    "player_id": "5fbW-EgviQlSB0qgLmM0Z",
    "player_name": "nanami",
    "currency": "EUR",
    "session_id": "session_5fbW-EgviQlSB0qgLmM0Z_1774999460497_sxq3r",
    "device": "desktop",
    "return_url": "https://boztestarea.ngrok.app",
    "language": "fr",
    "email": "nanami@gmail.com"
  }
}
================================================================================

{
  "timestamp": "2026-03-31T23:24:20.565Z",
  "type": "request",
  "endpoint": "POST /games/init",
  "fullUrl": "https://staging.slotegrator.com/api/index.php/v1/games/init",
  "headers": {
    "X-Merchant-Id": "dbb46701285c1a2e24a0bf92f00501e5",
    "X-Timestamp": "1774999460",
    "X-Nonce": "f7edd16ec2b3f0670a8031d8b6e49848",
    "X-Sign": "03f8df73...",
    "Accept": "application/json",
    "Content-Type": "application/x-www-form-urlencoded"
  },
  "body": "game_uuid=fe38b9de0f44ac5892261d426ba39cd1aa410807&player_id=5fbW-EgviQlSB0qgLmM0Z&player_name=nanami&currency=EUR&session_id=session_5fbW-EgviQlSB0qgLmM0Z_1774999460563_p9qtfj&device=desktop&return_url=https%3A%2F%2Fboztestarea.ngrok.app&language=fr&email=nanami%40gmail.com",
  "params": {
    "game_uuid": "fe38b9de0f44ac5892261d426ba39cd1aa410807",
    "player_id": "5fbW-EgviQlSB0qgLmM0Z",
    "player_name": "nanami",
    "currency": "EUR",
    "session_id": "session_5fbW-EgviQlSB0qgLmM0Z_1774999460563_p9qtfj",
    "device": "desktop",
    "return_url": "https://boztestarea.ngrok.app",
    "language": "fr",
    "email": "nanami@gmail.com"
  }
}
================================================================================

{
  "timestamp": "2026-03-31T23:24:49.807Z",
  "type": "request",
  "endpoint": "POST /self-validate",
  "fullUrl": "https://staging.slotegrator.com/api/index.php/v1/self-validate",
  "headers": {
    "X-Merchant-Id": "dbb46701285c1a2e24a0bf92f00501e5",
    "X-Timestamp": "1774999489",
    "X-Nonce": "aa118a736c6f0fd56407724129bb1c88",
    "X-Sign": "1ce925d9...",
    "Accept": "application/json",
    "Content-Type": "application/x-www-form-urlencoded"
  },
  "body": null,
  "params": null
}
================================================================================

{
  "timestamp": "2026-03-31T23:26:12.958Z",
  "type": "request",
  "endpoint": "POST /self-validate",
  "fullUrl": "https://staging.slotegrator.com/api/index.php/v1/self-validate",
  "headers": {
    "X-Merchant-Id": "dbb46701285c1a2e24a0bf92f00501e5",
    "X-Timestamp": "1774999572",
    "X-Nonce": "0b9b47742f85f84003b7576d398ba72a",
    "X-Sign": "41a5d708...",
    "Accept": "application/json",
    "Content-Type": "application/x-www-form-urlencoded"
  },
  "body": null,
  "params": null
}
================================================================================

{
  "timestamp": "2026-03-31T23:27:01.223Z",
  "type": "request",
  "endpoint": "GET /limits",
  "fullUrl": "https://staging.slotegrator.com/api/index.php/v1/limits",
  "headers": {
    "X-Merchant-Id": "dbb46701285c1a2e24a0bf92f00501e5",
    "X-Timestamp": "1774999621",
    "X-Nonce": "b83d5e322cc1e7da7afb94662f560c75",
    "X-Sign": "d2361e14...",
    "Accept": "application/json"
  },
  "body": null,
  "params": null
}
================================================================================

{
  "timestamp": "2026-03-31T23:27:01.920Z",
  "type": "request",
  "endpoint": "GET /games",
  "fullUrl": "https://staging.slotegrator.com/api/index.php/v1/games",
  "headers": {
    "X-Merchant-Id": "dbb46701285c1a2e24a0bf92f00501e5",
    "X-Timestamp": "1774999621",
    "X-Nonce": "7fc25be424fd361b411fadd6503bf87f",
    "X-Sign": "d43faca8...",
    "Accept": "application/json"
  },
  "body": null,
  "params": null
}
================================================================================

{
  "timestamp": "2026-03-31T23:27:01.926Z",
  "type": "request",
  "endpoint": "GET /games",
  "fullUrl": "https://staging.slotegrator.com/api/index.php/v1/games",
  "headers": {
    "X-Merchant-Id": "dbb46701285c1a2e24a0bf92f00501e5",
    "X-Timestamp": "1774999621",
    "X-Nonce": "3cbb40ebc373ce6a824945569dbe1dc3",
    "X-Sign": "262eccd8...",
    "Accept": "application/json"
  },
  "body": null,
  "params": null
}
================================================================================

{
  "timestamp": "2026-03-31T23:27:02.530Z",
  "type": "request",
  "endpoint": "GET /games",
  "fullUrl": "https://staging.slotegrator.com/api/index.php/v1/games?page=2",
  "headers": {
    "X-Merchant-Id": "dbb46701285c1a2e24a0bf92f00501e5",
    "X-Timestamp": "1774999622",
    "X-Nonce": "82bde841aa6919a0c98ff7a642c8368a",
    "X-Sign": "5d7e7bdd...",
    "Accept": "application/json"
  },
  "body": null,
  "params": {
    "page": 2
  }
}
================================================================================

{
  "timestamp": "2026-03-31T23:27:02.732Z",
  "type": "request",
  "endpoint": "GET /games",
  "fullUrl": "https://staging.slotegrator.com/api/index.php/v1/games?page=2",
  "headers": {
    "X-Merchant-Id": "dbb46701285c1a2e24a0bf92f00501e5",
    "X-Timestamp": "1774999622",
    "X-Nonce": "47484f39c40dd06607c4e0848c19a5c4",
    "X-Sign": "575854b5...",
    "Accept": "application/json"
  },
  "body": null,
  "params": {
    "page": 2
  }
}
================================================================================

{
  "timestamp": "2026-03-31T23:27:03.131Z",
  "type": "request",
  "endpoint": "GET /games",
  "fullUrl": "https://staging.slotegrator.com/api/index.php/v1/games?page=3",
  "headers": {
    "X-Merchant-Id": "dbb46701285c1a2e24a0bf92f00501e5",
    "X-Timestamp": "1774999623",
    "X-Nonce": "d6b7ac3053053c6bea38695f768b0383",
    "X-Sign": "93572877...",
    "Accept": "application/json"
  },
  "body": null,
  "params": {
    "page": 3
  }
}
================================================================================

{
  "timestamp": "2026-03-31T23:27:03.250Z",
  "type": "request",
  "endpoint": "GET /games",
  "fullUrl": "https://staging.slotegrator.com/api/index.php/v1/games?page=3",
  "headers": {
    "X-Merchant-Id": "dbb46701285c1a2e24a0bf92f00501e5",
    "X-Timestamp": "1774999623",
    "X-Nonce": "4a071383ae627732728b23570621133b",
    "X-Sign": "b22d16ca...",
    "Accept": "application/json"
  },
  "body": null,
  "params": {
    "page": 3
  }
}
================================================================================

{
  "timestamp": "2026-03-31T23:27:03.710Z",
  "type": "request",
  "endpoint": "GET /games",
  "fullUrl": "https://staging.slotegrator.com/api/index.php/v1/games?page=4",
  "headers": {
    "X-Merchant-Id": "dbb46701285c1a2e24a0bf92f00501e5",
    "X-Timestamp": "1774999623",
    "X-Nonce": "57fc165d58d583646869d5ddc10208a6",
    "X-Sign": "9ccd6aa9...",
    "Accept": "application/json"
  },
  "body": null,
  "params": {
    "page": 4
  }
}
================================================================================

{
  "timestamp": "2026-03-31T23:27:03.752Z",
  "type": "request",
  "endpoint": "GET /games",
  "fullUrl": "https://staging.slotegrator.com/api/index.php/v1/games?page=4",
  "headers": {
    "X-Merchant-Id": "dbb46701285c1a2e24a0bf92f00501e5",
    "X-Timestamp": "1774999623",
    "X-Nonce": "3de20e818e9ad99defd55f6f2fb1ac39",
    "X-Sign": "f022f636...",
    "Accept": "application/json"
  },
  "body": null,
  "params": {
    "page": 4
  }
}
================================================================================

{
  "timestamp": "2026-03-31T23:27:04.349Z",
  "type": "request",
  "endpoint": "GET /games",
  "fullUrl": "https://staging.slotegrator.com/api/index.php/v1/games?page=5",
  "headers": {
    "X-Merchant-Id": "dbb46701285c1a2e24a0bf92f00501e5",
    "X-Timestamp": "1774999624",
    "X-Nonce": "9b59bc1abe3254b4fa123af1848312c5",
    "X-Sign": "e1de6437...",
    "Accept": "application/json"
  },
  "body": null,
  "params": {
    "page": 5
  }
}
================================================================================

{
  "timestamp": "2026-03-31T23:27:04.397Z",
  "type": "request",
  "endpoint": "GET /games",
  "fullUrl": "https://staging.slotegrator.com/api/index.php/v1/games?page=5",
  "headers": {
    "X-Merchant-Id": "dbb46701285c1a2e24a0bf92f00501e5",
    "X-Timestamp": "1774999624",
    "X-Nonce": "44c0b0c712d024b2870216db74d901b6",
    "X-Sign": "813b7637...",
    "Accept": "application/json"
  },
  "body": null,
  "params": {
    "page": 5
  }
}
================================================================================

{
  "timestamp": "2026-03-31T23:27:04.912Z",
  "type": "request",
  "endpoint": "GET /games",
  "fullUrl": "https://staging.slotegrator.com/api/index.php/v1/games",
  "headers": {
    "X-Merchant-Id": "dbb46701285c1a2e24a0bf92f00501e5",
    "X-Timestamp": "1774999624",
    "X-Nonce": "3ec80e0b3118fe1a1755f5691b199fd9",
    "X-Sign": "9325955e...",
    "Accept": "application/json"
  },
  "body": null,
  "params": null
}
================================================================================

{
  "timestamp": "2026-03-31T23:27:04.942Z",
  "type": "request",
  "endpoint": "GET /games",
  "fullUrl": "https://staging.slotegrator.com/api/index.php/v1/games",
  "headers": {
    "X-Merchant-Id": "dbb46701285c1a2e24a0bf92f00501e5",
    "X-Timestamp": "1774999624",
    "X-Nonce": "4235319030b4a43d412c9a6b574e52ff",
    "X-Sign": "2b2c5ac8...",
    "Accept": "application/json"
  },
  "body": null,
  "params": null
}
================================================================================

{
  "timestamp": "2026-03-31T23:27:05.431Z",
  "type": "request",
  "endpoint": "GET /games",
  "fullUrl": "https://staging.slotegrator.com/api/index.php/v1/games?page=2",
  "headers": {
    "X-Merchant-Id": "dbb46701285c1a2e24a0bf92f00501e5",
    "X-Timestamp": "1774999625",
    "X-Nonce": "df49ccf0062661ec647e5c2f8da65c54",
    "X-Sign": "2107fc96...",
    "Accept": "application/json"
  },
  "body": null,
  "params": {
    "page": 2
  }
}
================================================================================

{
  "timestamp": "2026-03-31T23:27:05.521Z",
  "type": "request",
  "endpoint": "GET /games",
  "fullUrl": "https://staging.slotegrator.com/api/index.php/v1/games?page=2",
  "headers": {
    "X-Merchant-Id": "dbb46701285c1a2e24a0bf92f00501e5",
    "X-Timestamp": "1774999625",
    "X-Nonce": "9d289a9ae4718d4fc58f2ce5defd8ade",
    "X-Sign": "8636162e...",
    "Accept": "application/json"
  },
  "body": null,
  "params": {
    "page": 2
  }
}
================================================================================

{
  "timestamp": "2026-03-31T23:27:05.936Z",
  "type": "request",
  "endpoint": "GET /games",
  "fullUrl": "https://staging.slotegrator.com/api/index.php/v1/games?page=3",
  "headers": {
    "X-Merchant-Id": "dbb46701285c1a2e24a0bf92f00501e5",
    "X-Timestamp": "1774999625",
    "X-Nonce": "8d75865935f6c53047714d6eaee6c4dc",
    "X-Sign": "48d7c27c...",
    "Accept": "application/json"
  },
  "body": null,
  "params": {
    "page": 3
  }
}
================================================================================

{
  "timestamp": "2026-03-31T23:27:06.166Z",
  "type": "request",
  "endpoint": "GET /games",
  "fullUrl": "https://staging.slotegrator.com/api/index.php/v1/games?page=3",
  "headers": {
    "X-Merchant-Id": "dbb46701285c1a2e24a0bf92f00501e5",
    "X-Timestamp": "1774999626",
    "X-Nonce": "1df45bb5145bf4a337c2632e1febc9a6",
    "X-Sign": "b7b7dfe8...",
    "Accept": "application/json"
  },
  "body": null,
  "params": {
    "page": 3
  }
}
================================================================================

{
  "timestamp": "2026-03-31T23:27:06.449Z",
  "type": "request",
  "endpoint": "GET /games",
  "fullUrl": "https://staging.slotegrator.com/api/index.php/v1/games?page=4",
  "headers": {
    "X-Merchant-Id": "dbb46701285c1a2e24a0bf92f00501e5",
    "X-Timestamp": "1774999626",
    "X-Nonce": "bcb5dc8469051712ce20bc4682fb38d4",
    "X-Sign": "abea473b...",
    "Accept": "application/json"
  },
  "body": null,
  "params": {
    "page": 4
  }
}
================================================================================

{
  "timestamp": "2026-03-31T23:27:06.780Z",
  "type": "request",
  "endpoint": "GET /games",
  "fullUrl": "https://staging.slotegrator.com/api/index.php/v1/games?page=4",
  "headers": {
    "X-Merchant-Id": "dbb46701285c1a2e24a0bf92f00501e5",
    "X-Timestamp": "1774999626",
    "X-Nonce": "76849b0f954e3bcfa2dce2eab81220f0",
    "X-Sign": "28b0b3c3...",
    "Accept": "application/json"
  },
  "body": null,
  "params": {
    "page": 4
  }
}
================================================================================

{
  "timestamp": "2026-03-31T23:27:06.964Z",
  "type": "request",
  "endpoint": "GET /games",
  "fullUrl": "https://staging.slotegrator.com/api/index.php/v1/games?page=5",
  "headers": {
    "X-Merchant-Id": "dbb46701285c1a2e24a0bf92f00501e5",
    "X-Timestamp": "1774999626",
    "X-Nonce": "21ded04ec8248bd8e0bbd1de333dd45f",
    "X-Sign": "6e803ee2...",
    "Accept": "application/json"
  },
  "body": null,
  "params": {
    "page": 5
  }
}
================================================================================

{
  "timestamp": "2026-03-31T23:27:07.388Z",
  "type": "request",
  "endpoint": "GET /games",
  "fullUrl": "https://staging.slotegrator.com/api/index.php/v1/games?page=5",
  "headers": {
    "X-Merchant-Id": "dbb46701285c1a2e24a0bf92f00501e5",
    "X-Timestamp": "1774999627",
    "X-Nonce": "66cec221c9b1be02d287bd82ba50e511",
    "X-Sign": "ddb5f5dc...",
    "Accept": "application/json"
  },
  "body": null,
  "params": {
    "page": 5
  }
}
================================================================================

{
  "timestamp": "2026-03-31T23:27:07.489Z",
  "type": "request",
  "endpoint": "GET /games",
  "fullUrl": "https://staging.slotegrator.com/api/index.php/v1/games?page=6",
  "headers": {
    "X-Merchant-Id": "dbb46701285c1a2e24a0bf92f00501e5",
    "X-Timestamp": "1774999627",
    "X-Nonce": "502cfb84be9641e500b6aac624499f1b",
    "X-Sign": "3d38893d...",
    "Accept": "application/json"
  },
  "body": null,
  "params": {
    "page": 6
  }
}
================================================================================

{
  "timestamp": "2026-03-31T23:27:07.980Z",
  "type": "request",
  "endpoint": "GET /games",
  "fullUrl": "https://staging.slotegrator.com/api/index.php/v1/games?page=6",
  "headers": {
    "X-Merchant-Id": "dbb46701285c1a2e24a0bf92f00501e5",
    "X-Timestamp": "1774999627",
    "X-Nonce": "63394aff59d4dbe161c9605ac573e6da",
    "X-Sign": "31129324...",
    "Accept": "application/json"
  },
  "body": null,
  "params": {
    "page": 6
  }
}
================================================================================

{
  "timestamp": "2026-03-31T23:27:08.031Z",
  "type": "request",
  "endpoint": "GET /games",
  "fullUrl": "https://staging.slotegrator.com/api/index.php/v1/games?page=7",
  "headers": {
    "X-Merchant-Id": "dbb46701285c1a2e24a0bf92f00501e5",
    "X-Timestamp": "1774999628",
    "X-Nonce": "661507cce95618e73be2e4c863ee21e5",
    "X-Sign": "06411b96...",
    "Accept": "application/json"
  },
  "body": null,
  "params": {
    "page": 7
  }
}
================================================================================

{
  "timestamp": "2026-03-31T23:27:08.568Z",
  "type": "request",
  "endpoint": "GET /games",
  "fullUrl": "https://staging.slotegrator.com/api/index.php/v1/games?page=8",
  "headers": {
    "X-Merchant-Id": "dbb46701285c1a2e24a0bf92f00501e5",
    "X-Timestamp": "1774999628",
    "X-Nonce": "f7dc6012977c82536be43b5718fca9ad",
    "X-Sign": "1a5b3c4c...",
    "Accept": "application/json"
  },
  "body": null,
  "params": {
    "page": 8
  }
}
================================================================================

{
  "timestamp": "2026-03-31T23:27:08.584Z",
  "type": "request",
  "endpoint": "GET /games",
  "fullUrl": "https://staging.slotegrator.com/api/index.php/v1/games?page=7",
  "headers": {
    "X-Merchant-Id": "dbb46701285c1a2e24a0bf92f00501e5",
    "X-Timestamp": "1774999628",
    "X-Nonce": "2d556dcad83a273ae0c39adc9a949b95",
    "X-Sign": "ddee5ab7...",
    "Accept": "application/json"
  },
  "body": null,
  "params": {
    "page": 7
  }
}
================================================================================

{
  "timestamp": "2026-03-31T23:27:09.131Z",
  "type": "request",
  "endpoint": "GET /games",
  "fullUrl": "https://staging.slotegrator.com/api/index.php/v1/games?page=8",
  "headers": {
    "X-Merchant-Id": "dbb46701285c1a2e24a0bf92f00501e5",
    "X-Timestamp": "1774999629",
    "X-Nonce": "51f944c985b2112bd5136970e68153c8",
    "X-Sign": "563d4565...",
    "Accept": "application/json"
  },
  "body": null,
  "params": {
    "page": 8
  }
}
================================================================================

{
  "timestamp": "2026-03-31T23:27:09.215Z",
  "type": "request",
  "endpoint": "GET /games",
  "fullUrl": "https://staging.slotegrator.com/api/index.php/v1/games?page=9",
  "headers": {
    "X-Merchant-Id": "dbb46701285c1a2e24a0bf92f00501e5",
    "X-Timestamp": "1774999629",
    "X-Nonce": "afbea76332ae8875a62e1eb66c7295cd",
    "X-Sign": "be71dcbb...",
    "Accept": "application/json"
  },
  "body": null,
  "params": {
    "page": 9
  }
}
================================================================================

{
  "timestamp": "2026-03-31T23:27:09.665Z",
  "type": "request",
  "endpoint": "GET /games",
  "fullUrl": "https://staging.slotegrator.com/api/index.php/v1/games?page=9",
  "headers": {
    "X-Merchant-Id": "dbb46701285c1a2e24a0bf92f00501e5",
    "X-Timestamp": "1774999629",
    "X-Nonce": "7e353242f87623e64784f84d42f268ff",
    "X-Sign": "5dbccfda...",
    "Accept": "application/json"
  },
  "body": null,
  "params": {
    "page": 9
  }
}
================================================================================

{
  "timestamp": "2026-03-31T23:27:09.818Z",
  "type": "request",
  "endpoint": "GET /games",
  "fullUrl": "https://staging.slotegrator.com/api/index.php/v1/games?page=10",
  "headers": {
    "X-Merchant-Id": "dbb46701285c1a2e24a0bf92f00501e5",
    "X-Timestamp": "1774999629",
    "X-Nonce": "f40389742891896ac610a9d8424b61e1",
    "X-Sign": "6ee5b2d8...",
    "Accept": "application/json"
  },
  "body": null,
  "params": {
    "page": 10
  }
}
================================================================================

{
  "timestamp": "2026-03-31T23:27:10.178Z",
  "type": "request",
  "endpoint": "GET /games",
  "fullUrl": "https://staging.slotegrator.com/api/index.php/v1/games?page=10",
  "headers": {
    "X-Merchant-Id": "dbb46701285c1a2e24a0bf92f00501e5",
    "X-Timestamp": "1774999630",
    "X-Nonce": "d91a54a696c143bad13fbc34acd96a6d",
    "X-Sign": "d448b5a9...",
    "Accept": "application/json"
  },
  "body": null,
  "params": {
    "page": 10
  }
}
================================================================================

{
  "timestamp": "2026-03-31T23:27:10.409Z",
  "type": "request",
  "endpoint": "POST /games/init",
  "fullUrl": "https://staging.slotegrator.com/api/index.php/v1/games/init",
  "headers": {
    "X-Merchant-Id": "dbb46701285c1a2e24a0bf92f00501e5",
    "X-Timestamp": "1774999630",
    "X-Nonce": "ced6270be006e7f0bd3f6df5c7594cc8",
    "X-Sign": "152f6944...",
    "Accept": "application/json",
    "Content-Type": "application/x-www-form-urlencoded"
  },
  "body": "game_uuid=fe38b9de0f44ac5892261d426ba39cd1aa410807&player_id=5fbW-EgviQlSB0qgLmM0Z&player_name=nanami&currency=EUR&session_id=session_5fbW-EgviQlSB0qgLmM0Z_1774999630407_zogm2&device=desktop&return_url=https%3A%2F%2Fboztestarea.ngrok.app&language=fr&email=nanami%40gmail.com",
  "params": {
    "game_uuid": "fe38b9de0f44ac5892261d426ba39cd1aa410807",
    "player_id": "5fbW-EgviQlSB0qgLmM0Z",
    "player_name": "nanami",
    "currency": "EUR",
    "session_id": "session_5fbW-EgviQlSB0qgLmM0Z_1774999630407_zogm2",
    "device": "desktop",
    "return_url": "https://boztestarea.ngrok.app",
    "language": "fr",
    "email": "nanami@gmail.com"
  }
}
================================================================================

{
  "timestamp": "2026-03-31T23:27:10.698Z",
  "type": "request",
  "endpoint": "POST /games/init",
  "fullUrl": "https://staging.slotegrator.com/api/index.php/v1/games/init",
  "headers": {
    "X-Merchant-Id": "dbb46701285c1a2e24a0bf92f00501e5",
    "X-Timestamp": "1774999630",
    "X-Nonce": "47fd07383b50de74651f81bb70afc40b",
    "X-Sign": "18c044ae...",
    "Accept": "application/json",
    "Content-Type": "application/x-www-form-urlencoded"
  },
  "body": "game_uuid=fe38b9de0f44ac5892261d426ba39cd1aa410807&player_id=5fbW-EgviQlSB0qgLmM0Z&player_name=nanami&currency=EUR&session_id=session_5fbW-EgviQlSB0qgLmM0Z_1774999630696_mefjf&device=desktop&return_url=https%3A%2F%2Fboztestarea.ngrok.app&language=fr&email=nanami%40gmail.com",
  "params": {
    "game_uuid": "fe38b9de0f44ac5892261d426ba39cd1aa410807",
    "player_id": "5fbW-EgviQlSB0qgLmM0Z",
    "player_name": "nanami",
    "currency": "EUR",
    "session_id": "session_5fbW-EgviQlSB0qgLmM0Z_1774999630696_mefjf",
    "device": "desktop",
    "return_url": "https://boztestarea.ngrok.app",
    "language": "fr",
    "email": "nanami@gmail.com"
  }
}
================================================================================

{
  "timestamp": "2026-03-31T23:29:27.302Z",
  "type": "request",
  "endpoint": "POST /self-validate",
  "fullUrl": "https://staging.slotegrator.com/api/index.php/v1/self-validate",
  "headers": {
    "X-Merchant-Id": "dbb46701285c1a2e24a0bf92f00501e5",
    "X-Timestamp": "1774999767",
    "X-Nonce": "7871b0d6462515f3d805dd6de1a0942c",
    "X-Sign": "d5d35dfa...",
    "Accept": "application/json",
    "Content-Type": "application/x-www-form-urlencoded"
  },
  "body": null,
  "params": null
}
================================================================================

{
  "timestamp": "2026-03-31T23:30:44.840Z",
  "type": "request",
  "endpoint": "GET /limits",
  "fullUrl": "https://staging.slotegrator.com/api/index.php/v1/limits",
  "headers": {
    "X-Merchant-Id": "dbb46701285c1a2e24a0bf92f00501e5",
    "X-Timestamp": "1774999844",
    "X-Nonce": "8954ff6f0f427453982962f92343a63e",
    "X-Sign": "1a8c0db5...",
    "Accept": "application/json"
  },
  "body": null,
  "params": null
}
================================================================================

{
  "timestamp": "2026-03-31T23:30:45.304Z",
  "type": "request",
  "endpoint": "GET /games",
  "fullUrl": "https://staging.slotegrator.com/api/index.php/v1/games",
  "headers": {
    "X-Merchant-Id": "dbb46701285c1a2e24a0bf92f00501e5",
    "X-Timestamp": "1774999845",
    "X-Nonce": "91a96bccc7fa5880d10cc0da7163c3b0",
    "X-Sign": "87b20c58...",
    "Accept": "application/json"
  },
  "body": null,
  "params": null
}
================================================================================

{
  "timestamp": "2026-03-31T23:30:45.316Z",
  "type": "request",
  "endpoint": "GET /games",
  "fullUrl": "https://staging.slotegrator.com/api/index.php/v1/games",
  "headers": {
    "X-Merchant-Id": "dbb46701285c1a2e24a0bf92f00501e5",
    "X-Timestamp": "1774999845",
    "X-Nonce": "1e942663e8065ea8efa4c04b2b85319e",
    "X-Sign": "d7fb393b...",
    "Accept": "application/json"
  },
  "body": null,
  "params": null
}
================================================================================

{
  "timestamp": "2026-03-31T23:30:45.808Z",
  "type": "request",
  "endpoint": "GET /games",
  "fullUrl": "https://staging.slotegrator.com/api/index.php/v1/games?page=2",
  "headers": {
    "X-Merchant-Id": "dbb46701285c1a2e24a0bf92f00501e5",
    "X-Timestamp": "1774999845",
    "X-Nonce": "348e0a0321b6c5599afbe395b45d4faa",
    "X-Sign": "8803a4c2...",
    "Accept": "application/json"
  },
  "body": null,
  "params": {
    "page": 2
  }
}
================================================================================

{
  "timestamp": "2026-03-31T23:30:46.028Z",
  "type": "request",
  "endpoint": "GET /games",
  "fullUrl": "https://staging.slotegrator.com/api/index.php/v1/games?page=2",
  "headers": {
    "X-Merchant-Id": "dbb46701285c1a2e24a0bf92f00501e5",
    "X-Timestamp": "1774999846",
    "X-Nonce": "ba4b2d0df6950593e8c0cd69fc4f8c78",
    "X-Sign": "75c1ab00...",
    "Accept": "application/json"
  },
  "body": null,
  "params": {
    "page": 2
  }
}
================================================================================

{
  "timestamp": "2026-03-31T23:30:46.357Z",
  "type": "request",
  "endpoint": "GET /games",
  "fullUrl": "https://staging.slotegrator.com/api/index.php/v1/games?page=3",
  "headers": {
    "X-Merchant-Id": "dbb46701285c1a2e24a0bf92f00501e5",
    "X-Timestamp": "1774999846",
    "X-Nonce": "903c48747228ecc602f428eefb65f456",
    "X-Sign": "fbb63ad8...",
    "Accept": "application/json"
  },
  "body": null,
  "params": {
    "page": 3
  }
}
================================================================================

{
  "timestamp": "2026-03-31T23:30:46.559Z",
  "type": "request",
  "endpoint": "GET /games",
  "fullUrl": "https://staging.slotegrator.com/api/index.php/v1/games?page=3",
  "headers": {
    "X-Merchant-Id": "dbb46701285c1a2e24a0bf92f00501e5",
    "X-Timestamp": "1774999846",
    "X-Nonce": "70e23dcc5f99efe511f6d482025688ae",
    "X-Sign": "8079fa3c...",
    "Accept": "application/json"
  },
  "body": null,
  "params": {
    "page": 3
  }
}
================================================================================

{
  "timestamp": "2026-03-31T23:30:46.909Z",
  "type": "request",
  "endpoint": "GET /games",
  "fullUrl": "https://staging.slotegrator.com/api/index.php/v1/games?page=4",
  "headers": {
    "X-Merchant-Id": "dbb46701285c1a2e24a0bf92f00501e5",
    "X-Timestamp": "1774999846",
    "X-Nonce": "4999a81d3e0142c87d45ef0119c194ff",
    "X-Sign": "72f236ee...",
    "Accept": "application/json"
  },
  "body": null,
  "params": {
    "page": 4
  }
}
================================================================================

{
  "timestamp": "2026-03-31T23:30:47.108Z",
  "type": "request",
  "endpoint": "GET /games",
  "fullUrl": "https://staging.slotegrator.com/api/index.php/v1/games?page=4",
  "headers": {
    "X-Merchant-Id": "dbb46701285c1a2e24a0bf92f00501e5",
    "X-Timestamp": "1774999847",
    "X-Nonce": "a111de9035e5b96e241bc448ff0ed3c0",
    "X-Sign": "6e8fcdf4...",
    "Accept": "application/json"
  },
  "body": null,
  "params": {
    "page": 4
  }
}
================================================================================

{
  "timestamp": "2026-03-31T23:30:47.491Z",
  "type": "request",
  "endpoint": "GET /games",
  "fullUrl": "https://staging.slotegrator.com/api/index.php/v1/games?page=5",
  "headers": {
    "X-Merchant-Id": "dbb46701285c1a2e24a0bf92f00501e5",
    "X-Timestamp": "1774999847",
    "X-Nonce": "8f0d0dfc7670d41dc3cfd2fe4dbf4b5b",
    "X-Sign": "2840275b...",
    "Accept": "application/json"
  },
  "body": null,
  "params": {
    "page": 5
  }
}
================================================================================

{
  "timestamp": "2026-03-31T23:30:47.642Z",
  "type": "request",
  "endpoint": "GET /games",
  "fullUrl": "https://staging.slotegrator.com/api/index.php/v1/games?page=5",
  "headers": {
    "X-Merchant-Id": "dbb46701285c1a2e24a0bf92f00501e5",
    "X-Timestamp": "1774999847",
    "X-Nonce": "9c34eb2068a6f0af8e6bfd46b88b1ba3",
    "X-Sign": "96a6940e...",
    "Accept": "application/json"
  },
  "body": null,
  "params": {
    "page": 5
  }
}
================================================================================

{
  "timestamp": "2026-03-31T23:30:48.059Z",
  "type": "request",
  "endpoint": "GET /games",
  "fullUrl": "https://staging.slotegrator.com/api/index.php/v1/games",
  "headers": {
    "X-Merchant-Id": "dbb46701285c1a2e24a0bf92f00501e5",
    "X-Timestamp": "1774999848",
    "X-Nonce": "84d17c793446f1461ecbd3296c56c805",
    "X-Sign": "e9f80a60...",
    "Accept": "application/json"
  },
  "body": null,
  "params": null
}
================================================================================

{
  "timestamp": "2026-03-31T23:30:48.233Z",
  "type": "request",
  "endpoint": "GET /games",
  "fullUrl": "https://staging.slotegrator.com/api/index.php/v1/games",
  "headers": {
    "X-Merchant-Id": "dbb46701285c1a2e24a0bf92f00501e5",
    "X-Timestamp": "1774999848",
    "X-Nonce": "1a920fee1f9335671960071a7063dbc8",
    "X-Sign": "c75940aa...",
    "Accept": "application/json"
  },
  "body": null,
  "params": null
}
================================================================================

{
  "timestamp": "2026-03-31T23:30:48.625Z",
  "type": "request",
  "endpoint": "GET /games",
  "fullUrl": "https://staging.slotegrator.com/api/index.php/v1/games?page=2",
  "headers": {
    "X-Merchant-Id": "dbb46701285c1a2e24a0bf92f00501e5",
    "X-Timestamp": "1774999848",
    "X-Nonce": "400a202838bf41b341a0b5840a67da1e",
    "X-Sign": "addefba7...",
    "Accept": "application/json"
  },
  "body": null,
  "params": {
    "page": 2
  }
}
================================================================================

{
  "timestamp": "2026-03-31T23:30:48.808Z",
  "type": "request",
  "endpoint": "GET /games",
  "fullUrl": "https://staging.slotegrator.com/api/index.php/v1/games?page=2",
  "headers": {
    "X-Merchant-Id": "dbb46701285c1a2e24a0bf92f00501e5",
    "X-Timestamp": "1774999848",
    "X-Nonce": "3842b744efbc2835d0fcc3bdc87698fc",
    "X-Sign": "9fda5950...",
    "Accept": "application/json"
  },
  "body": null,
  "params": {
    "page": 2
  }
}
================================================================================

{
  "timestamp": "2026-03-31T23:30:49.127Z",
  "type": "request",
  "endpoint": "GET /games",
  "fullUrl": "https://staging.slotegrator.com/api/index.php/v1/games?page=3",
  "headers": {
    "X-Merchant-Id": "dbb46701285c1a2e24a0bf92f00501e5",
    "X-Timestamp": "1774999849",
    "X-Nonce": "8d2dab1aefa0266fb473824e928df7a5",
    "X-Sign": "9f40f2a3...",
    "Accept": "application/json"
  },
  "body": null,
  "params": {
    "page": 3
  }
}
================================================================================

{
  "timestamp": "2026-03-31T23:30:49.358Z",
  "type": "request",
  "endpoint": "GET /games",
  "fullUrl": "https://staging.slotegrator.com/api/index.php/v1/games?page=3",
  "headers": {
    "X-Merchant-Id": "dbb46701285c1a2e24a0bf92f00501e5",
    "X-Timestamp": "1774999849",
    "X-Nonce": "cbd1eabea4e50ad1c4fe823604c075dc",
    "X-Sign": "d967f57e...",
    "Accept": "application/json"
  },
  "body": null,
  "params": {
    "page": 3
  }
}
================================================================================

{
  "timestamp": "2026-03-31T23:30:49.741Z",
  "type": "request",
  "endpoint": "GET /games",
  "fullUrl": "https://staging.slotegrator.com/api/index.php/v1/games?page=4",
  "headers": {
    "X-Merchant-Id": "dbb46701285c1a2e24a0bf92f00501e5",
    "X-Timestamp": "1774999849",
    "X-Nonce": "3650895618b0f08f9cb2fafb99623f0a",
    "X-Sign": "6ab1119f...",
    "Accept": "application/json"
  },
  "body": null,
  "params": {
    "page": 4
  }
}
================================================================================

{
  "timestamp": "2026-03-31T23:30:49.902Z",
  "type": "request",
  "endpoint": "GET /games",
  "fullUrl": "https://staging.slotegrator.com/api/index.php/v1/games?page=4",
  "headers": {
    "X-Merchant-Id": "dbb46701285c1a2e24a0bf92f00501e5",
    "X-Timestamp": "1774999849",
    "X-Nonce": "497cfae6c2807b0a77b68bccf4507789",
    "X-Sign": "731b1cff...",
    "Accept": "application/json"
  },
  "body": null,
  "params": {
    "page": 4
  }
}
================================================================================

{
  "timestamp": "2026-03-31T23:30:50.292Z",
  "type": "request",
  "endpoint": "GET /games",
  "fullUrl": "https://staging.slotegrator.com/api/index.php/v1/games?page=5",
  "headers": {
    "X-Merchant-Id": "dbb46701285c1a2e24a0bf92f00501e5",
    "X-Timestamp": "1774999850",
    "X-Nonce": "aae88d0c129696a77a19a1729cbc069b",
    "X-Sign": "6f855140...",
    "Accept": "application/json"
  },
  "body": null,
  "params": {
    "page": 5
  }
}
================================================================================

{
  "timestamp": "2026-03-31T23:30:50.454Z",
  "type": "request",
  "endpoint": "GET /games",
  "fullUrl": "https://staging.slotegrator.com/api/index.php/v1/games?page=5",
  "headers": {
    "X-Merchant-Id": "dbb46701285c1a2e24a0bf92f00501e5",
    "X-Timestamp": "1774999850",
    "X-Nonce": "994df55cc7288ff4508766c3ff1b018c",
    "X-Sign": "60442d94...",
    "Accept": "application/json"
  },
  "body": null,
  "params": {
    "page": 5
  }
}
================================================================================

{
  "timestamp": "2026-03-31T23:30:50.870Z",
  "type": "request",
  "endpoint": "GET /games",
  "fullUrl": "https://staging.slotegrator.com/api/index.php/v1/games?page=6",
  "headers": {
    "X-Merchant-Id": "dbb46701285c1a2e24a0bf92f00501e5",
    "X-Timestamp": "1774999850",
    "X-Nonce": "1699a1d5471d122873e5398f888cf9ca",
    "X-Sign": "b4b82d1d...",
    "Accept": "application/json"
  },
  "body": null,
  "params": {
    "page": 6
  }
}
================================================================================

{
  "timestamp": "2026-03-31T23:30:50.991Z",
  "type": "request",
  "endpoint": "GET /games",
  "fullUrl": "https://staging.slotegrator.com/api/index.php/v1/games?page=6",
  "headers": {
    "X-Merchant-Id": "dbb46701285c1a2e24a0bf92f00501e5",
    "X-Timestamp": "1774999850",
    "X-Nonce": "7ab981177129b8939016c4e45a6a9abf",
    "X-Sign": "a59b1253...",
    "Accept": "application/json"
  },
  "body": null,
  "params": {
    "page": 6
  }
}
================================================================================

{
  "timestamp": "2026-03-31T23:30:51.448Z",
  "type": "request",
  "endpoint": "GET /games",
  "fullUrl": "https://staging.slotegrator.com/api/index.php/v1/games?page=7",
  "headers": {
    "X-Merchant-Id": "dbb46701285c1a2e24a0bf92f00501e5",
    "X-Timestamp": "1774999851",
    "X-Nonce": "dae005c2af637ab2b516a6e1143b6323",
    "X-Sign": "6db9a9c1...",
    "Accept": "application/json"
  },
  "body": null,
  "params": {
    "page": 7
  }
}
================================================================================

{
  "timestamp": "2026-03-31T23:30:51.562Z",
  "type": "request",
  "endpoint": "GET /games",
  "fullUrl": "https://staging.slotegrator.com/api/index.php/v1/games?page=7",
  "headers": {
    "X-Merchant-Id": "dbb46701285c1a2e24a0bf92f00501e5",
    "X-Timestamp": "1774999851",
    "X-Nonce": "71cfbbdc7c136caa4a0747de8efd37d7",
    "X-Sign": "ad89f66f...",
    "Accept": "application/json"
  },
  "body": null,
  "params": {
    "page": 7
  }
}
================================================================================

{
  "timestamp": "2026-03-31T23:30:52.042Z",
  "type": "request",
  "endpoint": "GET /games",
  "fullUrl": "https://staging.slotegrator.com/api/index.php/v1/games?page=8",
  "headers": {
    "X-Merchant-Id": "dbb46701285c1a2e24a0bf92f00501e5",
    "X-Timestamp": "1774999852",
    "X-Nonce": "7f75b67be1587f2a130af763c24cc460",
    "X-Sign": "02280c48...",
    "Accept": "application/json"
  },
  "body": null,
  "params": {
    "page": 8
  }
}
================================================================================

{
  "timestamp": "2026-03-31T23:30:52.140Z",
  "type": "request",
  "endpoint": "GET /games",
  "fullUrl": "https://staging.slotegrator.com/api/index.php/v1/games?page=8",
  "headers": {
    "X-Merchant-Id": "dbb46701285c1a2e24a0bf92f00501e5",
    "X-Timestamp": "1774999852",
    "X-Nonce": "aa6bf839669d1480fe94e4fd3e05e022",
    "X-Sign": "1a74411a...",
    "Accept": "application/json"
  },
  "body": null,
  "params": {
    "page": 8
  }
}
================================================================================

{
  "timestamp": "2026-03-31T23:30:52.592Z",
  "type": "request",
  "endpoint": "GET /games",
  "fullUrl": "https://staging.slotegrator.com/api/index.php/v1/games?page=9",
  "headers": {
    "X-Merchant-Id": "dbb46701285c1a2e24a0bf92f00501e5",
    "X-Timestamp": "1774999852",
    "X-Nonce": "76ba5345a919d81212c8734782d39942",
    "X-Sign": "8270a0ba...",
    "Accept": "application/json"
  },
  "body": null,
  "params": {
    "page": 9
  }
}
================================================================================

{
  "timestamp": "2026-03-31T23:30:52.685Z",
  "type": "request",
  "endpoint": "GET /games",
  "fullUrl": "https://staging.slotegrator.com/api/index.php/v1/games?page=9",
  "headers": {
    "X-Merchant-Id": "dbb46701285c1a2e24a0bf92f00501e5",
    "X-Timestamp": "1774999852",
    "X-Nonce": "24ffd3f2d96eb11792aa59cc3f9294f5",
    "X-Sign": "d0ba7e40...",
    "Accept": "application/json"
  },
  "body": null,
  "params": {
    "page": 9
  }
}
================================================================================

{
  "timestamp": "2026-03-31T23:30:53.124Z",
  "type": "request",
  "endpoint": "GET /games",
  "fullUrl": "https://staging.slotegrator.com/api/index.php/v1/games?page=10",
  "headers": {
    "X-Merchant-Id": "dbb46701285c1a2e24a0bf92f00501e5",
    "X-Timestamp": "1774999853",
    "X-Nonce": "f1fc771a77b38cbf1ab8854aa2871be5",
    "X-Sign": "bd7f8303...",
    "Accept": "application/json"
  },
  "body": null,
  "params": {
    "page": 10
  }
}
================================================================================

{
  "timestamp": "2026-03-31T23:30:53.323Z",
  "type": "request",
  "endpoint": "GET /games",
  "fullUrl": "https://staging.slotegrator.com/api/index.php/v1/games?page=10",
  "headers": {
    "X-Merchant-Id": "dbb46701285c1a2e24a0bf92f00501e5",
    "X-Timestamp": "1774999853",
    "X-Nonce": "b906ce2091db23dbb266cd7499b8a644",
    "X-Sign": "53a98fe8...",
    "Accept": "application/json"
  },
  "body": null,
  "params": {
    "page": 10
  }
}
================================================================================

{
  "timestamp": "2026-03-31T23:30:53.635Z",
  "type": "request",
  "endpoint": "POST /games/init",
  "fullUrl": "https://staging.slotegrator.com/api/index.php/v1/games/init",
  "headers": {
    "X-Merchant-Id": "dbb46701285c1a2e24a0bf92f00501e5",
    "X-Timestamp": "1774999853",
    "X-Nonce": "94bb42a881f18943e5c8d323a2f82ae3",
    "X-Sign": "75f1790a...",
    "Accept": "application/json",
    "Content-Type": "application/x-www-form-urlencoded"
  },
  "body": "game_uuid=fe38b9de0f44ac5892261d426ba39cd1aa410807&player_id=5fbW-EgviQlSB0qgLmM0Z&player_name=nanami&currency=EUR&session_id=session_5fbW-EgviQlSB0qgLmM0Z_1774999853633_qeqcio&device=desktop&return_url=https%3A%2F%2Fboztestarea.ngrok.app&language=fr&email=nanami%40gmail.com",
  "params": {
    "game_uuid": "fe38b9de0f44ac5892261d426ba39cd1aa410807",
    "player_id": "5fbW-EgviQlSB0qgLmM0Z",
    "player_name": "nanami",
    "currency": "EUR",
    "session_id": "session_5fbW-EgviQlSB0qgLmM0Z_1774999853633_qeqcio",
    "device": "desktop",
    "return_url": "https://boztestarea.ngrok.app",
    "language": "fr",
    "email": "nanami@gmail.com"
  }
}
================================================================================

{
  "timestamp": "2026-03-31T23:30:53.900Z",
  "type": "request",
  "endpoint": "POST /games/init",
  "fullUrl": "https://staging.slotegrator.com/api/index.php/v1/games/init",
  "headers": {
    "X-Merchant-Id": "dbb46701285c1a2e24a0bf92f00501e5",
    "X-Timestamp": "1774999853",
    "X-Nonce": "bad66ad5e2e5981ef1c62095e8540563",
    "X-Sign": "dd151c6a...",
    "Accept": "application/json",
    "Content-Type": "application/x-www-form-urlencoded"
  },
  "body": "game_uuid=fe38b9de0f44ac5892261d426ba39cd1aa410807&player_id=5fbW-EgviQlSB0qgLmM0Z&player_name=nanami&currency=EUR&session_id=session_5fbW-EgviQlSB0qgLmM0Z_1774999853898_jhoyhi&device=desktop&return_url=https%3A%2F%2Fboztestarea.ngrok.app&language=fr&email=nanami%40gmail.com",
  "params": {
    "game_uuid": "fe38b9de0f44ac5892261d426ba39cd1aa410807",
    "player_id": "5fbW-EgviQlSB0qgLmM0Z",
    "player_name": "nanami",
    "currency": "EUR",
    "session_id": "session_5fbW-EgviQlSB0qgLmM0Z_1774999853898_jhoyhi",
    "device": "desktop",
    "return_url": "https://boztestarea.ngrok.app",
    "language": "fr",
    "email": "nanami@gmail.com"
  }
}
================================================================================

{
  "timestamp": "2026-03-31T23:31:12.000Z",
  "type": "request",
  "endpoint": "POST /self-validate",
  "fullUrl": "https://staging.slotegrator.com/api/index.php/v1/self-validate",
  "headers": {
    "X-Merchant-Id": "dbb46701285c1a2e24a0bf92f00501e5",
    "X-Timestamp": "1774999871",
    "X-Nonce": "015f9527e8c7b48f872cdf8d03f27767",
    "X-Sign": "eab1bbce...",
    "Accept": "application/json",
    "Content-Type": "application/x-www-form-urlencoded"
  },
  "body": null,
  "params": null
}
================================================================================

{
  "timestamp": "2026-03-31T23:32:07.654Z",
  "type": "request",
  "endpoint": "GET /limits",
  "fullUrl": "https://staging.slotegrator.com/api/index.php/v1/limits",
  "headers": {
    "X-Merchant-Id": "dbb46701285c1a2e24a0bf92f00501e5",
    "X-Timestamp": "1774999927",
    "X-Nonce": "401d65ac0ab5f81a7667d596ea0edbda",
    "X-Sign": "92e26815...",
    "Accept": "application/json"
  },
  "body": null,
  "params": null
}
================================================================================

{
  "timestamp": "2026-03-31T23:32:07.983Z",
  "type": "request",
  "endpoint": "GET /games",
  "fullUrl": "https://staging.slotegrator.com/api/index.php/v1/games",
  "headers": {
    "X-Merchant-Id": "dbb46701285c1a2e24a0bf92f00501e5",
    "X-Timestamp": "1774999927",
    "X-Nonce": "944ddccaaa97d439dfe1839238ff8682",
    "X-Sign": "3faf01bf...",
    "Accept": "application/json"
  },
  "body": null,
  "params": null
}
================================================================================

{
  "timestamp": "2026-03-31T23:32:07.987Z",
  "type": "request",
  "endpoint": "GET /games",
  "fullUrl": "https://staging.slotegrator.com/api/index.php/v1/games",
  "headers": {
    "X-Merchant-Id": "dbb46701285c1a2e24a0bf92f00501e5",
    "X-Timestamp": "1774999927",
    "X-Nonce": "1115f83cea05fdeadfccb61da4993adf",
    "X-Sign": "e69caf4a...",
    "Accept": "application/json"
  },
  "body": null,
  "params": null
}
================================================================================

{
  "timestamp": "2026-03-31T23:32:08.591Z",
  "type": "request",
  "endpoint": "GET /games",
  "fullUrl": "https://staging.slotegrator.com/api/index.php/v1/games?page=2",
  "headers": {
    "X-Merchant-Id": "dbb46701285c1a2e24a0bf92f00501e5",
    "X-Timestamp": "1774999928",
    "X-Nonce": "fe9dbfdd839a5a9cccbeeacd735fdb9f",
    "X-Sign": "9a18160e...",
    "Accept": "application/json"
  },
  "body": null,
  "params": {
    "page": 2
  }
}
================================================================================

{
  "timestamp": "2026-03-31T23:32:08.706Z",
  "type": "request",
  "endpoint": "GET /games",
  "fullUrl": "https://staging.slotegrator.com/api/index.php/v1/games?page=2",
  "headers": {
    "X-Merchant-Id": "dbb46701285c1a2e24a0bf92f00501e5",
    "X-Timestamp": "1774999928",
    "X-Nonce": "71b2a923cef20b1278df8d921c72e419",
    "X-Sign": "1fb2752e...",
    "Accept": "application/json"
  },
  "body": null,
  "params": {
    "page": 2
  }
}
================================================================================

{
  "timestamp": "2026-03-31T23:32:09.207Z",
  "type": "request",
  "endpoint": "GET /games",
  "fullUrl": "https://staging.slotegrator.com/api/index.php/v1/games?page=3",
  "headers": {
    "X-Merchant-Id": "dbb46701285c1a2e24a0bf92f00501e5",
    "X-Timestamp": "1774999929",
    "X-Nonce": "7618319a973670135d935f4992ad923f",
    "X-Sign": "ca0fcb2d...",
    "Accept": "application/json"
  },
  "body": null,
  "params": {
    "page": 3
  }
}
================================================================================

{
  "timestamp": "2026-03-31T23:32:09.390Z",
  "type": "request",
  "endpoint": "GET /games",
  "fullUrl": "https://staging.slotegrator.com/api/index.php/v1/games?page=3",
  "headers": {
    "X-Merchant-Id": "dbb46701285c1a2e24a0bf92f00501e5",
    "X-Timestamp": "1774999929",
    "X-Nonce": "60b21e08b843521229a15b33a6364ed2",
    "X-Sign": "fb936330...",
    "Accept": "application/json"
  },
  "body": null,
  "params": {
    "page": 3
  }
}
================================================================================

{
  "timestamp": "2026-03-31T23:32:09.773Z",
  "type": "request",
  "endpoint": "GET /games",
  "fullUrl": "https://staging.slotegrator.com/api/index.php/v1/games?page=4",
  "headers": {
    "X-Merchant-Id": "dbb46701285c1a2e24a0bf92f00501e5",
    "X-Timestamp": "1774999929",
    "X-Nonce": "45c9dc8946f7ef32a750ff6d25c543fe",
    "X-Sign": "ad249314...",
    "Accept": "application/json"
  },
  "body": null,
  "params": {
    "page": 4
  }
}
================================================================================

{
  "timestamp": "2026-03-31T23:32:09.941Z",
  "type": "request",
  "endpoint": "GET /games",
  "fullUrl": "https://staging.slotegrator.com/api/index.php/v1/games?page=4",
  "headers": {
    "X-Merchant-Id": "dbb46701285c1a2e24a0bf92f00501e5",
    "X-Timestamp": "1774999929",
    "X-Nonce": "1f892169a7812f113495982a24bffc48",
    "X-Sign": "64a3af7c...",
    "Accept": "application/json"
  },
  "body": null,
  "params": {
    "page": 4
  }
}
================================================================================

{
  "timestamp": "2026-03-31T23:32:10.390Z",
  "type": "request",
  "endpoint": "GET /games",
  "fullUrl": "https://staging.slotegrator.com/api/index.php/v1/games?page=5",
  "headers": {
    "X-Merchant-Id": "dbb46701285c1a2e24a0bf92f00501e5",
    "X-Timestamp": "1774999930",
    "X-Nonce": "9a2b4842c9d92f8cdd4b52d512259a46",
    "X-Sign": "faeddb00...",
    "Accept": "application/json"
  },
  "body": null,
  "params": {
    "page": 5
  }
}
================================================================================

{
  "timestamp": "2026-03-31T23:32:10.490Z",
  "type": "request",
  "endpoint": "GET /games",
  "fullUrl": "https://staging.slotegrator.com/api/index.php/v1/games?page=5",
  "headers": {
    "X-Merchant-Id": "dbb46701285c1a2e24a0bf92f00501e5",
    "X-Timestamp": "1774999930",
    "X-Nonce": "160c932d9efb061918d8c778384985ba",
    "X-Sign": "d6e7e110...",
    "Accept": "application/json"
  },
  "body": null,
  "params": {
    "page": 5
  }
}
================================================================================

{
  "timestamp": "2026-03-31T23:32:10.925Z",
  "type": "request",
  "endpoint": "GET /games",
  "fullUrl": "https://staging.slotegrator.com/api/index.php/v1/games",
  "headers": {
    "X-Merchant-Id": "dbb46701285c1a2e24a0bf92f00501e5",
    "X-Timestamp": "1774999930",
    "X-Nonce": "e80452cc1724e2b7d61ce34053dc9d51",
    "X-Sign": "ede36650...",
    "Accept": "application/json"
  },
  "body": null,
  "params": null
}
================================================================================

{
  "timestamp": "2026-03-31T23:32:11.056Z",
  "type": "request",
  "endpoint": "GET /games",
  "fullUrl": "https://staging.slotegrator.com/api/index.php/v1/games",
  "headers": {
    "X-Merchant-Id": "dbb46701285c1a2e24a0bf92f00501e5",
    "X-Timestamp": "1774999931",
    "X-Nonce": "0ef75515e69f5fd4acc94234e9a602e2",
    "X-Sign": "ac9eb18f...",
    "Accept": "application/json"
  },
  "body": null,
  "params": null
}
================================================================================

{
  "timestamp": "2026-03-31T23:32:11.440Z",
  "type": "request",
  "endpoint": "GET /games",
  "fullUrl": "https://staging.slotegrator.com/api/index.php/v1/games?page=2",
  "headers": {
    "X-Merchant-Id": "dbb46701285c1a2e24a0bf92f00501e5",
    "X-Timestamp": "1774999931",
    "X-Nonce": "6d042efc6932dafdb19d0837acaf7e2d",
    "X-Sign": "70fdb01c...",
    "Accept": "application/json"
  },
  "body": null,
  "params": {
    "page": 2
  }
}
================================================================================

{
  "timestamp": "2026-03-31T23:32:11.656Z",
  "type": "request",
  "endpoint": "GET /games",
  "fullUrl": "https://staging.slotegrator.com/api/index.php/v1/games?page=2",
  "headers": {
    "X-Merchant-Id": "dbb46701285c1a2e24a0bf92f00501e5",
    "X-Timestamp": "1774999931",
    "X-Nonce": "47c5cc3648b186547394594c4dca61d5",
    "X-Sign": "b4ad69c3...",
    "Accept": "application/json"
  },
  "body": null,
  "params": {
    "page": 2
  }
}
================================================================================

{
  "timestamp": "2026-03-31T23:32:13.519Z",
  "type": "request",
  "endpoint": "GET /games",
  "fullUrl": "https://staging.slotegrator.com/api/index.php/v1/games?page=3",
  "headers": {
    "X-Merchant-Id": "dbb46701285c1a2e24a0bf92f00501e5",
    "X-Timestamp": "1774999933",
    "X-Nonce": "1ffc2d2f95f9b97b4568f5f51510b225",
    "X-Sign": "0cb976df...",
    "Accept": "application/json"
  },
  "body": null,
  "params": {
    "page": 3
  }
}
================================================================================

{
  "timestamp": "2026-03-31T23:32:13.528Z",
  "type": "request",
  "endpoint": "GET /games",
  "fullUrl": "https://staging.slotegrator.com/api/index.php/v1/games?page=3",
  "headers": {
    "X-Merchant-Id": "dbb46701285c1a2e24a0bf92f00501e5",
    "X-Timestamp": "1774999933",
    "X-Nonce": "8b249ef54af2511b3fcdbbb0e1146aca",
    "X-Sign": "2cd6ea63...",
    "Accept": "application/json"
  },
  "body": null,
  "params": {
    "page": 3
  }
}
================================================================================

{
  "timestamp": "2026-03-31T23:32:14.149Z",
  "type": "request",
  "endpoint": "GET /games",
  "fullUrl": "https://staging.slotegrator.com/api/index.php/v1/games?page=4",
  "headers": {
    "X-Merchant-Id": "dbb46701285c1a2e24a0bf92f00501e5",
    "X-Timestamp": "1774999934",
    "X-Nonce": "0b712592e28b7e8eec37bd1f769d382a",
    "X-Sign": "5214a44e...",
    "Accept": "application/json"
  },
  "body": null,
  "params": {
    "page": 4
  }
}
================================================================================

{
  "timestamp": "2026-03-31T23:32:14.159Z",
  "type": "request",
  "endpoint": "GET /games",
  "fullUrl": "https://staging.slotegrator.com/api/index.php/v1/games?page=4",
  "headers": {
    "X-Merchant-Id": "dbb46701285c1a2e24a0bf92f00501e5",
    "X-Timestamp": "1774999934",
    "X-Nonce": "67c46317b4bfcb9a2c35d0387218aa0e",
    "X-Sign": "189ad36a...",
    "Accept": "application/json"
  },
  "body": null,
  "params": {
    "page": 4
  }
}
================================================================================

{
  "timestamp": "2026-03-31T23:32:14.701Z",
  "type": "request",
  "endpoint": "GET /games",
  "fullUrl": "https://staging.slotegrator.com/api/index.php/v1/games?page=5",
  "headers": {
    "X-Merchant-Id": "dbb46701285c1a2e24a0bf92f00501e5",
    "X-Timestamp": "1774999934",
    "X-Nonce": "f9ac040912fbe0a9a375ff1e4d6df490",
    "X-Sign": "2a0849bf...",
    "Accept": "application/json"
  },
  "body": null,
  "params": {
    "page": 5
  }
}
================================================================================

{
  "timestamp": "2026-03-31T23:32:14.806Z",
  "type": "request",
  "endpoint": "GET /games",
  "fullUrl": "https://staging.slotegrator.com/api/index.php/v1/games?page=5",
  "headers": {
    "X-Merchant-Id": "dbb46701285c1a2e24a0bf92f00501e5",
    "X-Timestamp": "1774999934",
    "X-Nonce": "d5fffcdeca56a9c4a9ee57d67529ca0d",
    "X-Sign": "5e4b3ece...",
    "Accept": "application/json"
  },
  "body": null,
  "params": {
    "page": 5
  }
}
================================================================================

{
  "timestamp": "2026-03-31T23:32:15.273Z",
  "type": "request",
  "endpoint": "GET /games",
  "fullUrl": "https://staging.slotegrator.com/api/index.php/v1/games?page=6",
  "headers": {
    "X-Merchant-Id": "dbb46701285c1a2e24a0bf92f00501e5",
    "X-Timestamp": "1774999935",
    "X-Nonce": "29b3851a30b87ec012d5ed4ae7695272",
    "X-Sign": "52a31f13...",
    "Accept": "application/json"
  },
  "body": null,
  "params": {
    "page": 6
  }
}
================================================================================

{
  "timestamp": "2026-03-31T23:32:15.380Z",
  "type": "request",
  "endpoint": "GET /games",
  "fullUrl": "https://staging.slotegrator.com/api/index.php/v1/games?page=6",
  "headers": {
    "X-Merchant-Id": "dbb46701285c1a2e24a0bf92f00501e5",
    "X-Timestamp": "1774999935",
    "X-Nonce": "2e910385fc99dc5c01affaab6bf3c713",
    "X-Sign": "b2ca1453...",
    "Accept": "application/json"
  },
  "body": null,
  "params": {
    "page": 6
  }
}
================================================================================

{
  "timestamp": "2026-03-31T23:32:15.856Z",
  "type": "request",
  "endpoint": "GET /games",
  "fullUrl": "https://staging.slotegrator.com/api/index.php/v1/games?page=7",
  "headers": {
    "X-Merchant-Id": "dbb46701285c1a2e24a0bf92f00501e5",
    "X-Timestamp": "1774999935",
    "X-Nonce": "7d8a082c08d80cc0f68f3e5b2e477e6e",
    "X-Sign": "cdf77844...",
    "Accept": "application/json"
  },
  "body": null,
  "params": {
    "page": 7
  }
}
================================================================================

{
  "timestamp": "2026-03-31T23:32:15.957Z",
  "type": "request",
  "endpoint": "GET /games",
  "fullUrl": "https://staging.slotegrator.com/api/index.php/v1/games?page=7",
  "headers": {
    "X-Merchant-Id": "dbb46701285c1a2e24a0bf92f00501e5",
    "X-Timestamp": "1774999935",
    "X-Nonce": "dafd3cb9ba547a043aed2291f4e429b4",
    "X-Sign": "fd2563c3...",
    "Accept": "application/json"
  },
  "body": null,
  "params": {
    "page": 7
  }
}
================================================================================

{
  "timestamp": "2026-03-31T23:32:16.406Z",
  "type": "request",
  "endpoint": "GET /games",
  "fullUrl": "https://staging.slotegrator.com/api/index.php/v1/games?page=8",
  "headers": {
    "X-Merchant-Id": "dbb46701285c1a2e24a0bf92f00501e5",
    "X-Timestamp": "1774999936",
    "X-Nonce": "1aa5a19d75f2baf495bc695b031d4d90",
    "X-Sign": "df8ab8ad...",
    "Accept": "application/json"
  },
  "body": null,
  "params": {
    "page": 8
  }
}
================================================================================

{
  "timestamp": "2026-03-31T23:32:16.557Z",
  "type": "request",
  "endpoint": "GET /games",
  "fullUrl": "https://staging.slotegrator.com/api/index.php/v1/games?page=8",
  "headers": {
    "X-Merchant-Id": "dbb46701285c1a2e24a0bf92f00501e5",
    "X-Timestamp": "1774999936",
    "X-Nonce": "17f7030e00b0c221ef5ab4a4c72d0d39",
    "X-Sign": "f2874652...",
    "Accept": "application/json"
  },
  "body": null,
  "params": {
    "page": 8
  }
}
================================================================================

{
  "timestamp": "2026-03-31T23:32:17.023Z",
  "type": "request",
  "endpoint": "GET /games",
  "fullUrl": "https://staging.slotegrator.com/api/index.php/v1/games?page=9",
  "headers": {
    "X-Merchant-Id": "dbb46701285c1a2e24a0bf92f00501e5",
    "X-Timestamp": "1774999937",
    "X-Nonce": "452c691a62ea921555e1924da8c9ccd0",
    "X-Sign": "69e253be...",
    "Accept": "application/json"
  },
  "body": null,
  "params": {
    "page": 9
  }
}
================================================================================

{
  "timestamp": "2026-03-31T23:32:17.206Z",
  "type": "request",
  "endpoint": "GET /games",
  "fullUrl": "https://staging.slotegrator.com/api/index.php/v1/games?page=9",
  "headers": {
    "X-Merchant-Id": "dbb46701285c1a2e24a0bf92f00501e5",
    "X-Timestamp": "1774999937",
    "X-Nonce": "7b83cdb4b5ea41756ec9fef81983ba05",
    "X-Sign": "40802be5...",
    "Accept": "application/json"
  },
  "body": null,
  "params": {
    "page": 9
  }
}
================================================================================

{
  "timestamp": "2026-03-31T23:32:17.639Z",
  "type": "request",
  "endpoint": "GET /games",
  "fullUrl": "https://staging.slotegrator.com/api/index.php/v1/games?page=10",
  "headers": {
    "X-Merchant-Id": "dbb46701285c1a2e24a0bf92f00501e5",
    "X-Timestamp": "1774999937",
    "X-Nonce": "1b39eb79aff0a7acbaefa6168753afb2",
    "X-Sign": "1e4ba6ba...",
    "Accept": "application/json"
  },
  "body": null,
  "params": {
    "page": 10
  }
}
================================================================================

{
  "timestamp": "2026-03-31T23:32:17.789Z",
  "type": "request",
  "endpoint": "GET /games",
  "fullUrl": "https://staging.slotegrator.com/api/index.php/v1/games?page=10",
  "headers": {
    "X-Merchant-Id": "dbb46701285c1a2e24a0bf92f00501e5",
    "X-Timestamp": "1774999937",
    "X-Nonce": "8f69a13bd59b8fa18a5d52a2756756e7",
    "X-Sign": "fc2143ea...",
    "Accept": "application/json"
  },
  "body": null,
  "params": {
    "page": 10
  }
}
================================================================================

{
  "timestamp": "2026-03-31T23:32:18.207Z",
  "type": "request",
  "endpoint": "POST /games/init",
  "fullUrl": "https://staging.slotegrator.com/api/index.php/v1/games/init",
  "headers": {
    "X-Merchant-Id": "dbb46701285c1a2e24a0bf92f00501e5",
    "X-Timestamp": "1774999938",
    "X-Nonce": "e6202c9727f8a060efa64246c67987a1",
    "X-Sign": "0b647db2...",
    "Accept": "application/json",
    "Content-Type": "application/x-www-form-urlencoded"
  },
  "body": "game_uuid=fe38b9de0f44ac5892261d426ba39cd1aa410807&player_id=5fbW-EgviQlSB0qgLmM0Z&player_name=nanami&currency=EUR&session_id=session_5fbW-EgviQlSB0qgLmM0Z_1774999938204_oj2yyf&device=desktop&return_url=https%3A%2F%2Fboztestarea.ngrok.app&language=fr&email=nanami%40gmail.com",
  "params": {
    "game_uuid": "fe38b9de0f44ac5892261d426ba39cd1aa410807",
    "player_id": "5fbW-EgviQlSB0qgLmM0Z",
    "player_name": "nanami",
    "currency": "EUR",
    "session_id": "session_5fbW-EgviQlSB0qgLmM0Z_1774999938204_oj2yyf",
    "device": "desktop",
    "return_url": "https://boztestarea.ngrok.app",
    "language": "fr",
    "email": "nanami@gmail.com"
  }
}
================================================================================

{
  "timestamp": "2026-03-31T23:32:18.421Z",
  "type": "request",
  "endpoint": "POST /games/init",
  "fullUrl": "https://staging.slotegrator.com/api/index.php/v1/games/init",
  "headers": {
    "X-Merchant-Id": "dbb46701285c1a2e24a0bf92f00501e5",
    "X-Timestamp": "1774999938",
    "X-Nonce": "573e76fbbb700dc74e8988c184ee427a",
    "X-Sign": "589cc083...",
    "Accept": "application/json",
    "Content-Type": "application/x-www-form-urlencoded"
  },
  "body": "game_uuid=fe38b9de0f44ac5892261d426ba39cd1aa410807&player_id=5fbW-EgviQlSB0qgLmM0Z&player_name=nanami&currency=EUR&session_id=session_5fbW-EgviQlSB0qgLmM0Z_1774999938418_e5gg2&device=desktop&return_url=https%3A%2F%2Fboztestarea.ngrok.app&language=fr&email=nanami%40gmail.com",
  "params": {
    "game_uuid": "fe38b9de0f44ac5892261d426ba39cd1aa410807",
    "player_id": "5fbW-EgviQlSB0qgLmM0Z",
    "player_name": "nanami",
    "currency": "EUR",
    "session_id": "session_5fbW-EgviQlSB0qgLmM0Z_1774999938418_e5gg2",
    "device": "desktop",
    "return_url": "https://boztestarea.ngrok.app",
    "language": "fr",
    "email": "nanami@gmail.com"
  }
}
================================================================================

{
  "timestamp": "2026-03-31T23:33:52.592Z",
  "type": "request",
  "endpoint": "GET /games",
  "fullUrl": "https://staging.slotegrator.com/api/index.php/v1/games",
  "headers": {
    "X-Merchant-Id": "dbb46701285c1a2e24a0bf92f00501e5",
    "X-Timestamp": "1775000032",
    "X-Nonce": "e342316b9d4e580a2da3927fb17588ed",
    "X-Sign": "7d87abcb...",
    "Accept": "application/json"
  },
  "body": null,
  "params": null
}
================================================================================

{
  "timestamp": "2026-03-31T23:33:52.603Z",
  "type": "request",
  "endpoint": "GET /games",
  "fullUrl": "https://staging.slotegrator.com/api/index.php/v1/games",
  "headers": {
    "X-Merchant-Id": "dbb46701285c1a2e24a0bf92f00501e5",
    "X-Timestamp": "1775000032",
    "X-Nonce": "1fe9557cd7b82aad20d8547b43c66353",
    "X-Sign": "46e9ee61...",
    "Accept": "application/json"
  },
  "body": null,
  "params": null
}
================================================================================

{
  "timestamp": "2026-03-31T23:33:53.419Z",
  "type": "request",
  "endpoint": "GET /games",
  "fullUrl": "https://staging.slotegrator.com/api/index.php/v1/games?page=2",
  "headers": {
    "X-Merchant-Id": "dbb46701285c1a2e24a0bf92f00501e5",
    "X-Timestamp": "1775000033",
    "X-Nonce": "de306021e46677d72060dbeb455eb671",
    "X-Sign": "9481aec2...",
    "Accept": "application/json"
  },
  "body": null,
  "params": {
    "page": 2
  }
}
================================================================================

{
  "timestamp": "2026-03-31T23:33:53.457Z",
  "type": "request",
  "endpoint": "GET /games",
  "fullUrl": "https://staging.slotegrator.com/api/index.php/v1/games?page=2",
  "headers": {
    "X-Merchant-Id": "dbb46701285c1a2e24a0bf92f00501e5",
    "X-Timestamp": "1775000033",
    "X-Nonce": "8cc12164754bb0decf50aa5df07775fb",
    "X-Sign": "2ce7fb3b...",
    "Accept": "application/json"
  },
  "body": null,
  "params": {
    "page": 2
  }
}
================================================================================

{
  "timestamp": "2026-03-31T23:33:54.006Z",
  "type": "request",
  "endpoint": "GET /games",
  "fullUrl": "https://staging.slotegrator.com/api/index.php/v1/games?page=3",
  "headers": {
    "X-Merchant-Id": "dbb46701285c1a2e24a0bf92f00501e5",
    "X-Timestamp": "1775000034",
    "X-Nonce": "c720dcf29d67dc902b17ba0c2465e7ce",
    "X-Sign": "56c54acf...",
    "Accept": "application/json"
  },
  "body": null,
  "params": {
    "page": 3
  }
}
================================================================================

{
  "timestamp": "2026-03-31T23:33:54.053Z",
  "type": "request",
  "endpoint": "GET /games",
  "fullUrl": "https://staging.slotegrator.com/api/index.php/v1/games?page=3",
  "headers": {
    "X-Merchant-Id": "dbb46701285c1a2e24a0bf92f00501e5",
    "X-Timestamp": "1775000034",
    "X-Nonce": "76795e3aeaa76ade6e200694e6df34f3",
    "X-Sign": "8192fe9c...",
    "Accept": "application/json"
  },
  "body": null,
  "params": {
    "page": 3
  }
}
================================================================================

{
  "timestamp": "2026-03-31T23:33:54.559Z",
  "type": "request",
  "endpoint": "GET /games",
  "fullUrl": "https://staging.slotegrator.com/api/index.php/v1/games?page=4",
  "headers": {
    "X-Merchant-Id": "dbb46701285c1a2e24a0bf92f00501e5",
    "X-Timestamp": "1775000034",
    "X-Nonce": "bfd3ccc7641f69b1f6d821dee956a9bf",
    "X-Sign": "7a2f35b6...",
    "Accept": "application/json"
  },
  "body": null,
  "params": {
    "page": 4
  }
}
================================================================================

{
  "timestamp": "2026-03-31T23:33:54.602Z",
  "type": "request",
  "endpoint": "GET /games",
  "fullUrl": "https://staging.slotegrator.com/api/index.php/v1/games?page=4",
  "headers": {
    "X-Merchant-Id": "dbb46701285c1a2e24a0bf92f00501e5",
    "X-Timestamp": "1775000034",
    "X-Nonce": "68bc79f00d13ee6071052fc4af3dea9c",
    "X-Sign": "e6731aa9...",
    "Accept": "application/json"
  },
  "body": null,
  "params": {
    "page": 4
  }
}
================================================================================

{
  "timestamp": "2026-03-31T23:33:55.093Z",
  "type": "request",
  "endpoint": "GET /games",
  "fullUrl": "https://staging.slotegrator.com/api/index.php/v1/games?page=5",
  "headers": {
    "X-Merchant-Id": "dbb46701285c1a2e24a0bf92f00501e5",
    "X-Timestamp": "1775000035",
    "X-Nonce": "441de0d8eb282668dfadba4f17dc557b",
    "X-Sign": "825a779d...",
    "Accept": "application/json"
  },
  "body": null,
  "params": {
    "page": 5
  }
}
================================================================================

{
  "timestamp": "2026-03-31T23:33:55.136Z",
  "type": "request",
  "endpoint": "GET /games",
  "fullUrl": "https://staging.slotegrator.com/api/index.php/v1/games?page=5",
  "headers": {
    "X-Merchant-Id": "dbb46701285c1a2e24a0bf92f00501e5",
    "X-Timestamp": "1775000035",
    "X-Nonce": "bd11baf79bb3b4556167c8eedc0d9b84",
    "X-Sign": "61cf89be...",
    "Accept": "application/json"
  },
  "body": null,
  "params": {
    "page": 5
  }
}
================================================================================

{
  "timestamp": "2026-03-31T23:33:55.696Z",
  "type": "request",
  "endpoint": "GET /games",
  "fullUrl": "https://staging.slotegrator.com/api/index.php/v1/games",
  "headers": {
    "X-Merchant-Id": "dbb46701285c1a2e24a0bf92f00501e5",
    "X-Timestamp": "1775000035",
    "X-Nonce": "abbad0e595652818d5d87d3945868374",
    "X-Sign": "80fc14d1...",
    "Accept": "application/json"
  },
  "body": null,
  "params": null
}
================================================================================

{
  "timestamp": "2026-03-31T23:33:55.723Z",
  "type": "request",
  "endpoint": "GET /games",
  "fullUrl": "https://staging.slotegrator.com/api/index.php/v1/games",
  "headers": {
    "X-Merchant-Id": "dbb46701285c1a2e24a0bf92f00501e5",
    "X-Timestamp": "1775000035",
    "X-Nonce": "c66c49390376126af6dec4b9b8c21b99",
    "X-Sign": "f4a37d99...",
    "Accept": "application/json"
  },
  "body": null,
  "params": null
}
================================================================================

{
  "timestamp": "2026-03-31T23:33:56.249Z",
  "type": "request",
  "endpoint": "GET /games",
  "fullUrl": "https://staging.slotegrator.com/api/index.php/v1/games?page=2",
  "headers": {
    "X-Merchant-Id": "dbb46701285c1a2e24a0bf92f00501e5",
    "X-Timestamp": "1775000036",
    "X-Nonce": "2267cc78190e72788058c183e462a1f9",
    "X-Sign": "5da79862...",
    "Accept": "application/json"
  },
  "body": null,
  "params": {
    "page": 2
  }
}
================================================================================

{
  "timestamp": "2026-03-31T23:33:56.352Z",
  "type": "request",
  "endpoint": "GET /games",
  "fullUrl": "https://staging.slotegrator.com/api/index.php/v1/games?page=2",
  "headers": {
    "X-Merchant-Id": "dbb46701285c1a2e24a0bf92f00501e5",
    "X-Timestamp": "1775000036",
    "X-Nonce": "5893417cc3170d570366c1c0a60c2ee0",
    "X-Sign": "d0096f0e...",
    "Accept": "application/json"
  },
  "body": null,
  "params": {
    "page": 2
  }
}
================================================================================

{
  "timestamp": "2026-03-31T23:33:56.793Z",
  "type": "request",
  "endpoint": "GET /games",
  "fullUrl": "https://staging.slotegrator.com/api/index.php/v1/games?page=3",
  "headers": {
    "X-Merchant-Id": "dbb46701285c1a2e24a0bf92f00501e5",
    "X-Timestamp": "1775000036",
    "X-Nonce": "67e5c7873a7674a10daab4c6b2142f75",
    "X-Sign": "e64ff7f3...",
    "Accept": "application/json"
  },
  "body": null,
  "params": {
    "page": 3
  }
}
================================================================================

{
  "timestamp": "2026-03-31T23:33:56.920Z",
  "type": "request",
  "endpoint": "GET /games",
  "fullUrl": "https://staging.slotegrator.com/api/index.php/v1/games?page=3",
  "headers": {
    "X-Merchant-Id": "dbb46701285c1a2e24a0bf92f00501e5",
    "X-Timestamp": "1775000036",
    "X-Nonce": "543577b19cd5672c2ad793864d2297b0",
    "X-Sign": "1e3bfb6b...",
    "Accept": "application/json"
  },
  "body": null,
  "params": {
    "page": 3
  }
}
================================================================================

{
  "timestamp": "2026-03-31T23:33:57.339Z",
  "type": "request",
  "endpoint": "GET /games",
  "fullUrl": "https://staging.slotegrator.com/api/index.php/v1/games?page=4",
  "headers": {
    "X-Merchant-Id": "dbb46701285c1a2e24a0bf92f00501e5",
    "X-Timestamp": "1775000037",
    "X-Nonce": "78c5cec59c74e3e1464f342c98908d70",
    "X-Sign": "058bc680...",
    "Accept": "application/json"
  },
  "body": null,
  "params": {
    "page": 4
  }
}
================================================================================

{
  "timestamp": "2026-03-31T23:33:57.536Z",
  "type": "request",
  "endpoint": "GET /games",
  "fullUrl": "https://staging.slotegrator.com/api/index.php/v1/games?page=4",
  "headers": {
    "X-Merchant-Id": "dbb46701285c1a2e24a0bf92f00501e5",
    "X-Timestamp": "1775000037",
    "X-Nonce": "110080aff745bf061b608a1e5a6ffa1f",
    "X-Sign": "1628f72c...",
    "Accept": "application/json"
  },
  "body": null,
  "params": {
    "page": 4
  }
}
================================================================================

{
  "timestamp": "2026-03-31T23:33:57.970Z",
  "type": "request",
  "endpoint": "GET /games",
  "fullUrl": "https://staging.slotegrator.com/api/index.php/v1/games?page=5",
  "headers": {
    "X-Merchant-Id": "dbb46701285c1a2e24a0bf92f00501e5",
    "X-Timestamp": "1775000037",
    "X-Nonce": "567c407bd7c6b06bc92f0b16f3e649ae",
    "X-Sign": "1715e11c...",
    "Accept": "application/json"
  },
  "body": null,
  "params": {
    "page": 5
  }
}
================================================================================

{
  "timestamp": "2026-03-31T23:33:58.119Z",
  "type": "request",
  "endpoint": "GET /games",
  "fullUrl": "https://staging.slotegrator.com/api/index.php/v1/games?page=5",
  "headers": {
    "X-Merchant-Id": "dbb46701285c1a2e24a0bf92f00501e5",
    "X-Timestamp": "1775000038",
    "X-Nonce": "a64afdec1caa8a1a8cb4f7fb392127f2",
    "X-Sign": "472ceef0...",
    "Accept": "application/json"
  },
  "body": null,
  "params": {
    "page": 5
  }
}
================================================================================

{
  "timestamp": "2026-03-31T23:33:58.470Z",
  "type": "request",
  "endpoint": "GET /games",
  "fullUrl": "https://staging.slotegrator.com/api/index.php/v1/games?page=6",
  "headers": {
    "X-Merchant-Id": "dbb46701285c1a2e24a0bf92f00501e5",
    "X-Timestamp": "1775000038",
    "X-Nonce": "fc3c8cf645620658efdaf1e5ea35faef",
    "X-Sign": "e75bdabb...",
    "Accept": "application/json"
  },
  "body": null,
  "params": {
    "page": 6
  }
}
================================================================================

{
  "timestamp": "2026-03-31T23:33:58.702Z",
  "type": "request",
  "endpoint": "GET /games",
  "fullUrl": "https://staging.slotegrator.com/api/index.php/v1/games?page=6",
  "headers": {
    "X-Merchant-Id": "dbb46701285c1a2e24a0bf92f00501e5",
    "X-Timestamp": "1775000038",
    "X-Nonce": "c6c00116118fd2ead945d53c72480a1e",
    "X-Sign": "c6b38d43...",
    "Accept": "application/json"
  },
  "body": null,
  "params": {
    "page": 6
  }
}
================================================================================

{
  "timestamp": "2026-03-31T23:33:59.003Z",
  "type": "request",
  "endpoint": "GET /games",
  "fullUrl": "https://staging.slotegrator.com/api/index.php/v1/games?page=7",
  "headers": {
    "X-Merchant-Id": "dbb46701285c1a2e24a0bf92f00501e5",
    "X-Timestamp": "1775000039",
    "X-Nonce": "ab3638c0a035865a81404398c1df83c7",
    "X-Sign": "2774a6f0...",
    "Accept": "application/json"
  },
  "body": null,
  "params": {
    "page": 7
  }
}
================================================================================

{
  "timestamp": "2026-03-31T23:33:59.221Z",
  "type": "request",
  "endpoint": "GET /games",
  "fullUrl": "https://staging.slotegrator.com/api/index.php/v1/games?page=7",
  "headers": {
    "X-Merchant-Id": "dbb46701285c1a2e24a0bf92f00501e5",
    "X-Timestamp": "1775000039",
    "X-Nonce": "f51344c31b5d9aadf1e40d1e2c9b4f0b",
    "X-Sign": "6f11fb5f...",
    "Accept": "application/json"
  },
  "body": null,
  "params": {
    "page": 7
  }
}
================================================================================

{
  "timestamp": "2026-03-31T23:33:59.606Z",
  "type": "request",
  "endpoint": "GET /games",
  "fullUrl": "https://staging.slotegrator.com/api/index.php/v1/games?page=8",
  "headers": {
    "X-Merchant-Id": "dbb46701285c1a2e24a0bf92f00501e5",
    "X-Timestamp": "1775000039",
    "X-Nonce": "4e03c9e61273e3175581bc2d3f9980f9",
    "X-Sign": "3719f0e8...",
    "Accept": "application/json"
  },
  "body": null,
  "params": {
    "page": 8
  }
}
================================================================================

{
  "timestamp": "2026-03-31T23:33:59.819Z",
  "type": "request",
  "endpoint": "GET /games",
  "fullUrl": "https://staging.slotegrator.com/api/index.php/v1/games?page=8",
  "headers": {
    "X-Merchant-Id": "dbb46701285c1a2e24a0bf92f00501e5",
    "X-Timestamp": "1775000039",
    "X-Nonce": "cc3bd00df0653e2d0f1bb9a7407b2456",
    "X-Sign": "6d6a25c2...",
    "Accept": "application/json"
  },
  "body": null,
  "params": {
    "page": 8
  }
}
================================================================================

{
  "timestamp": "2026-03-31T23:34:00.185Z",
  "type": "request",
  "endpoint": "GET /games",
  "fullUrl": "https://staging.slotegrator.com/api/index.php/v1/games?page=9",
  "headers": {
    "X-Merchant-Id": "dbb46701285c1a2e24a0bf92f00501e5",
    "X-Timestamp": "1775000040",
    "X-Nonce": "7686b06554ff17a692edc257c4dff696",
    "X-Sign": "bf534784...",
    "Accept": "application/json"
  },
  "body": null,
  "params": {
    "page": 9
  }
}
================================================================================

{
  "timestamp": "2026-03-31T23:34:00.402Z",
  "type": "request",
  "endpoint": "GET /games",
  "fullUrl": "https://staging.slotegrator.com/api/index.php/v1/games?page=9",
  "headers": {
    "X-Merchant-Id": "dbb46701285c1a2e24a0bf92f00501e5",
    "X-Timestamp": "1775000040",
    "X-Nonce": "8836626ee2a51432285136c6866c150e",
    "X-Sign": "00695659...",
    "Accept": "application/json"
  },
  "body": null,
  "params": {
    "page": 9
  }
}
================================================================================

{
  "timestamp": "2026-03-31T23:34:00.686Z",
  "type": "request",
  "endpoint": "GET /games",
  "fullUrl": "https://staging.slotegrator.com/api/index.php/v1/games?page=10",
  "headers": {
    "X-Merchant-Id": "dbb46701285c1a2e24a0bf92f00501e5",
    "X-Timestamp": "1775000040",
    "X-Nonce": "39b8c644e7b9ebf48ee5586c14bd6cd7",
    "X-Sign": "b552eca5...",
    "Accept": "application/json"
  },
  "body": null,
  "params": {
    "page": 10
  }
}
================================================================================

{
  "timestamp": "2026-03-31T23:34:00.972Z",
  "type": "request",
  "endpoint": "GET /games",
  "fullUrl": "https://staging.slotegrator.com/api/index.php/v1/games?page=10",
  "headers": {
    "X-Merchant-Id": "dbb46701285c1a2e24a0bf92f00501e5",
    "X-Timestamp": "1775000040",
    "X-Nonce": "648119d641c560adcd3ddf13b29dfcdd",
    "X-Sign": "aee9384b...",
    "Accept": "application/json"
  },
  "body": null,
  "params": {
    "page": 10
  }
}
================================================================================

{
  "timestamp": "2026-03-31T23:34:01.176Z",
  "type": "request",
  "endpoint": "POST /games/init",
  "fullUrl": "https://staging.slotegrator.com/api/index.php/v1/games/init",
  "headers": {
    "X-Merchant-Id": "dbb46701285c1a2e24a0bf92f00501e5",
    "X-Timestamp": "1775000041",
    "X-Nonce": "1905615fdd866e0140191a1ec78f72fa",
    "X-Sign": "cef8fde7...",
    "Accept": "application/json",
    "Content-Type": "application/x-www-form-urlencoded"
  },
  "body": "game_uuid=fe38b9de0f44ac5892261d426ba39cd1aa410807&player_id=5fbW-EgviQlSB0qgLmM0Z&player_name=nanami&currency=EUR&session_id=session_5fbW-EgviQlSB0qgLmM0Z_1775000041174_82tr5&device=desktop&return_url=https%3A%2F%2Fboztestarea.ngrok.app&language=fr&email=nanami%40gmail.com",
  "params": {
    "game_uuid": "fe38b9de0f44ac5892261d426ba39cd1aa410807",
    "player_id": "5fbW-EgviQlSB0qgLmM0Z",
    "player_name": "nanami",
    "currency": "EUR",
    "session_id": "session_5fbW-EgviQlSB0qgLmM0Z_1775000041174_82tr5",
    "device": "desktop",
    "return_url": "https://boztestarea.ngrok.app",
    "language": "fr",
    "email": "nanami@gmail.com"
  }
}
================================================================================

{
  "timestamp": "2026-03-31T23:34:01.494Z",
  "type": "request",
  "endpoint": "POST /games/init",
  "fullUrl": "https://staging.slotegrator.com/api/index.php/v1/games/init",
  "headers": {
    "X-Merchant-Id": "dbb46701285c1a2e24a0bf92f00501e5",
    "X-Timestamp": "1775000041",
    "X-Nonce": "aa59caa6b513270996cc3d63aaf5226d",
    "X-Sign": "25347d11...",
    "Accept": "application/json",
    "Content-Type": "application/x-www-form-urlencoded"
  },
  "body": "game_uuid=fe38b9de0f44ac5892261d426ba39cd1aa410807&player_id=5fbW-EgviQlSB0qgLmM0Z&player_name=nanami&currency=EUR&session_id=session_5fbW-EgviQlSB0qgLmM0Z_1775000041493_1e8pf8&device=desktop&return_url=https%3A%2F%2Fboztestarea.ngrok.app&language=fr&email=nanami%40gmail.com",
  "params": {
    "game_uuid": "fe38b9de0f44ac5892261d426ba39cd1aa410807",
    "player_id": "5fbW-EgviQlSB0qgLmM0Z",
    "player_name": "nanami",
    "currency": "EUR",
    "session_id": "session_5fbW-EgviQlSB0qgLmM0Z_1775000041493_1e8pf8",
    "device": "desktop",
    "return_url": "https://boztestarea.ngrok.app",
    "language": "fr",
    "email": "nanami@gmail.com"
  }
}
================================================================================

{
  "timestamp": "2026-03-31T23:35:22.175Z",
  "type": "request",
  "endpoint": "POST /self-validate",
  "fullUrl": "https://staging.slotegrator.com/api/index.php/v1/self-validate",
  "headers": {
    "X-Merchant-Id": "dbb46701285c1a2e24a0bf92f00501e5",
    "X-Timestamp": "1775000122",
    "X-Nonce": "b1cf94052f1c26ca05496f6c64194466",
    "X-Sign": "024c06c5...",
    "Accept": "application/json",
    "Content-Type": "application/x-www-form-urlencoded"
  },
  "body": null,
  "params": null
}
================================================================================

{
  "timestamp": "2026-03-31T23:36:20.168Z",
  "type": "request",
  "endpoint": "GET /games",
  "fullUrl": "https://staging.slotegrator.com/api/index.php/v1/games",
  "headers": {
    "X-Merchant-Id": "dbb46701285c1a2e24a0bf92f00501e5",
    "X-Timestamp": "1775000180",
    "X-Nonce": "c2632fb2f65039a8c1827fd10eabc2d8",
    "X-Sign": "683caafe...",
    "Accept": "application/json"
  },
  "body": null,
  "params": null
}
================================================================================

{
  "timestamp": "2026-03-31T23:36:20.186Z",
  "type": "request",
  "endpoint": "GET /games",
  "fullUrl": "https://staging.slotegrator.com/api/index.php/v1/games",
  "headers": {
    "X-Merchant-Id": "dbb46701285c1a2e24a0bf92f00501e5",
    "X-Timestamp": "1775000180",
    "X-Nonce": "fe6b0f68712c4b06a68740987158c280",
    "X-Sign": "ec9934bd...",
    "Accept": "application/json"
  },
  "body": null,
  "params": null
}
================================================================================

{
  "timestamp": "2026-03-31T23:36:21.038Z",
  "type": "request",
  "endpoint": "GET /games",
  "fullUrl": "https://staging.slotegrator.com/api/index.php/v1/games?page=2",
  "headers": {
    "X-Merchant-Id": "dbb46701285c1a2e24a0bf92f00501e5",
    "X-Timestamp": "1775000181",
    "X-Nonce": "a54333e4a8775dc2d03206be79cd45e2",
    "X-Sign": "df8291d7...",
    "Accept": "application/json"
  },
  "body": null,
  "params": {
    "page": 2
  }
}
================================================================================

{
  "timestamp": "2026-03-31T23:36:21.081Z",
  "type": "request",
  "endpoint": "GET /games",
  "fullUrl": "https://staging.slotegrator.com/api/index.php/v1/games?page=2",
  "headers": {
    "X-Merchant-Id": "dbb46701285c1a2e24a0bf92f00501e5",
    "X-Timestamp": "1775000181",
    "X-Nonce": "1f2ea000c5cf61b031a7ca1cdc00954d",
    "X-Sign": "a98f10c9...",
    "Accept": "application/json"
  },
  "body": null,
  "params": {
    "page": 2
  }
}
================================================================================

{
  "timestamp": "2026-03-31T23:36:21.585Z",
  "type": "request",
  "endpoint": "GET /games",
  "fullUrl": "https://staging.slotegrator.com/api/index.php/v1/games?page=3",
  "headers": {
    "X-Merchant-Id": "dbb46701285c1a2e24a0bf92f00501e5",
    "X-Timestamp": "1775000181",
    "X-Nonce": "263498edd850e695ed0f181ae145b325",
    "X-Sign": "169cbef8...",
    "Accept": "application/json"
  },
  "body": null,
  "params": {
    "page": 3
  }
}
================================================================================

{
  "timestamp": "2026-03-31T23:36:21.634Z",
  "type": "request",
  "endpoint": "GET /games",
  "fullUrl": "https://staging.slotegrator.com/api/index.php/v1/games?page=3",
  "headers": {
    "X-Merchant-Id": "dbb46701285c1a2e24a0bf92f00501e5",
    "X-Timestamp": "1775000181",
    "X-Nonce": "d65a0becfc3d9c95946c6f8419abad60",
    "X-Sign": "66db040c...",
    "Accept": "application/json"
  },
  "body": null,
  "params": {
    "page": 3
  }
}
================================================================================

{
  "timestamp": "2026-03-31T23:36:22.164Z",
  "type": "request",
  "endpoint": "GET /games",
  "fullUrl": "https://staging.slotegrator.com/api/index.php/v1/games?page=4",
  "headers": {
    "X-Merchant-Id": "dbb46701285c1a2e24a0bf92f00501e5",
    "X-Timestamp": "1775000182",
    "X-Nonce": "25f210a6700341085e0568b6e59b8078",
    "X-Sign": "15775efa...",
    "Accept": "application/json"
  },
  "body": null,
  "params": {
    "page": 4
  }
}
================================================================================

{
  "timestamp": "2026-03-31T23:36:22.216Z",
  "type": "request",
  "endpoint": "GET /games",
  "fullUrl": "https://staging.slotegrator.com/api/index.php/v1/games?page=4",
  "headers": {
    "X-Merchant-Id": "dbb46701285c1a2e24a0bf92f00501e5",
    "X-Timestamp": "1775000182",
    "X-Nonce": "49f3470403c9f44144b0086dd60a5e0d",
    "X-Sign": "91239e8b...",
    "Accept": "application/json"
  },
  "body": null,
  "params": {
    "page": 4
  }
}
================================================================================

{
  "timestamp": "2026-03-31T23:36:22.764Z",
  "type": "request",
  "endpoint": "GET /games",
  "fullUrl": "https://staging.slotegrator.com/api/index.php/v1/games?page=5",
  "headers": {
    "X-Merchant-Id": "dbb46701285c1a2e24a0bf92f00501e5",
    "X-Timestamp": "1775000182",
    "X-Nonce": "61094810c43a3f64ea48fd89c7133a01",
    "X-Sign": "4d48370e...",
    "Accept": "application/json"
  },
  "body": null,
  "params": {
    "page": 5
  }
}
================================================================================

{
  "timestamp": "2026-03-31T23:36:22.808Z",
  "type": "request",
  "endpoint": "GET /games",
  "fullUrl": "https://staging.slotegrator.com/api/index.php/v1/games?page=5",
  "headers": {
    "X-Merchant-Id": "dbb46701285c1a2e24a0bf92f00501e5",
    "X-Timestamp": "1775000182",
    "X-Nonce": "df754df157b8ad66bbec81b3409fefdd",
    "X-Sign": "b62464ae...",
    "Accept": "application/json"
  },
  "body": null,
  "params": {
    "page": 5
  }
}
================================================================================

{
  "timestamp": "2026-03-31T23:36:23.317Z",
  "type": "request",
  "endpoint": "GET /games",
  "fullUrl": "https://staging.slotegrator.com/api/index.php/v1/games",
  "headers": {
    "X-Merchant-Id": "dbb46701285c1a2e24a0bf92f00501e5",
    "X-Timestamp": "1775000183",
    "X-Nonce": "6e9578f35ad10bd88d4a9988ff79e3d0",
    "X-Sign": "59dcd19a...",
    "Accept": "application/json"
  },
  "body": null,
  "params": null
}
================================================================================

{
  "timestamp": "2026-03-31T23:36:23.354Z",
  "type": "request",
  "endpoint": "GET /games",
  "fullUrl": "https://staging.slotegrator.com/api/index.php/v1/games",
  "headers": {
    "X-Merchant-Id": "dbb46701285c1a2e24a0bf92f00501e5",
    "X-Timestamp": "1775000183",
    "X-Nonce": "f2ce38c4a48514d072633116c2ef4e5b",
    "X-Sign": "2ff9e4f9...",
    "Accept": "application/json"
  },
  "body": null,
  "params": null
}
================================================================================

{
  "timestamp": "2026-03-31T23:36:23.873Z",
  "type": "request",
  "endpoint": "GET /games",
  "fullUrl": "https://staging.slotegrator.com/api/index.php/v1/games?page=2",
  "headers": {
    "X-Merchant-Id": "dbb46701285c1a2e24a0bf92f00501e5",
    "X-Timestamp": "1775000183",
    "X-Nonce": "7f7a547c0cb44da7e73f4e2607eaffa2",
    "X-Sign": "03550e87...",
    "Accept": "application/json"
  },
  "body": null,
  "params": {
    "page": 2
  }
}
================================================================================

{
  "timestamp": "2026-03-31T23:36:23.931Z",
  "type": "request",
  "endpoint": "GET /games",
  "fullUrl": "https://staging.slotegrator.com/api/index.php/v1/games?page=2",
  "headers": {
    "X-Merchant-Id": "dbb46701285c1a2e24a0bf92f00501e5",
    "X-Timestamp": "1775000183",
    "X-Nonce": "a5ea76d2ebc79a276012ac2210f0fb16",
    "X-Sign": "db63526d...",
    "Accept": "application/json"
  },
  "body": null,
  "params": {
    "page": 2
  }
}
================================================================================

{
  "timestamp": "2026-03-31T23:36:24.449Z",
  "type": "request",
  "endpoint": "GET /games",
  "fullUrl": "https://staging.slotegrator.com/api/index.php/v1/games?page=3",
  "headers": {
    "X-Merchant-Id": "dbb46701285c1a2e24a0bf92f00501e5",
    "X-Timestamp": "1775000184",
    "X-Nonce": "266d04398139fedd69289745925ab6c5",
    "X-Sign": "ef2dc734...",
    "Accept": "application/json"
  },
  "body": null,
  "params": {
    "page": 3
  }
}
================================================================================

{
  "timestamp": "2026-03-31T23:36:24.599Z",
  "type": "request",
  "endpoint": "GET /games",
  "fullUrl": "https://staging.slotegrator.com/api/index.php/v1/games?page=3",
  "headers": {
    "X-Merchant-Id": "dbb46701285c1a2e24a0bf92f00501e5",
    "X-Timestamp": "1775000184",
    "X-Nonce": "47d62ab7df905556c271064f81a8cf8d",
    "X-Sign": "4f2050fd...",
    "Accept": "application/json"
  },
  "body": null,
  "params": {
    "page": 3
  }
}
================================================================================

{
  "timestamp": "2026-03-31T23:36:24.966Z",
  "type": "request",
  "endpoint": "GET /games",
  "fullUrl": "https://staging.slotegrator.com/api/index.php/v1/games?page=4",
  "headers": {
    "X-Merchant-Id": "dbb46701285c1a2e24a0bf92f00501e5",
    "X-Timestamp": "1775000184",
    "X-Nonce": "36eb9d488263a357f3c17e31ea714389",
    "X-Sign": "bac0aa4d...",
    "Accept": "application/json"
  },
  "body": null,
  "params": {
    "page": 4
  }
}
================================================================================

{
  "timestamp": "2026-03-31T23:36:25.167Z",
  "type": "request",
  "endpoint": "GET /games",
  "fullUrl": "https://staging.slotegrator.com/api/index.php/v1/games?page=4",
  "headers": {
    "X-Merchant-Id": "dbb46701285c1a2e24a0bf92f00501e5",
    "X-Timestamp": "1775000185",
    "X-Nonce": "f67bfdcee0231b4e531fd42c72ebec7a",
    "X-Sign": "eb2e23d1...",
    "Accept": "application/json"
  },
  "body": null,
  "params": {
    "page": 4
  }
}
================================================================================

{
  "timestamp": "2026-03-31T23:36:25.567Z",
  "type": "request",
  "endpoint": "GET /games",
  "fullUrl": "https://staging.slotegrator.com/api/index.php/v1/games?page=5",
  "headers": {
    "X-Merchant-Id": "dbb46701285c1a2e24a0bf92f00501e5",
    "X-Timestamp": "1775000185",
    "X-Nonce": "e2cdc06d2b6960d926c8446bb0c8d384",
    "X-Sign": "a515ead3...",
    "Accept": "application/json"
  },
  "body": null,
  "params": {
    "page": 5
  }
}
================================================================================

{
  "timestamp": "2026-03-31T23:36:25.733Z",
  "type": "request",
  "endpoint": "GET /games",
  "fullUrl": "https://staging.slotegrator.com/api/index.php/v1/games?page=5",
  "headers": {
    "X-Merchant-Id": "dbb46701285c1a2e24a0bf92f00501e5",
    "X-Timestamp": "1775000185",
    "X-Nonce": "edc3a2e2416c4ef717c1f8b8ae604228",
    "X-Sign": "c475ab54...",
    "Accept": "application/json"
  },
  "body": null,
  "params": {
    "page": 5
  }
}
================================================================================

{
  "timestamp": "2026-03-31T23:36:26.170Z",
  "type": "request",
  "endpoint": "GET /games",
  "fullUrl": "https://staging.slotegrator.com/api/index.php/v1/games?page=6",
  "headers": {
    "X-Merchant-Id": "dbb46701285c1a2e24a0bf92f00501e5",
    "X-Timestamp": "1775000186",
    "X-Nonce": "b842b08f5da3e069267fd320194604d8",
    "X-Sign": "17674493...",
    "Accept": "application/json"
  },
  "body": null,
  "params": {
    "page": 6
  }
}
================================================================================

{
  "timestamp": "2026-03-31T23:36:26.300Z",
  "type": "request",
  "endpoint": "GET /games",
  "fullUrl": "https://staging.slotegrator.com/api/index.php/v1/games?page=6",
  "headers": {
    "X-Merchant-Id": "dbb46701285c1a2e24a0bf92f00501e5",
    "X-Timestamp": "1775000186",
    "X-Nonce": "a12cf22ea00f4f5e499411d0ebbf8c6a",
    "X-Sign": "0523b815...",
    "Accept": "application/json"
  },
  "body": null,
  "params": {
    "page": 6
  }
}
================================================================================

{
  "timestamp": "2026-03-31T23:36:26.715Z",
  "type": "request",
  "endpoint": "GET /games",
  "fullUrl": "https://staging.slotegrator.com/api/index.php/v1/games?page=7",
  "headers": {
    "X-Merchant-Id": "dbb46701285c1a2e24a0bf92f00501e5",
    "X-Timestamp": "1775000186",
    "X-Nonce": "2123ddc5886f489fd60a3eda1c80aafc",
    "X-Sign": "dd9f97d9...",
    "Accept": "application/json"
  },
  "body": null,
  "params": {
    "page": 7
  }
}
================================================================================

{
  "timestamp": "2026-03-31T23:36:26.831Z",
  "type": "request",
  "endpoint": "GET /games",
  "fullUrl": "https://staging.slotegrator.com/api/index.php/v1/games?page=7",
  "headers": {
    "X-Merchant-Id": "dbb46701285c1a2e24a0bf92f00501e5",
    "X-Timestamp": "1775000186",
    "X-Nonce": "b1ef70a39b7848ad30e380a6feb5bd12",
    "X-Sign": "5d96aa46...",
    "Accept": "application/json"
  },
  "body": null,
  "params": {
    "page": 7
  }
}
================================================================================

{
  "timestamp": "2026-03-31T23:36:27.294Z",
  "type": "request",
  "endpoint": "GET /games",
  "fullUrl": "https://staging.slotegrator.com/api/index.php/v1/games?page=8",
  "headers": {
    "X-Merchant-Id": "dbb46701285c1a2e24a0bf92f00501e5",
    "X-Timestamp": "1775000187",
    "X-Nonce": "aa34b76ddf41fa31aecb0a608652b098",
    "X-Sign": "7c3835fd...",
    "Accept": "application/json"
  },
  "body": null,
  "params": {
    "page": 8
  }
}
================================================================================

{
  "timestamp": "2026-03-31T23:36:27.400Z",
  "type": "request",
  "endpoint": "GET /games",
  "fullUrl": "https://staging.slotegrator.com/api/index.php/v1/games?page=8",
  "headers": {
    "X-Merchant-Id": "dbb46701285c1a2e24a0bf92f00501e5",
    "X-Timestamp": "1775000187",
    "X-Nonce": "62052b4f8ea3818be433394a62703217",
    "X-Sign": "fe1c3576...",
    "Accept": "application/json"
  },
  "body": null,
  "params": {
    "page": 8
  }
}
================================================================================

{
  "timestamp": "2026-03-31T23:36:27.849Z",
  "type": "request",
  "endpoint": "GET /games",
  "fullUrl": "https://staging.slotegrator.com/api/index.php/v1/games?page=9",
  "headers": {
    "X-Merchant-Id": "dbb46701285c1a2e24a0bf92f00501e5",
    "X-Timestamp": "1775000187",
    "X-Nonce": "f9e94c2a4a9a595ffe5c9fd1dfd72a49",
    "X-Sign": "ecb7b6dc...",
    "Accept": "application/json"
  },
  "body": null,
  "params": {
    "page": 9
  }
}
================================================================================

{
  "timestamp": "2026-03-31T23:36:27.958Z",
  "type": "request",
  "endpoint": "GET /games",
  "fullUrl": "https://staging.slotegrator.com/api/index.php/v1/games?page=9",
  "headers": {
    "X-Merchant-Id": "dbb46701285c1a2e24a0bf92f00501e5",
    "X-Timestamp": "1775000187",
    "X-Nonce": "7ca85873be96a826f1f52c6f4e05bca7",
    "X-Sign": "70324cbd...",
    "Accept": "application/json"
  },
  "body": null,
  "params": {
    "page": 9
  }
}
================================================================================

{
  "timestamp": "2026-03-31T23:36:28.440Z",
  "type": "request",
  "endpoint": "GET /games",
  "fullUrl": "https://staging.slotegrator.com/api/index.php/v1/games?page=10",
  "headers": {
    "X-Merchant-Id": "dbb46701285c1a2e24a0bf92f00501e5",
    "X-Timestamp": "1775000188",
    "X-Nonce": "a8c16fea366951a0d831326b99d74949",
    "X-Sign": "62fa3d3e...",
    "Accept": "application/json"
  },
  "body": null,
  "params": {
    "page": 10
  }
}
================================================================================

{
  "timestamp": "2026-03-31T23:36:28.518Z",
  "type": "request",
  "endpoint": "GET /games",
  "fullUrl": "https://staging.slotegrator.com/api/index.php/v1/games?page=10",
  "headers": {
    "X-Merchant-Id": "dbb46701285c1a2e24a0bf92f00501e5",
    "X-Timestamp": "1775000188",
    "X-Nonce": "af6675f54b552ec30f7ed97933a3c816",
    "X-Sign": "7d6d3a0b...",
    "Accept": "application/json"
  },
  "body": null,
  "params": {
    "page": 10
  }
}
================================================================================

{
  "timestamp": "2026-03-31T23:36:28.982Z",
  "type": "request",
  "endpoint": "POST /games/init",
  "fullUrl": "https://staging.slotegrator.com/api/index.php/v1/games/init",
  "headers": {
    "X-Merchant-Id": "dbb46701285c1a2e24a0bf92f00501e5",
    "X-Timestamp": "1775000188",
    "X-Nonce": "597c2e360e967635e314f7a1dcce8bdc",
    "X-Sign": "55345214...",
    "Accept": "application/json",
    "Content-Type": "application/x-www-form-urlencoded"
  },
  "body": "game_uuid=fe38b9de0f44ac5892261d426ba39cd1aa410807&player_id=5fbW-EgviQlSB0qgLmM0Z&player_name=nanami&currency=EUR&session_id=session_5fbW-EgviQlSB0qgLmM0Z_1775000188980_g1ccg&device=desktop&return_url=https%3A%2F%2Fboztestarea.ngrok.app&language=fr&email=nanami%40gmail.com",
  "params": {
    "game_uuid": "fe38b9de0f44ac5892261d426ba39cd1aa410807",
    "player_id": "5fbW-EgviQlSB0qgLmM0Z",
    "player_name": "nanami",
    "currency": "EUR",
    "session_id": "session_5fbW-EgviQlSB0qgLmM0Z_1775000188980_g1ccg",
    "device": "desktop",
    "return_url": "https://boztestarea.ngrok.app",
    "language": "fr",
    "email": "nanami@gmail.com"
  }
}
================================================================================

{
  "timestamp": "2026-03-31T23:36:29.021Z",
  "type": "request",
  "endpoint": "POST /games/init",
  "fullUrl": "https://staging.slotegrator.com/api/index.php/v1/games/init",
  "headers": {
    "X-Merchant-Id": "dbb46701285c1a2e24a0bf92f00501e5",
    "X-Timestamp": "1775000189",
    "X-Nonce": "7211fc0fe9418bcec0457308288a49d1",
    "X-Sign": "2809d924...",
    "Accept": "application/json",
    "Content-Type": "application/x-www-form-urlencoded"
  },
  "body": "game_uuid=fe38b9de0f44ac5892261d426ba39cd1aa410807&player_id=5fbW-EgviQlSB0qgLmM0Z&player_name=nanami&currency=EUR&session_id=session_5fbW-EgviQlSB0qgLmM0Z_1775000189020_zubmfxo&device=desktop&return_url=https%3A%2F%2Fboztestarea.ngrok.app&language=fr&email=nanami%40gmail.com",
  "params": {
    "game_uuid": "fe38b9de0f44ac5892261d426ba39cd1aa410807",
    "player_id": "5fbW-EgviQlSB0qgLmM0Z",
    "player_name": "nanami",
    "currency": "EUR",
    "session_id": "session_5fbW-EgviQlSB0qgLmM0Z_1775000189020_zubmfxo",
    "device": "desktop",
    "return_url": "https://boztestarea.ngrok.app",
    "language": "fr",
    "email": "nanami@gmail.com"
  }
}
================================================================================

{
  "timestamp": "2026-03-31T23:37:03.247Z",
  "type": "request",
  "endpoint": "POST /self-validate",
  "fullUrl": "https://staging.slotegrator.com/api/index.php/v1/self-validate",
  "headers": {
    "X-Merchant-Id": "dbb46701285c1a2e24a0bf92f00501e5",
    "X-Timestamp": "1775000223",
    "X-Nonce": "beac0fef59311e605d8fbe69342920d9",
    "X-Sign": "418a8394...",
    "Accept": "application/json",
    "Content-Type": "application/x-www-form-urlencoded"
  },
  "body": null,
  "params": null
}
================================================================================

{
  "timestamp": "2026-03-31T23:38:22.702Z",
  "type": "request",
  "endpoint": "POST /self-validate",
  "fullUrl": "https://staging.slotegrator.com/api/index.php/v1/self-validate",
  "headers": {
    "X-Merchant-Id": "dbb46701285c1a2e24a0bf92f00501e5",
    "X-Timestamp": "1775000302",
    "X-Nonce": "e0dcaa5676eaa366152727af3ebf123c",
    "X-Sign": "9b899de4...",
    "Accept": "application/json",
    "Content-Type": "application/x-www-form-urlencoded"
  },
  "body": null,
  "params": null
}
================================================================================

{
  "timestamp": "2026-03-31T23:39:07.362Z",
  "type": "request",
  "endpoint": "GET /limits",
  "fullUrl": "https://staging.slotegrator.com/api/index.php/v1/limits",
  "headers": {
    "X-Merchant-Id": "dbb46701285c1a2e24a0bf92f00501e5",
    "X-Timestamp": "1775000347",
    "X-Nonce": "7af4a38a5efb626fb942a6558107409d",
    "X-Sign": "d747b86c...",
    "Accept": "application/json"
  },
  "body": null,
  "params": null
}
================================================================================

{
  "timestamp": "2026-03-31T23:39:07.637Z",
  "type": "request",
  "endpoint": "GET /games",
  "fullUrl": "https://staging.slotegrator.com/api/index.php/v1/games",
  "headers": {
    "X-Merchant-Id": "dbb46701285c1a2e24a0bf92f00501e5",
    "X-Timestamp": "1775000347",
    "X-Nonce": "9f5fe92ddae2ea9c56776c508b657e9f",
    "X-Sign": "3f1630aa...",
    "Accept": "application/json"
  },
  "body": null,
  "params": null
}
================================================================================

{
  "timestamp": "2026-03-31T23:39:07.651Z",
  "type": "request",
  "endpoint": "GET /games",
  "fullUrl": "https://staging.slotegrator.com/api/index.php/v1/games",
  "headers": {
    "X-Merchant-Id": "dbb46701285c1a2e24a0bf92f00501e5",
    "X-Timestamp": "1775000347",
    "X-Nonce": "598c30541de58908b63a460d0750bf91",
    "X-Sign": "b9d04c7b...",
    "Accept": "application/json"
  },
  "body": null,
  "params": null
}
================================================================================

{
  "timestamp": "2026-03-31T23:39:08.245Z",
  "type": "request",
  "endpoint": "GET /games",
  "fullUrl": "https://staging.slotegrator.com/api/index.php/v1/games?page=2",
  "headers": {
    "X-Merchant-Id": "dbb46701285c1a2e24a0bf92f00501e5",
    "X-Timestamp": "1775000348",
    "X-Nonce": "7ba490cfdb30a99b3bbd816587e9889f",
    "X-Sign": "81a7bf98...",
    "Accept": "application/json"
  },
  "body": null,
  "params": {
    "page": 2
  }
}
================================================================================

{
  "timestamp": "2026-03-31T23:39:08.408Z",
  "type": "request",
  "endpoint": "GET /games",
  "fullUrl": "https://staging.slotegrator.com/api/index.php/v1/games?page=2",
  "headers": {
    "X-Merchant-Id": "dbb46701285c1a2e24a0bf92f00501e5",
    "X-Timestamp": "1775000348",
    "X-Nonce": "1ab94ef10890a0072fc10c8fa2775d05",
    "X-Sign": "f66ac6f3...",
    "Accept": "application/json"
  },
  "body": null,
  "params": {
    "page": 2
  }
}
================================================================================

{
  "timestamp": "2026-03-31T23:39:08.894Z",
  "type": "request",
  "endpoint": "GET /games",
  "fullUrl": "https://staging.slotegrator.com/api/index.php/v1/games?page=3",
  "headers": {
    "X-Merchant-Id": "dbb46701285c1a2e24a0bf92f00501e5",
    "X-Timestamp": "1775000348",
    "X-Nonce": "9c55867e2ce8ca7c1fb3af336ab923e6",
    "X-Sign": "5f5c1948...",
    "Accept": "application/json"
  },
  "body": null,
  "params": {
    "page": 3
  }
}
================================================================================

{
  "timestamp": "2026-03-31T23:39:09.126Z",
  "type": "request",
  "endpoint": "GET /games",
  "fullUrl": "https://staging.slotegrator.com/api/index.php/v1/games?page=3",
  "headers": {
    "X-Merchant-Id": "dbb46701285c1a2e24a0bf92f00501e5",
    "X-Timestamp": "1775000349",
    "X-Nonce": "96fbb62217392250ac33a1f6c7d46487",
    "X-Sign": "398dec82...",
    "Accept": "application/json"
  },
  "body": null,
  "params": {
    "page": 3
  }
}
================================================================================

{
  "timestamp": "2026-03-31T23:39:09.544Z",
  "type": "request",
  "endpoint": "GET /games",
  "fullUrl": "https://staging.slotegrator.com/api/index.php/v1/games?page=4",
  "headers": {
    "X-Merchant-Id": "dbb46701285c1a2e24a0bf92f00501e5",
    "X-Timestamp": "1775000349",
    "X-Nonce": "023da0589919c89a1076f72922cbe7ee",
    "X-Sign": "dccb497b...",
    "Accept": "application/json"
  },
  "body": null,
  "params": {
    "page": 4
  }
}
================================================================================

{
  "timestamp": "2026-03-31T23:39:09.760Z",
  "type": "request",
  "endpoint": "GET /games",
  "fullUrl": "https://staging.slotegrator.com/api/index.php/v1/games?page=4",
  "headers": {
    "X-Merchant-Id": "dbb46701285c1a2e24a0bf92f00501e5",
    "X-Timestamp": "1775000349",
    "X-Nonce": "a7e7600a6d9e93023ff4472a0435e196",
    "X-Sign": "cdcb00b5...",
    "Accept": "application/json"
  },
  "body": null,
  "params": {
    "page": 4
  }
}
================================================================================

{
  "timestamp": "2026-03-31T23:39:10.179Z",
  "type": "request",
  "endpoint": "GET /games",
  "fullUrl": "https://staging.slotegrator.com/api/index.php/v1/games?page=5",
  "headers": {
    "X-Merchant-Id": "dbb46701285c1a2e24a0bf92f00501e5",
    "X-Timestamp": "1775000350",
    "X-Nonce": "f22a13564ba7efb0e1a8f29a91ae1ed3",
    "X-Sign": "f451477e...",
    "Accept": "application/json"
  },
  "body": null,
  "params": {
    "page": 5
  }
}
================================================================================

{
  "timestamp": "2026-03-31T23:39:10.412Z",
  "type": "request",
  "endpoint": "GET /games",
  "fullUrl": "https://staging.slotegrator.com/api/index.php/v1/games?page=5",
  "headers": {
    "X-Merchant-Id": "dbb46701285c1a2e24a0bf92f00501e5",
    "X-Timestamp": "1775000350",
    "X-Nonce": "2747ba197079a8010fc08fadbbadd958",
    "X-Sign": "20fcaf9b...",
    "Accept": "application/json"
  },
  "body": null,
  "params": {
    "page": 5
  }
}
================================================================================

{
  "timestamp": "2026-03-31T23:39:10.772Z",
  "type": "request",
  "endpoint": "GET /games",
  "fullUrl": "https://staging.slotegrator.com/api/index.php/v1/games",
  "headers": {
    "X-Merchant-Id": "dbb46701285c1a2e24a0bf92f00501e5",
    "X-Timestamp": "1775000350",
    "X-Nonce": "847ebd250562f1bfb01d5b7aeca352d8",
    "X-Sign": "bedcf778...",
    "Accept": "application/json"
  },
  "body": null,
  "params": null
}
================================================================================

{
  "timestamp": "2026-03-31T23:39:10.976Z",
  "type": "request",
  "endpoint": "GET /games",
  "fullUrl": "https://staging.slotegrator.com/api/index.php/v1/games",
  "headers": {
    "X-Merchant-Id": "dbb46701285c1a2e24a0bf92f00501e5",
    "X-Timestamp": "1775000350",
    "X-Nonce": "af54655c759e3f80b874d9e74310cbf0",
    "X-Sign": "6b0eb093...",
    "Accept": "application/json"
  },
  "body": null,
  "params": null
}
================================================================================

{
  "timestamp": "2026-03-31T23:39:11.445Z",
  "type": "request",
  "endpoint": "GET /games",
  "fullUrl": "https://staging.slotegrator.com/api/index.php/v1/games?page=2",
  "headers": {
    "X-Merchant-Id": "dbb46701285c1a2e24a0bf92f00501e5",
    "X-Timestamp": "1775000351",
    "X-Nonce": "20efad5b54e1112d3c58357c64b6a375",
    "X-Sign": "42bc81b4...",
    "Accept": "application/json"
  },
  "body": null,
  "params": {
    "page": 2
  }
}
================================================================================

{
  "timestamp": "2026-03-31T23:39:11.594Z",
  "type": "request",
  "endpoint": "GET /games",
  "fullUrl": "https://staging.slotegrator.com/api/index.php/v1/games?page=2",
  "headers": {
    "X-Merchant-Id": "dbb46701285c1a2e24a0bf92f00501e5",
    "X-Timestamp": "1775000351",
    "X-Nonce": "f3cf26e821aa3cb0da5d24185906d45d",
    "X-Sign": "708deceb...",
    "Accept": "application/json"
  },
  "body": null,
  "params": {
    "page": 2
  }
}
================================================================================

{
  "timestamp": "2026-03-31T23:39:12.044Z",
  "type": "request",
  "endpoint": "GET /games",
  "fullUrl": "https://staging.slotegrator.com/api/index.php/v1/games?page=3",
  "headers": {
    "X-Merchant-Id": "dbb46701285c1a2e24a0bf92f00501e5",
    "X-Timestamp": "1775000352",
    "X-Nonce": "aaa3f93f7cde40f083e21c7fdade8c67",
    "X-Sign": "5b0e69fd...",
    "Accept": "application/json"
  },
  "body": null,
  "params": {
    "page": 3
  }
}
================================================================================

{
  "timestamp": "2026-03-31T23:39:12.228Z",
  "type": "request",
  "endpoint": "GET /games",
  "fullUrl": "https://staging.slotegrator.com/api/index.php/v1/games?page=3",
  "headers": {
    "X-Merchant-Id": "dbb46701285c1a2e24a0bf92f00501e5",
    "X-Timestamp": "1775000352",
    "X-Nonce": "0407cc39012a3fa9e4689f9cd78e4a93",
    "X-Sign": "0b683d07...",
    "Accept": "application/json"
  },
  "body": null,
  "params": {
    "page": 3
  }
}
================================================================================

{
  "timestamp": "2026-03-31T23:39:12.658Z",
  "type": "request",
  "endpoint": "GET /games",
  "fullUrl": "https://staging.slotegrator.com/api/index.php/v1/games?page=4",
  "headers": {
    "X-Merchant-Id": "dbb46701285c1a2e24a0bf92f00501e5",
    "X-Timestamp": "1775000352",
    "X-Nonce": "790701fc19c3338d9bf120455b717ad2",
    "X-Sign": "56760ddd...",
    "Accept": "application/json"
  },
  "body": null,
  "params": {
    "page": 4
  }
}
================================================================================

{
  "timestamp": "2026-03-31T23:39:12.828Z",
  "type": "request",
  "endpoint": "GET /games",
  "fullUrl": "https://staging.slotegrator.com/api/index.php/v1/games?page=4",
  "headers": {
    "X-Merchant-Id": "dbb46701285c1a2e24a0bf92f00501e5",
    "X-Timestamp": "1775000352",
    "X-Nonce": "e3e33c6169136166dd40c1d7cb4dd3ca",
    "X-Sign": "d335fb9f...",
    "Accept": "application/json"
  },
  "body": null,
  "params": {
    "page": 4
  }
}
================================================================================

{
  "timestamp": "2026-03-31T23:39:13.278Z",
  "type": "request",
  "endpoint": "GET /games",
  "fullUrl": "https://staging.slotegrator.com/api/index.php/v1/games?page=5",
  "headers": {
    "X-Merchant-Id": "dbb46701285c1a2e24a0bf92f00501e5",
    "X-Timestamp": "1775000353",
    "X-Nonce": "fa600c84fc5bc8c8035802753f2d887a",
    "X-Sign": "4e15b615...",
    "Accept": "application/json"
  },
  "body": null,
  "params": {
    "page": 5
  }
}
================================================================================

{
  "timestamp": "2026-03-31T23:39:13.444Z",
  "type": "request",
  "endpoint": "GET /games",
  "fullUrl": "https://staging.slotegrator.com/api/index.php/v1/games?page=5",
  "headers": {
    "X-Merchant-Id": "dbb46701285c1a2e24a0bf92f00501e5",
    "X-Timestamp": "1775000353",
    "X-Nonce": "ed0b131b994ed463a2ba8b2a94d775ec",
    "X-Sign": "9a797657...",
    "Accept": "application/json"
  },
  "body": null,
  "params": {
    "page": 5
  }
}
================================================================================

{
  "timestamp": "2026-03-31T23:39:13.945Z",
  "type": "request",
  "endpoint": "GET /games",
  "fullUrl": "https://staging.slotegrator.com/api/index.php/v1/games?page=6",
  "headers": {
    "X-Merchant-Id": "dbb46701285c1a2e24a0bf92f00501e5",
    "X-Timestamp": "1775000353",
    "X-Nonce": "79a096e247506d7d0a08a0c2dc7b163f",
    "X-Sign": "bb392664...",
    "Accept": "application/json"
  },
  "body": null,
  "params": {
    "page": 6
  }
}
================================================================================

{
  "timestamp": "2026-03-31T23:39:14.112Z",
  "type": "request",
  "endpoint": "GET /games",
  "fullUrl": "https://staging.slotegrator.com/api/index.php/v1/games?page=6",
  "headers": {
    "X-Merchant-Id": "dbb46701285c1a2e24a0bf92f00501e5",
    "X-Timestamp": "1775000354",
    "X-Nonce": "4981abf3ddd8487e5ca579fffdfbb8dd",
    "X-Sign": "59672219...",
    "Accept": "application/json"
  },
  "body": null,
  "params": {
    "page": 6
  }
}
================================================================================

{
  "timestamp": "2026-03-31T23:39:14.559Z",
  "type": "request",
  "endpoint": "GET /games",
  "fullUrl": "https://staging.slotegrator.com/api/index.php/v1/games?page=7",
  "headers": {
    "X-Merchant-Id": "dbb46701285c1a2e24a0bf92f00501e5",
    "X-Timestamp": "1775000354",
    "X-Nonce": "8a9cc96667b9c81de719d596319230da",
    "X-Sign": "bcdb35d2...",
    "Accept": "application/json"
  },
  "body": null,
  "params": {
    "page": 7
  }
}
================================================================================

{
  "timestamp": "2026-03-31T23:39:14.762Z",
  "type": "request",
  "endpoint": "GET /games",
  "fullUrl": "https://staging.slotegrator.com/api/index.php/v1/games?page=7",
  "headers": {
    "X-Merchant-Id": "dbb46701285c1a2e24a0bf92f00501e5",
    "X-Timestamp": "1775000354",
    "X-Nonce": "95aff01b3f172f72ac840678ecd0ec1c",
    "X-Sign": "7fed781b...",
    "Accept": "application/json"
  },
  "body": null,
  "params": {
    "page": 7
  }
}
================================================================================

{
  "timestamp": "2026-03-31T23:39:15.195Z",
  "type": "request",
  "endpoint": "GET /games",
  "fullUrl": "https://staging.slotegrator.com/api/index.php/v1/games?page=8",
  "headers": {
    "X-Merchant-Id": "dbb46701285c1a2e24a0bf92f00501e5",
    "X-Timestamp": "1775000355",
    "X-Nonce": "ae1488d7fd6b2bc96f99495025205126",
    "X-Sign": "d05e44d9...",
    "Accept": "application/json"
  },
  "body": null,
  "params": {
    "page": 8
  }
}
================================================================================

{
  "timestamp": "2026-03-31T23:39:15.394Z",
  "type": "request",
  "endpoint": "GET /games",
  "fullUrl": "https://staging.slotegrator.com/api/index.php/v1/games?page=8",
  "headers": {
    "X-Merchant-Id": "dbb46701285c1a2e24a0bf92f00501e5",
    "X-Timestamp": "1775000355",
    "X-Nonce": "995122f4899fbae2d104fa21f9d13e25",
    "X-Sign": "cbbceca7...",
    "Accept": "application/json"
  },
  "body": null,
  "params": {
    "page": 8
  }
}
================================================================================

{
  "timestamp": "2026-03-31T23:39:15.859Z",
  "type": "request",
  "endpoint": "GET /games",
  "fullUrl": "https://staging.slotegrator.com/api/index.php/v1/games?page=9",
  "headers": {
    "X-Merchant-Id": "dbb46701285c1a2e24a0bf92f00501e5",
    "X-Timestamp": "1775000355",
    "X-Nonce": "4931c32e228dbfedfe3356d7bb12430e",
    "X-Sign": "540738b1...",
    "Accept": "application/json"
  },
  "body": null,
  "params": {
    "page": 9
  }
}
================================================================================

{
  "timestamp": "2026-03-31T23:39:16.144Z",
  "type": "request",
  "endpoint": "GET /games",
  "fullUrl": "https://staging.slotegrator.com/api/index.php/v1/games?page=9",
  "headers": {
    "X-Merchant-Id": "dbb46701285c1a2e24a0bf92f00501e5",
    "X-Timestamp": "1775000356",
    "X-Nonce": "5a56fa0d776fe97e460c07ab64c5a352",
    "X-Sign": "e4b96664...",
    "Accept": "application/json"
  },
  "body": null,
  "params": {
    "page": 9
  }
}
================================================================================

{
  "timestamp": "2026-03-31T23:39:16.511Z",
  "type": "request",
  "endpoint": "GET /games",
  "fullUrl": "https://staging.slotegrator.com/api/index.php/v1/games?page=10",
  "headers": {
    "X-Merchant-Id": "dbb46701285c1a2e24a0bf92f00501e5",
    "X-Timestamp": "1775000356",
    "X-Nonce": "4e318f283a471d293861c00c5e5f3536",
    "X-Sign": "4228b70f...",
    "Accept": "application/json"
  },
  "body": null,
  "params": {
    "page": 10
  }
}
================================================================================

{
  "timestamp": "2026-03-31T23:39:16.811Z",
  "type": "request",
  "endpoint": "GET /games",
  "fullUrl": "https://staging.slotegrator.com/api/index.php/v1/games?page=10",
  "headers": {
    "X-Merchant-Id": "dbb46701285c1a2e24a0bf92f00501e5",
    "X-Timestamp": "1775000356",
    "X-Nonce": "c486c9b37321caf444dc4c6b85c072ff",
    "X-Sign": "85200cc6...",
    "Accept": "application/json"
  },
  "body": null,
  "params": {
    "page": 10
  }
}
================================================================================

{
  "timestamp": "2026-03-31T23:39:17.125Z",
  "type": "request",
  "endpoint": "POST /games/init",
  "fullUrl": "https://staging.slotegrator.com/api/index.php/v1/games/init",
  "headers": {
    "X-Merchant-Id": "dbb46701285c1a2e24a0bf92f00501e5",
    "X-Timestamp": "1775000357",
    "X-Nonce": "7372a3d050b8b9fdf66e2bfb20e49128",
    "X-Sign": "9a32a570...",
    "Accept": "application/json",
    "Content-Type": "application/x-www-form-urlencoded"
  },
  "body": "game_uuid=fe38b9de0f44ac5892261d426ba39cd1aa410807&player_id=5fbW-EgviQlSB0qgLmM0Z&player_name=nanami&currency=EUR&session_id=session_5fbW-EgviQlSB0qgLmM0Z_1775000357124_viky3o&device=desktop&return_url=https%3A%2F%2Fboztestarea.ngrok.app&language=fr&email=nanami%40gmail.com",
  "params": {
    "game_uuid": "fe38b9de0f44ac5892261d426ba39cd1aa410807",
    "player_id": "5fbW-EgviQlSB0qgLmM0Z",
    "player_name": "nanami",
    "currency": "EUR",
    "session_id": "session_5fbW-EgviQlSB0qgLmM0Z_1775000357124_viky3o",
    "device": "desktop",
    "return_url": "https://boztestarea.ngrok.app",
    "language": "fr",
    "email": "nanami@gmail.com"
  }
}
================================================================================

{
  "timestamp": "2026-03-31T23:39:17.483Z",
  "type": "request",
  "endpoint": "POST /games/init",
  "fullUrl": "https://staging.slotegrator.com/api/index.php/v1/games/init",
  "headers": {
    "X-Merchant-Id": "dbb46701285c1a2e24a0bf92f00501e5",
    "X-Timestamp": "1775000357",
    "X-Nonce": "0343b542ef05b29130a395f74880ccef",
    "X-Sign": "33b58152...",
    "Accept": "application/json",
    "Content-Type": "application/x-www-form-urlencoded"
  },
  "body": "game_uuid=fe38b9de0f44ac5892261d426ba39cd1aa410807&player_id=5fbW-EgviQlSB0qgLmM0Z&player_name=nanami&currency=EUR&session_id=session_5fbW-EgviQlSB0qgLmM0Z_1775000357481_dz1eigf&device=desktop&return_url=https%3A%2F%2Fboztestarea.ngrok.app&language=fr&email=nanami%40gmail.com",
  "params": {
    "game_uuid": "fe38b9de0f44ac5892261d426ba39cd1aa410807",
    "player_id": "5fbW-EgviQlSB0qgLmM0Z",
    "player_name": "nanami",
    "currency": "EUR",
    "session_id": "session_5fbW-EgviQlSB0qgLmM0Z_1775000357481_dz1eigf",
    "device": "desktop",
    "return_url": "https://boztestarea.ngrok.app",
    "language": "fr",
    "email": "nanami@gmail.com"
  }
}
================================================================================

{
  "timestamp": "2026-03-31T23:39:35.174Z",
  "type": "request",
  "endpoint": "POST /self-validate",
  "fullUrl": "https://staging.slotegrator.com/api/index.php/v1/self-validate",
  "headers": {
    "X-Merchant-Id": "dbb46701285c1a2e24a0bf92f00501e5",
    "X-Timestamp": "1775000375",
    "X-Nonce": "e6c0319abc136cd21fc943a64f54da0d",
    "X-Sign": "bb8d09f9...",
    "Accept": "application/json",
    "Content-Type": "application/x-www-form-urlencoded"
  },
  "body": null,
  "params": null
}
================================================================================

{
  "timestamp": "2026-03-31T23:40:57.739Z",
  "type": "request",
  "endpoint": "GET /limits",
  "fullUrl": "https://staging.slotegrator.com/api/index.php/v1/limits",
  "headers": {
    "X-Merchant-Id": "dbb46701285c1a2e24a0bf92f00501e5",
    "X-Timestamp": "1775000457",
    "X-Nonce": "cf942a69bda759c1e7042ccdd8b75f4c",
    "X-Sign": "f72ef183...",
    "Accept": "application/json"
  },
  "body": null,
  "params": null
}
================================================================================

{
  "timestamp": "2026-03-31T23:40:58.280Z",
  "type": "request",
  "endpoint": "GET /games",
  "fullUrl": "https://staging.slotegrator.com/api/index.php/v1/games",
  "headers": {
    "X-Merchant-Id": "dbb46701285c1a2e24a0bf92f00501e5",
    "X-Timestamp": "1775000458",
    "X-Nonce": "5635f335e4e8975790024e9c75ba5f64",
    "X-Sign": "aa7dab4b...",
    "Accept": "application/json"
  },
  "body": null,
  "params": null
}
================================================================================

{
  "timestamp": "2026-03-31T23:40:58.283Z",
  "type": "request",
  "endpoint": "GET /games",
  "fullUrl": "https://staging.slotegrator.com/api/index.php/v1/games",
  "headers": {
    "X-Merchant-Id": "dbb46701285c1a2e24a0bf92f00501e5",
    "X-Timestamp": "1775000458",
    "X-Nonce": "0f36ef039c075aa5963720ede0d50a82",
    "X-Sign": "50232762...",
    "Accept": "application/json"
  },
  "body": null,
  "params": null
}
================================================================================

{
  "timestamp": "2026-03-31T23:40:58.838Z",
  "type": "request",
  "endpoint": "GET /games",
  "fullUrl": "https://staging.slotegrator.com/api/index.php/v1/games?page=2",
  "headers": {
    "X-Merchant-Id": "dbb46701285c1a2e24a0bf92f00501e5",
    "X-Timestamp": "1775000458",
    "X-Nonce": "80f8c4a9aba8abfbfb9c0f7861bb10a1",
    "X-Sign": "af94395c...",
    "Accept": "application/json"
  },
  "body": null,
  "params": {
    "page": 2
  }
}
================================================================================

{
  "timestamp": "2026-03-31T23:40:58.976Z",
  "type": "request",
  "endpoint": "GET /games",
  "fullUrl": "https://staging.slotegrator.com/api/index.php/v1/games?page=2",
  "headers": {
    "X-Merchant-Id": "dbb46701285c1a2e24a0bf92f00501e5",
    "X-Timestamp": "1775000458",
    "X-Nonce": "e8322afec4e134f01bfb146327ad8e8b",
    "X-Sign": "a95fae0f...",
    "Accept": "application/json"
  },
  "body": null,
  "params": {
    "page": 2
  }
}
================================================================================

{
  "timestamp": "2026-03-31T23:40:59.408Z",
  "type": "request",
  "endpoint": "GET /games",
  "fullUrl": "https://staging.slotegrator.com/api/index.php/v1/games?page=3",
  "headers": {
    "X-Merchant-Id": "dbb46701285c1a2e24a0bf92f00501e5",
    "X-Timestamp": "1775000459",
    "X-Nonce": "99b1be0349381122759fdbff6bd0e0f3",
    "X-Sign": "2f0c5c9a...",
    "Accept": "application/json"
  },
  "body": null,
  "params": {
    "page": 3
  }
}
================================================================================

{
  "timestamp": "2026-03-31T23:40:59.524Z",
  "type": "request",
  "endpoint": "GET /games",
  "fullUrl": "https://staging.slotegrator.com/api/index.php/v1/games?page=3",
  "headers": {
    "X-Merchant-Id": "dbb46701285c1a2e24a0bf92f00501e5",
    "X-Timestamp": "1775000459",
    "X-Nonce": "19557d818b3963a5b576ad268c6364dc",
    "X-Sign": "be613557...",
    "Accept": "application/json"
  },
  "body": null,
  "params": {
    "page": 3
  }
}
================================================================================

{
  "timestamp": "2026-03-31T23:40:59.975Z",
  "type": "request",
  "endpoint": "GET /games",
  "fullUrl": "https://staging.slotegrator.com/api/index.php/v1/games?page=4",
  "headers": {
    "X-Merchant-Id": "dbb46701285c1a2e24a0bf92f00501e5",
    "X-Timestamp": "1775000459",
    "X-Nonce": "f2a7eb4f68366b0afc6f1d529db6ec37",
    "X-Sign": "75dabf95...",
    "Accept": "application/json"
  },
  "body": null,
  "params": {
    "page": 4
  }
}
================================================================================

{
  "timestamp": "2026-03-31T23:41:00.104Z",
  "type": "request",
  "endpoint": "GET /games",
  "fullUrl": "https://staging.slotegrator.com/api/index.php/v1/games?page=4",
  "headers": {
    "X-Merchant-Id": "dbb46701285c1a2e24a0bf92f00501e5",
    "X-Timestamp": "1775000460",
    "X-Nonce": "967500aa9a7bac0ad31662c3f73fc0c1",
    "X-Sign": "f5d5603b...",
    "Accept": "application/json"
  },
  "body": null,
  "params": {
    "page": 4
  }
}
================================================================================

{
  "timestamp": "2026-03-31T23:41:00.491Z",
  "type": "request",
  "endpoint": "GET /games",
  "fullUrl": "https://staging.slotegrator.com/api/index.php/v1/games?page=5",
  "headers": {
    "X-Merchant-Id": "dbb46701285c1a2e24a0bf92f00501e5",
    "X-Timestamp": "1775000460",
    "X-Nonce": "b7b1b916fc740978a36412e00e96f400",
    "X-Sign": "440abe0c...",
    "Accept": "application/json"
  },
  "body": null,
  "params": {
    "page": 5
  }
}
================================================================================

{
  "timestamp": "2026-03-31T23:41:00.693Z",
  "type": "request",
  "endpoint": "GET /games",
  "fullUrl": "https://staging.slotegrator.com/api/index.php/v1/games?page=5",
  "headers": {
    "X-Merchant-Id": "dbb46701285c1a2e24a0bf92f00501e5",
    "X-Timestamp": "1775000460",
    "X-Nonce": "d37a61026526d5a0a4d526689e5dd240",
    "X-Sign": "2a37cd8d...",
    "Accept": "application/json"
  },
  "body": null,
  "params": {
    "page": 5
  }
}
================================================================================

{
  "timestamp": "2026-03-31T23:41:01.066Z",
  "type": "request",
  "endpoint": "GET /games",
  "fullUrl": "https://staging.slotegrator.com/api/index.php/v1/games",
  "headers": {
    "X-Merchant-Id": "dbb46701285c1a2e24a0bf92f00501e5",
    "X-Timestamp": "1775000461",
    "X-Nonce": "417729dd299a87a8bbd801829393d5d2",
    "X-Sign": "fc80dd42...",
    "Accept": "application/json"
  },
  "body": null,
  "params": null
}
================================================================================

{
  "timestamp": "2026-03-31T23:41:01.226Z",
  "type": "request",
  "endpoint": "GET /games",
  "fullUrl": "https://staging.slotegrator.com/api/index.php/v1/games",
  "headers": {
    "X-Merchant-Id": "dbb46701285c1a2e24a0bf92f00501e5",
    "X-Timestamp": "1775000461",
    "X-Nonce": "045e2013ddbd409fbf16d455c59f0ce3",
    "X-Sign": "fa69f608...",
    "Accept": "application/json"
  },
  "body": null,
  "params": null
}
================================================================================

{
  "timestamp": "2026-03-31T23:41:01.598Z",
  "type": "request",
  "endpoint": "GET /games",
  "fullUrl": "https://staging.slotegrator.com/api/index.php/v1/games?page=2",
  "headers": {
    "X-Merchant-Id": "dbb46701285c1a2e24a0bf92f00501e5",
    "X-Timestamp": "1775000461",
    "X-Nonce": "4c0e9bb2429c53366b72f210c5bfa1f7",
    "X-Sign": "26f90f96...",
    "Accept": "application/json"
  },
  "body": null,
  "params": {
    "page": 2
  }
}
================================================================================

{
  "timestamp": "2026-03-31T23:41:01.774Z",
  "type": "request",
  "endpoint": "GET /games",
  "fullUrl": "https://staging.slotegrator.com/api/index.php/v1/games?page=2",
  "headers": {
    "X-Merchant-Id": "dbb46701285c1a2e24a0bf92f00501e5",
    "X-Timestamp": "1775000461",
    "X-Nonce": "3edd753c9389b5a4bfc41ede3fdb16e5",
    "X-Sign": "05d645ce...",
    "Accept": "application/json"
  },
  "body": null,
  "params": {
    "page": 2
  }
}
================================================================================

{
  "timestamp": "2026-03-31T23:41:02.124Z",
  "type": "request",
  "endpoint": "GET /games",
  "fullUrl": "https://staging.slotegrator.com/api/index.php/v1/games?page=3",
  "headers": {
    "X-Merchant-Id": "dbb46701285c1a2e24a0bf92f00501e5",
    "X-Timestamp": "1775000462",
    "X-Nonce": "74700eb3fe6452a017211f213b246985",
    "X-Sign": "1f99fb2a...",
    "Accept": "application/json"
  },
  "body": null,
  "params": {
    "page": 3
  }
}
================================================================================

{
  "timestamp": "2026-03-31T23:41:02.358Z",
  "type": "request",
  "endpoint": "GET /games",
  "fullUrl": "https://staging.slotegrator.com/api/index.php/v1/games?page=3",
  "headers": {
    "X-Merchant-Id": "dbb46701285c1a2e24a0bf92f00501e5",
    "X-Timestamp": "1775000462",
    "X-Nonce": "80f78a24184eb3699692fc0097c48ae5",
    "X-Sign": "e0dedf24...",
    "Accept": "application/json"
  },
  "body": null,
  "params": {
    "page": 3
  }
}
================================================================================

{
  "timestamp": "2026-03-31T23:41:02.710Z",
  "type": "request",
  "endpoint": "GET /games",
  "fullUrl": "https://staging.slotegrator.com/api/index.php/v1/games?page=4",
  "headers": {
    "X-Merchant-Id": "dbb46701285c1a2e24a0bf92f00501e5",
    "X-Timestamp": "1775000462",
    "X-Nonce": "1b260433d9827adeef23a3168d18b6ef",
    "X-Sign": "767f92be...",
    "Accept": "application/json"
  },
  "body": null,
  "params": {
    "page": 4
  }
}
================================================================================

{
  "timestamp": "2026-03-31T23:41:02.841Z",
  "type": "request",
  "endpoint": "GET /games",
  "fullUrl": "https://staging.slotegrator.com/api/index.php/v1/games?page=4",
  "headers": {
    "X-Merchant-Id": "dbb46701285c1a2e24a0bf92f00501e5",
    "X-Timestamp": "1775000462",
    "X-Nonce": "26c80b63118475d43b91cfe895090387",
    "X-Sign": "710df08e...",
    "Accept": "application/json"
  },
  "body": null,
  "params": {
    "page": 4
  }
}
================================================================================

{
  "timestamp": "2026-03-31T23:41:03.259Z",
  "type": "request",
  "endpoint": "GET /games",
  "fullUrl": "https://staging.slotegrator.com/api/index.php/v1/games?page=5",
  "headers": {
    "X-Merchant-Id": "dbb46701285c1a2e24a0bf92f00501e5",
    "X-Timestamp": "1775000463",
    "X-Nonce": "0b172c9c2e99390c22cc0ef2dd63065a",
    "X-Sign": "e199fc61...",
    "Accept": "application/json"
  },
  "body": null,
  "params": {
    "page": 5
  }
}
================================================================================

{
  "timestamp": "2026-03-31T23:41:03.431Z",
  "type": "request",
  "endpoint": "GET /games",
  "fullUrl": "https://staging.slotegrator.com/api/index.php/v1/games?page=5",
  "headers": {
    "X-Merchant-Id": "dbb46701285c1a2e24a0bf92f00501e5",
    "X-Timestamp": "1775000463",
    "X-Nonce": "350997e3dbd595204e74705608c39c51",
    "X-Sign": "25037e63...",
    "Accept": "application/json"
  },
  "body": null,
  "params": {
    "page": 5
  }
}
================================================================================

{
  "timestamp": "2026-03-31T23:41:03.758Z",
  "type": "request",
  "endpoint": "GET /games",
  "fullUrl": "https://staging.slotegrator.com/api/index.php/v1/games?page=6",
  "headers": {
    "X-Merchant-Id": "dbb46701285c1a2e24a0bf92f00501e5",
    "X-Timestamp": "1775000463",
    "X-Nonce": "50809a18525de3ed66a9c4752e41a632",
    "X-Sign": "29987034...",
    "Accept": "application/json"
  },
  "body": null,
  "params": {
    "page": 6
  }
}
================================================================================

{
  "timestamp": "2026-03-31T23:41:03.964Z",
  "type": "request",
  "endpoint": "GET /games",
  "fullUrl": "https://staging.slotegrator.com/api/index.php/v1/games?page=6",
  "headers": {
    "X-Merchant-Id": "dbb46701285c1a2e24a0bf92f00501e5",
    "X-Timestamp": "1775000463",
    "X-Nonce": "e55fc1646c885731f32cbc5103ec1f93",
    "X-Sign": "d7f9c16a...",
    "Accept": "application/json"
  },
  "body": null,
  "params": {
    "page": 6
  }
}
================================================================================

{
  "timestamp": "2026-03-31T23:41:04.275Z",
  "type": "request",
  "endpoint": "GET /games",
  "fullUrl": "https://staging.slotegrator.com/api/index.php/v1/games?page=7",
  "headers": {
    "X-Merchant-Id": "dbb46701285c1a2e24a0bf92f00501e5",
    "X-Timestamp": "1775000464",
    "X-Nonce": "c55a15d2847bf8eaf21a0073eaad8dbe",
    "X-Sign": "ec2198bc...",
    "Accept": "application/json"
  },
  "body": null,
  "params": {
    "page": 7
  }
}
================================================================================

{
  "timestamp": "2026-03-31T23:41:04.475Z",
  "type": "request",
  "endpoint": "GET /games",
  "fullUrl": "https://staging.slotegrator.com/api/index.php/v1/games?page=7",
  "headers": {
    "X-Merchant-Id": "dbb46701285c1a2e24a0bf92f00501e5",
    "X-Timestamp": "1775000464",
    "X-Nonce": "fcef59353d46afa31c961c40761d59cc",
    "X-Sign": "690f60ec...",
    "Accept": "application/json"
  },
  "body": null,
  "params": {
    "page": 7
  }
}
================================================================================

{
  "timestamp": "2026-03-31T23:41:04.758Z",
  "type": "request",
  "endpoint": "GET /games",
  "fullUrl": "https://staging.slotegrator.com/api/index.php/v1/games?page=8",
  "headers": {
    "X-Merchant-Id": "dbb46701285c1a2e24a0bf92f00501e5",
    "X-Timestamp": "1775000464",
    "X-Nonce": "46c6653730dd9714f6e55168b261cccd",
    "X-Sign": "811792a2...",
    "Accept": "application/json"
  },
  "body": null,
  "params": {
    "page": 8
  }
}
================================================================================

{
  "timestamp": "2026-03-31T23:41:05.008Z",
  "type": "request",
  "endpoint": "GET /games",
  "fullUrl": "https://staging.slotegrator.com/api/index.php/v1/games?page=8",
  "headers": {
    "X-Merchant-Id": "dbb46701285c1a2e24a0bf92f00501e5",
    "X-Timestamp": "1775000465",
    "X-Nonce": "5e92453972c106f401746fcc677c338a",
    "X-Sign": "7039bcfe...",
    "Accept": "application/json"
  },
  "body": null,
  "params": {
    "page": 8
  }
}
================================================================================

{
  "timestamp": "2026-03-31T23:41:05.308Z",
  "type": "request",
  "endpoint": "GET /games",
  "fullUrl": "https://staging.slotegrator.com/api/index.php/v1/games?page=9",
  "headers": {
    "X-Merchant-Id": "dbb46701285c1a2e24a0bf92f00501e5",
    "X-Timestamp": "1775000465",
    "X-Nonce": "1ef2c0e3a2b1eea300406fa761e94717",
    "X-Sign": "43329e2f...",
    "Accept": "application/json"
  },
  "body": null,
  "params": {
    "page": 9
  }
}
================================================================================

{
  "timestamp": "2026-03-31T23:41:05.558Z",
  "type": "request",
  "endpoint": "GET /games",
  "fullUrl": "https://staging.slotegrator.com/api/index.php/v1/games?page=9",
  "headers": {
    "X-Merchant-Id": "dbb46701285c1a2e24a0bf92f00501e5",
    "X-Timestamp": "1775000465",
    "X-Nonce": "6df39d1f635f5d979d5677db5c0ad271",
    "X-Sign": "2f91123d...",
    "Accept": "application/json"
  },
  "body": null,
  "params": {
    "page": 9
  }
}
================================================================================

{
  "timestamp": "2026-03-31T23:41:05.843Z",
  "type": "request",
  "endpoint": "GET /games",
  "fullUrl": "https://staging.slotegrator.com/api/index.php/v1/games?page=10",
  "headers": {
    "X-Merchant-Id": "dbb46701285c1a2e24a0bf92f00501e5",
    "X-Timestamp": "1775000465",
    "X-Nonce": "cecc46f334d00662b25ae6ec1802485f",
    "X-Sign": "2c2be33e...",
    "Accept": "application/json"
  },
  "body": null,
  "params": {
    "page": 10
  }
}
================================================================================

{
  "timestamp": "2026-03-31T23:41:06.110Z",
  "type": "request",
  "endpoint": "GET /games",
  "fullUrl": "https://staging.slotegrator.com/api/index.php/v1/games?page=10",
  "headers": {
    "X-Merchant-Id": "dbb46701285c1a2e24a0bf92f00501e5",
    "X-Timestamp": "1775000466",
    "X-Nonce": "a196e720c4e6524332096a61860c3321",
    "X-Sign": "dc32e012...",
    "Accept": "application/json"
  },
  "body": null,
  "params": {
    "page": 10
  }
}
================================================================================

{
  "timestamp": "2026-03-31T23:41:06.335Z",
  "type": "request",
  "endpoint": "POST /games/init",
  "fullUrl": "https://staging.slotegrator.com/api/index.php/v1/games/init",
  "headers": {
    "X-Merchant-Id": "dbb46701285c1a2e24a0bf92f00501e5",
    "X-Timestamp": "1775000466",
    "X-Nonce": "a3aeef964c32eedffa676846b9709bd1",
    "X-Sign": "18d7f5e7...",
    "Accept": "application/json",
    "Content-Type": "application/x-www-form-urlencoded"
  },
  "body": "game_uuid=fe38b9de0f44ac5892261d426ba39cd1aa410807&player_id=5fbW-EgviQlSB0qgLmM0Z&player_name=nanami&currency=EUR&session_id=session_5fbW-EgviQlSB0qgLmM0Z_1775000466332_6ty7qc&device=desktop&return_url=https%3A%2F%2Fboztestarea.ngrok.app&language=fr&email=nanami%40gmail.com",
  "params": {
    "game_uuid": "fe38b9de0f44ac5892261d426ba39cd1aa410807",
    "player_id": "5fbW-EgviQlSB0qgLmM0Z",
    "player_name": "nanami",
    "currency": "EUR",
    "session_id": "session_5fbW-EgviQlSB0qgLmM0Z_1775000466332_6ty7qc",
    "device": "desktop",
    "return_url": "https://boztestarea.ngrok.app",
    "language": "fr",
    "email": "nanami@gmail.com"
  }
}
================================================================================

{
  "timestamp": "2026-03-31T23:41:06.635Z",
  "type": "request",
  "endpoint": "POST /games/init",
  "fullUrl": "https://staging.slotegrator.com/api/index.php/v1/games/init",
  "headers": {
    "X-Merchant-Id": "dbb46701285c1a2e24a0bf92f00501e5",
    "X-Timestamp": "1775000466",
    "X-Nonce": "f0dd15463d8ef863f722e9f32eaff1be",
    "X-Sign": "885b8e1b...",
    "Accept": "application/json",
    "Content-Type": "application/x-www-form-urlencoded"
  },
  "body": "game_uuid=fe38b9de0f44ac5892261d426ba39cd1aa410807&player_id=5fbW-EgviQlSB0qgLmM0Z&player_name=nanami&currency=EUR&session_id=session_5fbW-EgviQlSB0qgLmM0Z_1775000466633_sh2f6&device=desktop&return_url=https%3A%2F%2Fboztestarea.ngrok.app&language=fr&email=nanami%40gmail.com",
  "params": {
    "game_uuid": "fe38b9de0f44ac5892261d426ba39cd1aa410807",
    "player_id": "5fbW-EgviQlSB0qgLmM0Z",
    "player_name": "nanami",
    "currency": "EUR",
    "session_id": "session_5fbW-EgviQlSB0qgLmM0Z_1775000466633_sh2f6",
    "device": "desktop",
    "return_url": "https://boztestarea.ngrok.app",
    "language": "fr",
    "email": "nanami@gmail.com"
  }
}
================================================================================

{
  "timestamp": "2026-03-31T23:41:20.085Z",
  "type": "request",
  "endpoint": "GET /games",
  "fullUrl": "https://staging.slotegrator.com/api/index.php/v1/games?expand=images",
  "headers": {
    "X-Merchant-Id": "dbb46701285c1a2e24a0bf92f00501e5",
    "X-Timestamp": "1775000480",
    "X-Nonce": "464ad855491b5dc384cf0f367ce45488",
    "X-Sign": "c1bb4438...",
    "Accept": "application/json"
  },
  "body": null,
  "params": {
    "expand": "images"
  }
}
================================================================================

{
  "timestamp": "2026-03-31T23:41:21.291Z",
  "type": "request",
  "endpoint": "GET /games",
  "fullUrl": "https://staging.slotegrator.com/api/index.php/v1/games?expand=images&page=2",
  "headers": {
    "X-Merchant-Id": "dbb46701285c1a2e24a0bf92f00501e5",
    "X-Timestamp": "1775000481",
    "X-Nonce": "dcba507eb6e52f3c523c0535bd02f175",
    "X-Sign": "78577f4c...",
    "Accept": "application/json"
  },
  "body": null,
  "params": {
    "expand": "images",
    "page": 2
  }
}
================================================================================

{
  "timestamp": "2026-03-31T23:41:21.971Z",
  "type": "request",
  "endpoint": "GET /games",
  "fullUrl": "https://staging.slotegrator.com/api/index.php/v1/games?expand=images&page=3",
  "headers": {
    "X-Merchant-Id": "dbb46701285c1a2e24a0bf92f00501e5",
    "X-Timestamp": "1775000481",
    "X-Nonce": "910d46b2a5d004d6fd5682b357f3b6bf",
    "X-Sign": "527e5ee4...",
    "Accept": "application/json"
  },
  "body": null,
  "params": {
    "expand": "images",
    "page": 3
  }
}
================================================================================

{
  "timestamp": "2026-03-31T23:41:22.638Z",
  "type": "request",
  "endpoint": "GET /games",
  "fullUrl": "https://staging.slotegrator.com/api/index.php/v1/games?expand=images&page=4",
  "headers": {
    "X-Merchant-Id": "dbb46701285c1a2e24a0bf92f00501e5",
    "X-Timestamp": "1775000482",
    "X-Nonce": "f4a1b002a542c98d769328114a07a938",
    "X-Sign": "ce70ab91...",
    "Accept": "application/json"
  },
  "body": null,
  "params": {
    "expand": "images",
    "page": 4
  }
}
================================================================================

{
  "timestamp": "2026-03-31T23:41:23.255Z",
  "type": "request",
  "endpoint": "GET /games",
  "fullUrl": "https://staging.slotegrator.com/api/index.php/v1/games?expand=images&page=5",
  "headers": {
    "X-Merchant-Id": "dbb46701285c1a2e24a0bf92f00501e5",
    "X-Timestamp": "1775000483",
    "X-Nonce": "324197ff83dd45403257192786b9bf41",
    "X-Sign": "74ea6640...",
    "Accept": "application/json"
  },
  "body": null,
  "params": {
    "expand": "images",
    "page": 5
  }
}
================================================================================

{
  "timestamp": "2026-03-31T23:41:23.904Z",
  "type": "request",
  "endpoint": "GET /games",
  "fullUrl": "https://staging.slotegrator.com/api/index.php/v1/games?expand=images&page=6",
  "headers": {
    "X-Merchant-Id": "dbb46701285c1a2e24a0bf92f00501e5",
    "X-Timestamp": "1775000483",
    "X-Nonce": "613287bdf76b533fb209a5ec6918bf89",
    "X-Sign": "498def94...",
    "Accept": "application/json"
  },
  "body": null,
  "params": {
    "expand": "images",
    "page": 6
  }
}
================================================================================

{
  "timestamp": "2026-03-31T23:41:24.554Z",
  "type": "request",
  "endpoint": "GET /games",
  "fullUrl": "https://staging.slotegrator.com/api/index.php/v1/games?expand=images&page=7",
  "headers": {
    "X-Merchant-Id": "dbb46701285c1a2e24a0bf92f00501e5",
    "X-Timestamp": "1775000484",
    "X-Nonce": "0d6273b83d7b1d2684f26e7059cb4fb7",
    "X-Sign": "12a9abb1...",
    "Accept": "application/json"
  },
  "body": null,
  "params": {
    "expand": "images",
    "page": 7
  }
}
================================================================================

{
  "timestamp": "2026-03-31T23:41:25.188Z",
  "type": "request",
  "endpoint": "GET /games",
  "fullUrl": "https://staging.slotegrator.com/api/index.php/v1/games?expand=images&page=8",
  "headers": {
    "X-Merchant-Id": "dbb46701285c1a2e24a0bf92f00501e5",
    "X-Timestamp": "1775000485",
    "X-Nonce": "2e4c62490ab0160797d7fb01c1dddac5",
    "X-Sign": "3d8ae336...",
    "Accept": "application/json"
  },
  "body": null,
  "params": {
    "expand": "images",
    "page": 8
  }
}
================================================================================

{
  "timestamp": "2026-03-31T23:41:25.821Z",
  "type": "request",
  "endpoint": "GET /games",
  "fullUrl": "https://staging.slotegrator.com/api/index.php/v1/games?expand=images&page=9",
  "headers": {
    "X-Merchant-Id": "dbb46701285c1a2e24a0bf92f00501e5",
    "X-Timestamp": "1775000485",
    "X-Nonce": "fc73c1f58608ecd87e7d7c5eb144f75b",
    "X-Sign": "a3d5a9a4...",
    "Accept": "application/json"
  },
  "body": null,
  "params": {
    "expand": "images",
    "page": 9
  }
}
================================================================================

{
  "timestamp": "2026-03-31T23:41:26.436Z",
  "type": "request",
  "endpoint": "GET /games",
  "fullUrl": "https://staging.slotegrator.com/api/index.php/v1/games?expand=images&page=10",
  "headers": {
    "X-Merchant-Id": "dbb46701285c1a2e24a0bf92f00501e5",
    "X-Timestamp": "1775000486",
    "X-Nonce": "f7e513ca0f9d6d5a03a1bf895f7fdf07",
    "X-Sign": "1b51dd47...",
    "Accept": "application/json"
  },
  "body": null,
  "params": {
    "expand": "images",
    "page": 10
  }
}
================================================================================

{
  "timestamp": "2026-03-31T23:41:27.086Z",
  "type": "request",
  "endpoint": "GET /games",
  "fullUrl": "https://staging.slotegrator.com/api/index.php/v1/games?expand=images&page=11",
  "headers": {
    "X-Merchant-Id": "dbb46701285c1a2e24a0bf92f00501e5",
    "X-Timestamp": "1775000487",
    "X-Nonce": "7894f751430dee9cbcfe8746c1bc66aa",
    "X-Sign": "b3719b7e...",
    "Accept": "application/json"
  },
  "body": null,
  "params": {
    "expand": "images",
    "page": 11
  }
}
================================================================================

{
  "timestamp": "2026-03-31T23:41:27.721Z",
  "type": "request",
  "endpoint": "GET /games",
  "fullUrl": "https://staging.slotegrator.com/api/index.php/v1/games?expand=images&page=12",
  "headers": {
    "X-Merchant-Id": "dbb46701285c1a2e24a0bf92f00501e5",
    "X-Timestamp": "1775000487",
    "X-Nonce": "59b392f3272b2b9b2fd8b1a13259948b",
    "X-Sign": "b0d1be26...",
    "Accept": "application/json"
  },
  "body": null,
  "params": {
    "expand": "images",
    "page": 12
  }
}
================================================================================

{
  "timestamp": "2026-03-31T23:41:28.372Z",
  "type": "request",
  "endpoint": "GET /games",
  "fullUrl": "https://staging.slotegrator.com/api/index.php/v1/games?expand=images&page=13",
  "headers": {
    "X-Merchant-Id": "dbb46701285c1a2e24a0bf92f00501e5",
    "X-Timestamp": "1775000488",
    "X-Nonce": "4cd172e6930573b3ea5e795e35b41ca7",
    "X-Sign": "d4024b75...",
    "Accept": "application/json"
  },
  "body": null,
  "params": {
    "expand": "images",
    "page": 13
  }
}
================================================================================

{
  "timestamp": "2026-03-31T23:41:29.071Z",
  "type": "request",
  "endpoint": "GET /games",
  "fullUrl": "https://staging.slotegrator.com/api/index.php/v1/games?expand=images&page=14",
  "headers": {
    "X-Merchant-Id": "dbb46701285c1a2e24a0bf92f00501e5",
    "X-Timestamp": "1775000489",
    "X-Nonce": "9f496a8a2bd1c9ca0078ad3f52733fb8",
    "X-Sign": "fb65077f...",
    "Accept": "application/json"
  },
  "body": null,
  "params": {
    "expand": "images",
    "page": 14
  }
}
================================================================================

{
  "timestamp": "2026-03-31T23:41:29.705Z",
  "type": "request",
  "endpoint": "GET /games",
  "fullUrl": "https://staging.slotegrator.com/api/index.php/v1/games?expand=images&page=15",
  "headers": {
    "X-Merchant-Id": "dbb46701285c1a2e24a0bf92f00501e5",
    "X-Timestamp": "1775000489",
    "X-Nonce": "544006be1ac348ff840336535f203bb8",
    "X-Sign": "0cc94b36...",
    "Accept": "application/json"
  },
  "body": null,
  "params": {
    "expand": "images",
    "page": 15
  }
}
================================================================================

{
  "timestamp": "2026-03-31T23:41:30.286Z",
  "type": "request",
  "endpoint": "GET /games",
  "fullUrl": "https://staging.slotegrator.com/api/index.php/v1/games?expand=images&page=16",
  "headers": {
    "X-Merchant-Id": "dbb46701285c1a2e24a0bf92f00501e5",
    "X-Timestamp": "1775000490",
    "X-Nonce": "020a66376255fff043cf241e6162ec76",
    "X-Sign": "69dcf5fe...",
    "Accept": "application/json"
  },
  "body": null,
  "params": {
    "expand": "images",
    "page": 16
  }
}
================================================================================

{
  "timestamp": "2026-03-31T23:41:30.921Z",
  "type": "request",
  "endpoint": "GET /games",
  "fullUrl": "https://staging.slotegrator.com/api/index.php/v1/games?expand=images&page=17",
  "headers": {
    "X-Merchant-Id": "dbb46701285c1a2e24a0bf92f00501e5",
    "X-Timestamp": "1775000490",
    "X-Nonce": "732bb1d3958c8a3b231c3d84ed9494ee",
    "X-Sign": "1801a46d...",
    "Accept": "application/json"
  },
  "body": null,
  "params": {
    "expand": "images",
    "page": 17
  }
}
================================================================================

{
  "timestamp": "2026-03-31T23:41:31.587Z",
  "type": "request",
  "endpoint": "GET /games",
  "fullUrl": "https://staging.slotegrator.com/api/index.php/v1/games?expand=images&page=18",
  "headers": {
    "X-Merchant-Id": "dbb46701285c1a2e24a0bf92f00501e5",
    "X-Timestamp": "1775000491",
    "X-Nonce": "116e31898c34366d65b7c9aa0c161d86",
    "X-Sign": "3f40b27e...",
    "Accept": "application/json"
  },
  "body": null,
  "params": {
    "expand": "images",
    "page": 18
  }
}
================================================================================

{
  "timestamp": "2026-03-31T23:41:32.203Z",
  "type": "request",
  "endpoint": "GET /games",
  "fullUrl": "https://staging.slotegrator.com/api/index.php/v1/games?expand=images&page=19",
  "headers": {
    "X-Merchant-Id": "dbb46701285c1a2e24a0bf92f00501e5",
    "X-Timestamp": "1775000492",
    "X-Nonce": "9655390036de4b51838df459d502bde7",
    "X-Sign": "722a8fc5...",
    "Accept": "application/json"
  },
  "body": null,
  "params": {
    "expand": "images",
    "page": 19
  }
}
================================================================================

{
  "timestamp": "2026-03-31T23:41:32.821Z",
  "type": "request",
  "endpoint": "GET /games",
  "fullUrl": "https://staging.slotegrator.com/api/index.php/v1/games?expand=images&page=20",
  "headers": {
    "X-Merchant-Id": "dbb46701285c1a2e24a0bf92f00501e5",
    "X-Timestamp": "1775000492",
    "X-Nonce": "7d22d24ea508509b7a29b332aec0b626",
    "X-Sign": "b6a0a8f8...",
    "Accept": "application/json"
  },
  "body": null,
  "params": {
    "expand": "images",
    "page": 20
  }
}
================================================================================

{
  "timestamp": "2026-03-31T23:41:33.421Z",
  "type": "request",
  "endpoint": "GET /games",
  "fullUrl": "https://staging.slotegrator.com/api/index.php/v1/games?expand=images&page=21",
  "headers": {
    "X-Merchant-Id": "dbb46701285c1a2e24a0bf92f00501e5",
    "X-Timestamp": "1775000493",
    "X-Nonce": "44a795e7977f874543af74aa92807ac7",
    "X-Sign": "d0835d53...",
    "Accept": "application/json"
  },
  "body": null,
  "params": {
    "expand": "images",
    "page": 21
  }
}
================================================================================

{
  "timestamp": "2026-03-31T23:41:34.080Z",
  "type": "request",
  "endpoint": "GET /games",
  "fullUrl": "https://staging.slotegrator.com/api/index.php/v1/games?expand=images&page=22",
  "headers": {
    "X-Merchant-Id": "dbb46701285c1a2e24a0bf92f00501e5",
    "X-Timestamp": "1775000494",
    "X-Nonce": "ad8598ded83ea0f6d01e8739c48325b2",
    "X-Sign": "d28dfc2d...",
    "Accept": "application/json"
  },
  "body": null,
  "params": {
    "expand": "images",
    "page": 22
  }
}
================================================================================

{
  "timestamp": "2026-03-31T23:41:34.670Z",
  "type": "request",
  "endpoint": "GET /games",
  "fullUrl": "https://staging.slotegrator.com/api/index.php/v1/games?expand=images&page=23",
  "headers": {
    "X-Merchant-Id": "dbb46701285c1a2e24a0bf92f00501e5",
    "X-Timestamp": "1775000494",
    "X-Nonce": "d50c76dae08659c490424ab3d76808c8",
    "X-Sign": "7482e151...",
    "Accept": "application/json"
  },
  "body": null,
  "params": {
    "expand": "images",
    "page": 23
  }
}
================================================================================

{
  "timestamp": "2026-03-31T23:41:35.354Z",
  "type": "request",
  "endpoint": "GET /games",
  "fullUrl": "https://staging.slotegrator.com/api/index.php/v1/games?expand=images&page=24",
  "headers": {
    "X-Merchant-Id": "dbb46701285c1a2e24a0bf92f00501e5",
    "X-Timestamp": "1775000495",
    "X-Nonce": "2baa899d2c9e131fd5ff9e18bbd114b8",
    "X-Sign": "88f657e7...",
    "Accept": "application/json"
  },
  "body": null,
  "params": {
    "expand": "images",
    "page": 24
  }
}
================================================================================

{
  "timestamp": "2026-03-31T23:41:36.020Z",
  "type": "request",
  "endpoint": "GET /games",
  "fullUrl": "https://staging.slotegrator.com/api/index.php/v1/games?expand=images&page=25",
  "headers": {
    "X-Merchant-Id": "dbb46701285c1a2e24a0bf92f00501e5",
    "X-Timestamp": "1775000496",
    "X-Nonce": "47db4622f051a08fa710fef8a8ef29da",
    "X-Sign": "1bb24827...",
    "Accept": "application/json"
  },
  "body": null,
  "params": {
    "expand": "images",
    "page": 25
  }
}
================================================================================

{
  "timestamp": "2026-03-31T23:41:36.637Z",
  "type": "request",
  "endpoint": "GET /games",
  "fullUrl": "https://staging.slotegrator.com/api/index.php/v1/games?expand=images&page=26",
  "headers": {
    "X-Merchant-Id": "dbb46701285c1a2e24a0bf92f00501e5",
    "X-Timestamp": "1775000496",
    "X-Nonce": "6e503c59cf9b9477809901dc1b2e1c32",
    "X-Sign": "b5f74c19...",
    "Accept": "application/json"
  },
  "body": null,
  "params": {
    "expand": "images",
    "page": 26
  }
}
================================================================================

{
  "timestamp": "2026-03-31T23:41:37.254Z",
  "type": "request",
  "endpoint": "GET /games",
  "fullUrl": "https://staging.slotegrator.com/api/index.php/v1/games?expand=images&page=27",
  "headers": {
    "X-Merchant-Id": "dbb46701285c1a2e24a0bf92f00501e5",
    "X-Timestamp": "1775000497",
    "X-Nonce": "ba770a3c40ab66eade94b31f33ef0ba1",
    "X-Sign": "b8ea6204...",
    "Accept": "application/json"
  },
  "body": null,
  "params": {
    "expand": "images",
    "page": 27
  }
}
================================================================================

{
  "timestamp": "2026-03-31T23:41:37.871Z",
  "type": "request",
  "endpoint": "GET /games",
  "fullUrl": "https://staging.slotegrator.com/api/index.php/v1/games?expand=images&page=28",
  "headers": {
    "X-Merchant-Id": "dbb46701285c1a2e24a0bf92f00501e5",
    "X-Timestamp": "1775000497",
    "X-Nonce": "cb15c7f85c6cb90191f0c4b0f058a811",
    "X-Sign": "4bf0338c...",
    "Accept": "application/json"
  },
  "body": null,
  "params": {
    "expand": "images",
    "page": 28
  }
}
================================================================================

{
  "timestamp": "2026-03-31T23:41:38.470Z",
  "type": "request",
  "endpoint": "GET /games",
  "fullUrl": "https://staging.slotegrator.com/api/index.php/v1/games?expand=images&page=29",
  "headers": {
    "X-Merchant-Id": "dbb46701285c1a2e24a0bf92f00501e5",
    "X-Timestamp": "1775000498",
    "X-Nonce": "8540a205f83d0e67949211b8ea9e9511",
    "X-Sign": "120577e2...",
    "Accept": "application/json"
  },
  "body": null,
  "params": {
    "expand": "images",
    "page": 29
  }
}
================================================================================

{
  "timestamp": "2026-03-31T23:41:39.071Z",
  "type": "request",
  "endpoint": "GET /games",
  "fullUrl": "https://staging.slotegrator.com/api/index.php/v1/games?expand=images&page=30",
  "headers": {
    "X-Merchant-Id": "dbb46701285c1a2e24a0bf92f00501e5",
    "X-Timestamp": "1775000499",
    "X-Nonce": "6dddbea0767e99be974af048c3d1fc8d",
    "X-Sign": "40448033...",
    "Accept": "application/json"
  },
  "body": null,
  "params": {
    "expand": "images",
    "page": 30
  }
}
================================================================================

{
  "timestamp": "2026-03-31T23:41:39.297Z",
  "type": "request",
  "endpoint": "GET /games",
  "fullUrl": "https://staging.slotegrator.com/api/index.php/v1/games?expand=images",
  "headers": {
    "X-Merchant-Id": "dbb46701285c1a2e24a0bf92f00501e5",
    "X-Timestamp": "1775000499",
    "X-Nonce": "e986a5b384b3afef971fea5bb0d42405",
    "X-Sign": "e9a46eec...",
    "Accept": "application/json"
  },
  "body": null,
  "params": {
    "expand": "images"
  }
}
================================================================================

{
  "timestamp": "2026-03-31T23:41:39.721Z",
  "type": "request",
  "endpoint": "GET /games",
  "fullUrl": "https://staging.slotegrator.com/api/index.php/v1/games?expand=images&page=31",
  "headers": {
    "X-Merchant-Id": "dbb46701285c1a2e24a0bf92f00501e5",
    "X-Timestamp": "1775000499",
    "X-Nonce": "7499cfe633eadc15ab786193517a93e3",
    "X-Sign": "a31e0054...",
    "Accept": "application/json"
  },
  "body": null,
  "params": {
    "expand": "images",
    "page": 31
  }
}
================================================================================

{
  "timestamp": "2026-03-31T23:41:39.971Z",
  "type": "request",
  "endpoint": "GET /games",
  "fullUrl": "https://staging.slotegrator.com/api/index.php/v1/games?expand=images&page=2",
  "headers": {
    "X-Merchant-Id": "dbb46701285c1a2e24a0bf92f00501e5",
    "X-Timestamp": "1775000499",
    "X-Nonce": "15373a9270c635ea138287aad63edb1c",
    "X-Sign": "37af0fd0...",
    "Accept": "application/json"
  },
  "body": null,
  "params": {
    "expand": "images",
    "page": 2
  }
}
================================================================================

{
  "timestamp": "2026-03-31T23:41:40.322Z",
  "type": "request",
  "endpoint": "GET /games",
  "fullUrl": "https://staging.slotegrator.com/api/index.php/v1/games?expand=images&page=32",
  "headers": {
    "X-Merchant-Id": "dbb46701285c1a2e24a0bf92f00501e5",
    "X-Timestamp": "1775000500",
    "X-Nonce": "3ca30d210ca0a1ed57c180d18dbf5eff",
    "X-Sign": "dc636602...",
    "Accept": "application/json"
  },
  "body": null,
  "params": {
    "expand": "images",
    "page": 32
  }
}
================================================================================

{
  "timestamp": "2026-03-31T23:41:40.537Z",
  "type": "request",
  "endpoint": "GET /games",
  "fullUrl": "https://staging.slotegrator.com/api/index.php/v1/games?expand=images&page=3",
  "headers": {
    "X-Merchant-Id": "dbb46701285c1a2e24a0bf92f00501e5",
    "X-Timestamp": "1775000500",
    "X-Nonce": "75b8770e9d87bc5f21d86954289c518e",
    "X-Sign": "0ddb2912...",
    "Accept": "application/json"
  },
  "body": null,
  "params": {
    "expand": "images",
    "page": 3
  }
}
================================================================================

{
  "timestamp": "2026-03-31T23:41:40.937Z",
  "type": "request",
  "endpoint": "GET /games",
  "fullUrl": "https://staging.slotegrator.com/api/index.php/v1/games?expand=images&page=33",
  "headers": {
    "X-Merchant-Id": "dbb46701285c1a2e24a0bf92f00501e5",
    "X-Timestamp": "1775000500",
    "X-Nonce": "72225a46c2661cfa96eae2a4e5637e00",
    "X-Sign": "6d075641...",
    "Accept": "application/json"
  },
  "body": null,
  "params": {
    "expand": "images",
    "page": 33
  }
}
================================================================================

{
  "timestamp": "2026-03-31T23:41:41.120Z",
  "type": "request",
  "endpoint": "GET /games",
  "fullUrl": "https://staging.slotegrator.com/api/index.php/v1/games?expand=images&page=4",
  "headers": {
    "X-Merchant-Id": "dbb46701285c1a2e24a0bf92f00501e5",
    "X-Timestamp": "1775000501",
    "X-Nonce": "57c70ee275075788c122fd64717cdcca",
    "X-Sign": "d0b68f52...",
    "Accept": "application/json"
  },
  "body": null,
  "params": {
    "expand": "images",
    "page": 4
  }
}
================================================================================

{
  "timestamp": "2026-03-31T23:41:41.587Z",
  "type": "request",
  "endpoint": "GET /games",
  "fullUrl": "https://staging.slotegrator.com/api/index.php/v1/games?expand=images&page=34",
  "headers": {
    "X-Merchant-Id": "dbb46701285c1a2e24a0bf92f00501e5",
    "X-Timestamp": "1775000501",
    "X-Nonce": "ff4903b7834dd1a84cce1820a339dc2f",
    "X-Sign": "cd073b2d...",
    "Accept": "application/json"
  },
  "body": null,
  "params": {
    "expand": "images",
    "page": 34
  }
}
================================================================================

{
  "timestamp": "2026-03-31T23:41:41.669Z",
  "type": "request",
  "endpoint": "GET /games",
  "fullUrl": "https://staging.slotegrator.com/api/index.php/v1/games?expand=images&page=5",
  "headers": {
    "X-Merchant-Id": "dbb46701285c1a2e24a0bf92f00501e5",
    "X-Timestamp": "1775000501",
    "X-Nonce": "2181d333083fc65c4089531e72844f4d",
    "X-Sign": "dfa6fedd...",
    "Accept": "application/json"
  },
  "body": null,
  "params": {
    "expand": "images",
    "page": 5
  }
}
================================================================================

{
  "timestamp": "2026-03-31T23:41:42.250Z",
  "type": "request",
  "endpoint": "GET /games",
  "fullUrl": "https://staging.slotegrator.com/api/index.php/v1/games?expand=images&page=35",
  "headers": {
    "X-Merchant-Id": "dbb46701285c1a2e24a0bf92f00501e5",
    "X-Timestamp": "1775000502",
    "X-Nonce": "055baf0ad71594c61719e1177a5cd4e0",
    "X-Sign": "7c47e588...",
    "Accept": "application/json"
  },
  "body": null,
  "params": {
    "expand": "images",
    "page": 35
  }
}
================================================================================

{
  "timestamp": "2026-03-31T23:41:42.271Z",
  "type": "request",
  "endpoint": "GET /games",
  "fullUrl": "https://staging.slotegrator.com/api/index.php/v1/games?expand=images&page=6",
  "headers": {
    "X-Merchant-Id": "dbb46701285c1a2e24a0bf92f00501e5",
    "X-Timestamp": "1775000502",
    "X-Nonce": "f1fb82d4a6b768cd531ef1539d9174b4",
    "X-Sign": "4436412a...",
    "Accept": "application/json"
  },
  "body": null,
  "params": {
    "expand": "images",
    "page": 6
  }
}
================================================================================

{
  "timestamp": "2026-03-31T23:41:42.820Z",
  "type": "request",
  "endpoint": "GET /games",
  "fullUrl": "https://staging.slotegrator.com/api/index.php/v1/games?expand=images&page=7",
  "headers": {
    "X-Merchant-Id": "dbb46701285c1a2e24a0bf92f00501e5",
    "X-Timestamp": "1775000502",
    "X-Nonce": "3dc3ff92531bbd8b9ea28edf375b9bc4",
    "X-Sign": "f381888c...",
    "Accept": "application/json"
  },
  "body": null,
  "params": {
    "expand": "images",
    "page": 7
  }
}
================================================================================

{
  "timestamp": "2026-03-31T23:41:42.903Z",
  "type": "request",
  "endpoint": "GET /games",
  "fullUrl": "https://staging.slotegrator.com/api/index.php/v1/games?expand=images&page=36",
  "headers": {
    "X-Merchant-Id": "dbb46701285c1a2e24a0bf92f00501e5",
    "X-Timestamp": "1775000502",
    "X-Nonce": "e32dda752bab25825ae0275ae9c72d41",
    "X-Sign": "741143c5...",
    "Accept": "application/json"
  },
  "body": null,
  "params": {
    "expand": "images",
    "page": 36
  }
}
================================================================================

{
  "timestamp": "2026-03-31T23:41:43.404Z",
  "type": "request",
  "endpoint": "GET /games",
  "fullUrl": "https://staging.slotegrator.com/api/index.php/v1/games?expand=images&page=8",
  "headers": {
    "X-Merchant-Id": "dbb46701285c1a2e24a0bf92f00501e5",
    "X-Timestamp": "1775000503",
    "X-Nonce": "2e917be2281b52d310cf12016e70a161",
    "X-Sign": "1d45fff3...",
    "Accept": "application/json"
  },
  "body": null,
  "params": {
    "expand": "images",
    "page": 8
  }
}
================================================================================

{
  "timestamp": "2026-03-31T23:41:43.566Z",
  "type": "request",
  "endpoint": "GET /games",
  "fullUrl": "https://staging.slotegrator.com/api/index.php/v1/games?expand=images&page=37",
  "headers": {
    "X-Merchant-Id": "dbb46701285c1a2e24a0bf92f00501e5",
    "X-Timestamp": "1775000503",
    "X-Nonce": "48844899162cf667d51bdfb48351c189",
    "X-Sign": "d560b8cc...",
    "Accept": "application/json"
  },
  "body": null,
  "params": {
    "expand": "images",
    "page": 37
  }
}
================================================================================

{
  "timestamp": "2026-03-31T23:41:43.986Z",
  "type": "request",
  "endpoint": "GET /games",
  "fullUrl": "https://staging.slotegrator.com/api/index.php/v1/games?expand=images&page=9",
  "headers": {
    "X-Merchant-Id": "dbb46701285c1a2e24a0bf92f00501e5",
    "X-Timestamp": "1775000503",
    "X-Nonce": "827374951f8794eff6b150577fd0a382",
    "X-Sign": "988bdeaf...",
    "Accept": "application/json"
  },
  "body": null,
  "params": {
    "expand": "images",
    "page": 9
  }
}
================================================================================

{
  "timestamp": "2026-03-31T23:41:44.204Z",
  "type": "request",
  "endpoint": "GET /games",
  "fullUrl": "https://staging.slotegrator.com/api/index.php/v1/games?expand=images&page=38",
  "headers": {
    "X-Merchant-Id": "dbb46701285c1a2e24a0bf92f00501e5",
    "X-Timestamp": "1775000504",
    "X-Nonce": "81e8148bf65da66afff1e9ecf18555d2",
    "X-Sign": "a221abd7...",
    "Accept": "application/json"
  },
  "body": null,
  "params": {
    "expand": "images",
    "page": 38
  }
}
================================================================================

{
  "timestamp": "2026-03-31T23:41:44.553Z",
  "type": "request",
  "endpoint": "GET /games",
  "fullUrl": "https://staging.slotegrator.com/api/index.php/v1/games?expand=images&page=10",
  "headers": {
    "X-Merchant-Id": "dbb46701285c1a2e24a0bf92f00501e5",
    "X-Timestamp": "1775000504",
    "X-Nonce": "2e395bff99bb7e5ab826d8ac0aa4fafb",
    "X-Sign": "d07e37fc...",
    "Accept": "application/json"
  },
  "body": null,
  "params": {
    "expand": "images",
    "page": 10
  }
}
================================================================================

{
  "timestamp": "2026-03-31T23:41:44.837Z",
  "type": "request",
  "endpoint": "GET /games",
  "fullUrl": "https://staging.slotegrator.com/api/index.php/v1/games?expand=images&page=39",
  "headers": {
    "X-Merchant-Id": "dbb46701285c1a2e24a0bf92f00501e5",
    "X-Timestamp": "1775000504",
    "X-Nonce": "f588f2c247f32268b78e5f4907e7ab07",
    "X-Sign": "4908b045...",
    "Accept": "application/json"
  },
  "body": null,
  "params": {
    "expand": "images",
    "page": 39
  }
}
================================================================================

{
  "timestamp": "2026-03-31T23:41:45.088Z",
  "type": "request",
  "endpoint": "GET /games",
  "fullUrl": "https://staging.slotegrator.com/api/index.php/v1/games?expand=images&page=11",
  "headers": {
    "X-Merchant-Id": "dbb46701285c1a2e24a0bf92f00501e5",
    "X-Timestamp": "1775000505",
    "X-Nonce": "ff19919fd675a5d01ac18eeb01db9ba9",
    "X-Sign": "b22b6e3f...",
    "Accept": "application/json"
  },
  "body": null,
  "params": {
    "expand": "images",
    "page": 11
  }
}
================================================================================

{
  "timestamp": "2026-03-31T23:41:45.472Z",
  "type": "request",
  "endpoint": "GET /games",
  "fullUrl": "https://staging.slotegrator.com/api/index.php/v1/games?expand=images&page=40",
  "headers": {
    "X-Merchant-Id": "dbb46701285c1a2e24a0bf92f00501e5",
    "X-Timestamp": "1775000505",
    "X-Nonce": "ef666d80e11e1ca0d44bae08d48992bc",
    "X-Sign": "4c343576...",
    "Accept": "application/json"
  },
  "body": null,
  "params": {
    "expand": "images",
    "page": 40
  }
}
================================================================================

{
  "timestamp": "2026-03-31T23:41:45.602Z",
  "type": "request",
  "endpoint": "GET /games",
  "fullUrl": "https://staging.slotegrator.com/api/index.php/v1/games?expand=images&page=12",
  "headers": {
    "X-Merchant-Id": "dbb46701285c1a2e24a0bf92f00501e5",
    "X-Timestamp": "1775000505",
    "X-Nonce": "17c699903b957e42815e13d57edf0217",
    "X-Sign": "0510bc4b...",
    "Accept": "application/json"
  },
  "body": null,
  "params": {
    "expand": "images",
    "page": 12
  }
}
================================================================================

{
  "timestamp": "2026-03-31T23:41:46.167Z",
  "type": "request",
  "endpoint": "GET /limits",
  "fullUrl": "https://staging.slotegrator.com/api/index.php/v1/limits",
  "headers": {
    "X-Merchant-Id": "dbb46701285c1a2e24a0bf92f00501e5",
    "X-Timestamp": "1775000506",
    "X-Nonce": "36600f27c6b59be185abfedab4bd41ba",
    "X-Sign": "befa2f2c...",
    "Accept": "application/json"
  },
  "body": null,
  "params": null
}
================================================================================

{
  "timestamp": "2026-03-31T23:41:46.204Z",
  "type": "request",
  "endpoint": "GET /games",
  "fullUrl": "https://staging.slotegrator.com/api/index.php/v1/games?expand=images&page=13",
  "headers": {
    "X-Merchant-Id": "dbb46701285c1a2e24a0bf92f00501e5",
    "X-Timestamp": "1775000506",
    "X-Nonce": "900ee0905f040517b55578e47030c8f6",
    "X-Sign": "972c9b24...",
    "Accept": "application/json"
  },
  "body": null,
  "params": {
    "expand": "images",
    "page": 13
  }
}
================================================================================

{
  "timestamp": "2026-03-31T23:41:46.831Z",
  "type": "request",
  "endpoint": "GET /games",
  "fullUrl": "https://staging.slotegrator.com/api/index.php/v1/games?expand=images&page=14",
  "headers": {
    "X-Merchant-Id": "dbb46701285c1a2e24a0bf92f00501e5",
    "X-Timestamp": "1775000506",
    "X-Nonce": "3c898e100c8fadf7c5169824644e81c6",
    "X-Sign": "8c6cb183...",
    "Accept": "application/json"
  },
  "body": null,
  "params": {
    "expand": "images",
    "page": 14
  }
}
================================================================================

{
  "timestamp": "2026-03-31T23:41:47.437Z",
  "type": "request",
  "endpoint": "GET /games",
  "fullUrl": "https://staging.slotegrator.com/api/index.php/v1/games?expand=images&page=15",
  "headers": {
    "X-Merchant-Id": "dbb46701285c1a2e24a0bf92f00501e5",
    "X-Timestamp": "1775000507",
    "X-Nonce": "b1ee59c940f959fb58c3848b4a592aef",
    "X-Sign": "3befdbea...",
    "Accept": "application/json"
  },
  "body": null,
  "params": {
    "expand": "images",
    "page": 15
  }
}
================================================================================

{
  "timestamp": "2026-03-31T23:41:48.270Z",
  "type": "request",
  "endpoint": "GET /games",
  "fullUrl": "https://staging.slotegrator.com/api/index.php/v1/games?expand=images&page=16",
  "headers": {
    "X-Merchant-Id": "dbb46701285c1a2e24a0bf92f00501e5",
    "X-Timestamp": "1775000508",
    "X-Nonce": "604e2660b949c663e731cb233f022b83",
    "X-Sign": "659d11b3...",
    "Accept": "application/json"
  },
  "body": null,
  "params": {
    "expand": "images",
    "page": 16
  }
}
================================================================================

{
  "timestamp": "2026-03-31T23:41:49.003Z",
  "type": "request",
  "endpoint": "GET /games",
  "fullUrl": "https://staging.slotegrator.com/api/index.php/v1/games?expand=images&page=17",
  "headers": {
    "X-Merchant-Id": "dbb46701285c1a2e24a0bf92f00501e5",
    "X-Timestamp": "1775000509",
    "X-Nonce": "2a776e940c04889c2b6ec836158c11cc",
    "X-Sign": "c098cd8c...",
    "Accept": "application/json"
  },
  "body": null,
  "params": {
    "expand": "images",
    "page": 17
  }
}
================================================================================

{
  "timestamp": "2026-03-31T23:41:50.386Z",
  "type": "request",
  "endpoint": "GET /games",
  "fullUrl": "https://staging.slotegrator.com/api/index.php/v1/games?expand=images&page=18",
  "headers": {
    "X-Merchant-Id": "dbb46701285c1a2e24a0bf92f00501e5",
    "X-Timestamp": "1775000510",
    "X-Nonce": "d463d4d01c74ae7faaf0439ab3f813f0",
    "X-Sign": "8c1ab03a...",
    "Accept": "application/json"
  },
  "body": null,
  "params": {
    "expand": "images",
    "page": 18
  }
}
================================================================================

{
  "timestamp": "2026-03-31T23:41:51.704Z",
  "type": "request",
  "endpoint": "GET /games",
  "fullUrl": "https://staging.slotegrator.com/api/index.php/v1/games?expand=images&page=19",
  "headers": {
    "X-Merchant-Id": "dbb46701285c1a2e24a0bf92f00501e5",
    "X-Timestamp": "1775000511",
    "X-Nonce": "0f518ba427be2a7b4755e228c47645b1",
    "X-Sign": "e9ff075a...",
    "Accept": "application/json"
  },
  "body": null,
  "params": {
    "expand": "images",
    "page": 19
  }
}
================================================================================

{
  "timestamp": "2026-03-31T23:41:53.141Z",
  "type": "request",
  "endpoint": "GET /games",
  "fullUrl": "https://staging.slotegrator.com/api/index.php/v1/games?expand=images&page=20",
  "headers": {
    "X-Merchant-Id": "dbb46701285c1a2e24a0bf92f00501e5",
    "X-Timestamp": "1775000513",
    "X-Nonce": "195b25334445174fd0e9a53705f6c1e7",
    "X-Sign": "f028585c...",
    "Accept": "application/json"
  },
  "body": null,
  "params": {
    "expand": "images",
    "page": 20
  }
}
================================================================================

{
  "timestamp": "2026-03-31T23:41:54.575Z",
  "type": "request",
  "endpoint": "GET /games",
  "fullUrl": "https://staging.slotegrator.com/api/index.php/v1/games?expand=images&page=21",
  "headers": {
    "X-Merchant-Id": "dbb46701285c1a2e24a0bf92f00501e5",
    "X-Timestamp": "1775000514",
    "X-Nonce": "d1744e50fa327f522210e4971865862f",
    "X-Sign": "b0e82139...",
    "Accept": "application/json"
  },
  "body": null,
  "params": {
    "expand": "images",
    "page": 21
  }
}
================================================================================

{
  "timestamp": "2026-03-31T23:41:55.682Z",
  "type": "request",
  "endpoint": "GET /games",
  "fullUrl": "https://staging.slotegrator.com/api/index.php/v1/games?expand=images&page=22",
  "headers": {
    "X-Merchant-Id": "dbb46701285c1a2e24a0bf92f00501e5",
    "X-Timestamp": "1775000515",
    "X-Nonce": "0aac7f4b935316257e9ccc57451dba57",
    "X-Sign": "8cf7f290...",
    "Accept": "application/json"
  },
  "body": null,
  "params": {
    "expand": "images",
    "page": 22
  }
}
================================================================================

{
  "timestamp": "2026-03-31T23:41:56.963Z",
  "type": "request",
  "endpoint": "GET /games",
  "fullUrl": "https://staging.slotegrator.com/api/index.php/v1/games?expand=images&page=23",
  "headers": {
    "X-Merchant-Id": "dbb46701285c1a2e24a0bf92f00501e5",
    "X-Timestamp": "1775000516",
    "X-Nonce": "16b354344e6ffb793ec1b936aa4d9dce",
    "X-Sign": "2b518a26...",
    "Accept": "application/json"
  },
  "body": null,
  "params": {
    "expand": "images",
    "page": 23
  }
}
================================================================================

{
  "timestamp": "2026-03-31T23:41:58.247Z",
  "type": "request",
  "endpoint": "GET /games",
  "fullUrl": "https://staging.slotegrator.com/api/index.php/v1/games?expand=images&page=24",
  "headers": {
    "X-Merchant-Id": "dbb46701285c1a2e24a0bf92f00501e5",
    "X-Timestamp": "1775000518",
    "X-Nonce": "0c2af2625e1541f2689acc8c0abefbff",
    "X-Sign": "782df334...",
    "Accept": "application/json"
  },
  "body": null,
  "params": {
    "expand": "images",
    "page": 24
  }
}
================================================================================

{
  "timestamp": "2026-03-31T23:41:58.951Z",
  "type": "request",
  "endpoint": "GET /limits",
  "fullUrl": "https://staging.slotegrator.com/api/index.php/v1/limits",
  "headers": {
    "X-Merchant-Id": "dbb46701285c1a2e24a0bf92f00501e5",
    "X-Timestamp": "1775000518",
    "X-Nonce": "03ee1a14144be90846b8e3376a8dd6f7",
    "X-Sign": "5d34dea2...",
    "Accept": "application/json"
  },
  "body": null,
  "params": null
}
================================================================================

{
  "timestamp": "2026-03-31T23:41:59.247Z",
  "type": "request",
  "endpoint": "GET /games",
  "fullUrl": "https://staging.slotegrator.com/api/index.php/v1/games",
  "headers": {
    "X-Merchant-Id": "dbb46701285c1a2e24a0bf92f00501e5",
    "X-Timestamp": "1775000519",
    "X-Nonce": "deaf80768229b5d6461c4569f27fe1c9",
    "X-Sign": "d0b07927...",
    "Accept": "application/json"
  },
  "body": null,
  "params": null
}
================================================================================

{
  "timestamp": "2026-03-31T23:41:59.250Z",
  "type": "request",
  "endpoint": "GET /games",
  "fullUrl": "https://staging.slotegrator.com/api/index.php/v1/games",
  "headers": {
    "X-Merchant-Id": "dbb46701285c1a2e24a0bf92f00501e5",
    "X-Timestamp": "1775000519",
    "X-Nonce": "730c51e31ed840965a20585b8b9db80c",
    "X-Sign": "f382cbb6...",
    "Accept": "application/json"
  },
  "body": null,
  "params": null
}
================================================================================

{
  "timestamp": "2026-03-31T23:41:59.470Z",
  "type": "request",
  "endpoint": "GET /games",
  "fullUrl": "https://staging.slotegrator.com/api/index.php/v1/games?expand=images&page=25",
  "headers": {
    "X-Merchant-Id": "dbb46701285c1a2e24a0bf92f00501e5",
    "X-Timestamp": "1775000519",
    "X-Nonce": "564f2435f98a81d49bf293d4cd18f58c",
    "X-Sign": "e4e83969...",
    "Accept": "application/json"
  },
  "body": null,
  "params": {
    "expand": "images",
    "page": 25
  }
}
================================================================================

{
  "timestamp": "2026-03-31T23:42:00.641Z",
  "type": "request",
  "endpoint": "GET /games",
  "fullUrl": "https://staging.slotegrator.com/api/index.php/v1/games?page=2",
  "headers": {
    "X-Merchant-Id": "dbb46701285c1a2e24a0bf92f00501e5",
    "X-Timestamp": "1775000520",
    "X-Nonce": "07298a9192a254eb91d61d5063a6d36c",
    "X-Sign": "02d52224...",
    "Accept": "application/json"
  },
  "body": null,
  "params": {
    "page": 2
  }
}
================================================================================

{
  "timestamp": "2026-03-31T23:42:00.655Z",
  "type": "request",
  "endpoint": "GET /games",
  "fullUrl": "https://staging.slotegrator.com/api/index.php/v1/games?page=2",
  "headers": {
    "X-Merchant-Id": "dbb46701285c1a2e24a0bf92f00501e5",
    "X-Timestamp": "1775000520",
    "X-Nonce": "e0518ce5c5812e7136268a7fe9aed9e3",
    "X-Sign": "b5e705df...",
    "Accept": "application/json"
  },
  "body": null,
  "params": {
    "page": 2
  }
}
================================================================================

{
  "timestamp": "2026-03-31T23:42:00.838Z",
  "type": "request",
  "endpoint": "GET /games",
  "fullUrl": "https://staging.slotegrator.com/api/index.php/v1/games?expand=images&page=26",
  "headers": {
    "X-Merchant-Id": "dbb46701285c1a2e24a0bf92f00501e5",
    "X-Timestamp": "1775000520",
    "X-Nonce": "ada03e8bb9cc54f2456851d1ace1a37a",
    "X-Sign": "14a58edf...",
    "Accept": "application/json"
  },
  "body": null,
  "params": {
    "expand": "images",
    "page": 26
  }
}
================================================================================

{
  "timestamp": "2026-03-31T23:42:02.051Z",
  "type": "request",
  "endpoint": "GET /games",
  "fullUrl": "https://staging.slotegrator.com/api/index.php/v1/games?page=3",
  "headers": {
    "X-Merchant-Id": "dbb46701285c1a2e24a0bf92f00501e5",
    "X-Timestamp": "1775000522",
    "X-Nonce": "1aec6398771fd0fb58e076274bc09ae5",
    "X-Sign": "278ce737...",
    "Accept": "application/json"
  },
  "body": null,
  "params": {
    "page": 3
  }
}
================================================================================

{
  "timestamp": "2026-03-31T23:42:02.071Z",
  "type": "request",
  "endpoint": "GET /games",
  "fullUrl": "https://staging.slotegrator.com/api/index.php/v1/games?page=3",
  "headers": {
    "X-Merchant-Id": "dbb46701285c1a2e24a0bf92f00501e5",
    "X-Timestamp": "1775000522",
    "X-Nonce": "25ed208c0b0b6c620bb48d98243ed776",
    "X-Sign": "6e97b964...",
    "Accept": "application/json"
  },
  "body": null,
  "params": {
    "page": 3
  }
}
================================================================================

{
  "timestamp": "2026-03-31T23:42:02.435Z",
  "type": "request",
  "endpoint": "GET /games",
  "fullUrl": "https://staging.slotegrator.com/api/index.php/v1/games?expand=images&page=27",
  "headers": {
    "X-Merchant-Id": "dbb46701285c1a2e24a0bf92f00501e5",
    "X-Timestamp": "1775000522",
    "X-Nonce": "7bf17ebdf98833b625e76ea96497b0a9",
    "X-Sign": "231df81f...",
    "Accept": "application/json"
  },
  "body": null,
  "params": {
    "expand": "images",
    "page": 27
  }
}
================================================================================

{
  "timestamp": "2026-03-31T23:42:03.288Z",
  "type": "request",
  "endpoint": "GET /games",
  "fullUrl": "https://staging.slotegrator.com/api/index.php/v1/games?page=4",
  "headers": {
    "X-Merchant-Id": "dbb46701285c1a2e24a0bf92f00501e5",
    "X-Timestamp": "1775000523",
    "X-Nonce": "64211101501b4182732581232c135e03",
    "X-Sign": "d155926e...",
    "Accept": "application/json"
  },
  "body": null,
  "params": {
    "page": 4
  }
}
================================================================================

{
  "timestamp": "2026-03-31T23:42:03.370Z",
  "type": "request",
  "endpoint": "GET /games",
  "fullUrl": "https://staging.slotegrator.com/api/index.php/v1/games?page=4",
  "headers": {
    "X-Merchant-Id": "dbb46701285c1a2e24a0bf92f00501e5",
    "X-Timestamp": "1775000523",
    "X-Nonce": "5f569f77615a2a4c8482facc0932401d",
    "X-Sign": "ad552252...",
    "Accept": "application/json"
  },
  "body": null,
  "params": {
    "page": 4
  }
}
================================================================================

{
  "timestamp": "2026-03-31T23:42:03.552Z",
  "type": "request",
  "endpoint": "GET /games",
  "fullUrl": "https://staging.slotegrator.com/api/index.php/v1/games?expand=images&page=28",
  "headers": {
    "X-Merchant-Id": "dbb46701285c1a2e24a0bf92f00501e5",
    "X-Timestamp": "1775000523",
    "X-Nonce": "e1323f41ca6de97654a423c58dc0228a",
    "X-Sign": "3c8f4853...",
    "Accept": "application/json"
  },
  "body": null,
  "params": {
    "expand": "images",
    "page": 28
  }
}
================================================================================

{
  "timestamp": "2026-03-31T23:42:04.817Z",
  "type": "request",
  "endpoint": "GET /games",
  "fullUrl": "https://staging.slotegrator.com/api/index.php/v1/games?page=5",
  "headers": {
    "X-Merchant-Id": "dbb46701285c1a2e24a0bf92f00501e5",
    "X-Timestamp": "1775000524",
    "X-Nonce": "72afcbb9d4442438f8eb374c3a22c0eb",
    "X-Sign": "311db744...",
    "Accept": "application/json"
  },
  "body": null,
  "params": {
    "page": 5
  }
}
================================================================================

{
  "timestamp": "2026-03-31T23:42:04.838Z",
  "type": "request",
  "endpoint": "GET /games",
  "fullUrl": "https://staging.slotegrator.com/api/index.php/v1/games?page=5",
  "headers": {
    "X-Merchant-Id": "dbb46701285c1a2e24a0bf92f00501e5",
    "X-Timestamp": "1775000524",
    "X-Nonce": "f7b94cd041245a90cd9af726eace048e",
    "X-Sign": "69072f01...",
    "Accept": "application/json"
  },
  "body": null,
  "params": {
    "page": 5
  }
}
================================================================================

{
  "timestamp": "2026-03-31T23:42:05.015Z",
  "type": "request",
  "endpoint": "GET /games",
  "fullUrl": "https://staging.slotegrator.com/api/index.php/v1/games?expand=images&page=29",
  "headers": {
    "X-Merchant-Id": "dbb46701285c1a2e24a0bf92f00501e5",
    "X-Timestamp": "1775000525",
    "X-Nonce": "1019e901905a1d4b773d7c9c60f22426",
    "X-Sign": "7ec881fe...",
    "Accept": "application/json"
  },
  "body": null,
  "params": {
    "expand": "images",
    "page": 29
  }
}
================================================================================

{
  "timestamp": "2026-03-31T23:42:06.130Z",
  "type": "request",
  "endpoint": "GET /games",
  "fullUrl": "https://staging.slotegrator.com/api/index.php/v1/games",
  "headers": {
    "X-Merchant-Id": "dbb46701285c1a2e24a0bf92f00501e5",
    "X-Timestamp": "1775000526",
    "X-Nonce": "9c941bcb74acfcbf533ddc8d7d2e1288",
    "X-Sign": "ad7ad83b...",
    "Accept": "application/json"
  },
  "body": null,
  "params": null
}
================================================================================

{
  "timestamp": "2026-03-31T23:42:06.191Z",
  "type": "request",
  "endpoint": "GET /games",
  "fullUrl": "https://staging.slotegrator.com/api/index.php/v1/games",
  "headers": {
    "X-Merchant-Id": "dbb46701285c1a2e24a0bf92f00501e5",
    "X-Timestamp": "1775000526",
    "X-Nonce": "d5aef8d28fd5b661b57d4dd34eab9233",
    "X-Sign": "c64e6cb9...",
    "Accept": "application/json"
  },
  "body": null,
  "params": null
}
================================================================================

{
  "timestamp": "2026-03-31T23:42:06.568Z",
  "type": "request",
  "endpoint": "GET /games",
  "fullUrl": "https://staging.slotegrator.com/api/index.php/v1/games?expand=images&page=30",
  "headers": {
    "X-Merchant-Id": "dbb46701285c1a2e24a0bf92f00501e5",
    "X-Timestamp": "1775000526",
    "X-Nonce": "a2c8b2710ba46d4d8a1e8cdd19ff068a",
    "X-Sign": "264e3ef5...",
    "Accept": "application/json"
  },
  "body": null,
  "params": {
    "expand": "images",
    "page": 30
  }
}
================================================================================

{
  "timestamp": "2026-03-31T23:42:07.521Z",
  "type": "request",
  "endpoint": "GET /games",
  "fullUrl": "https://staging.slotegrator.com/api/index.php/v1/games?page=2",
  "headers": {
    "X-Merchant-Id": "dbb46701285c1a2e24a0bf92f00501e5",
    "X-Timestamp": "1775000527",
    "X-Nonce": "91b44cd4168d6c1dd23afb4520cbdf22",
    "X-Sign": "b37a6dbe...",
    "Accept": "application/json"
  },
  "body": null,
  "params": {
    "page": 2
  }
}
================================================================================

{
  "timestamp": "2026-03-31T23:42:07.632Z",
  "type": "request",
  "endpoint": "GET /games",
  "fullUrl": "https://staging.slotegrator.com/api/index.php/v1/games?page=2",
  "headers": {
    "X-Merchant-Id": "dbb46701285c1a2e24a0bf92f00501e5",
    "X-Timestamp": "1775000527",
    "X-Nonce": "becf9d4cdccd25b772a507eb7542f56f",
    "X-Sign": "219f25a3...",
    "Accept": "application/json"
  },
  "body": null,
  "params": {
    "page": 2
  }
}
================================================================================

{
  "timestamp": "2026-03-31T23:42:08.144Z",
  "type": "request",
  "endpoint": "GET /games",
  "fullUrl": "https://staging.slotegrator.com/api/index.php/v1/games?expand=images&page=31",
  "headers": {
    "X-Merchant-Id": "dbb46701285c1a2e24a0bf92f00501e5",
    "X-Timestamp": "1775000528",
    "X-Nonce": "3f378b82b15099d497573d9d26fae463",
    "X-Sign": "f8e1d438...",
    "Accept": "application/json"
  },
  "body": null,
  "params": {
    "expand": "images",
    "page": 31
  }
}
================================================================================

{
  "timestamp": "2026-03-31T23:42:08.920Z",
  "type": "request",
  "endpoint": "GET /games",
  "fullUrl": "https://staging.slotegrator.com/api/index.php/v1/games?page=3",
  "headers": {
    "X-Merchant-Id": "dbb46701285c1a2e24a0bf92f00501e5",
    "X-Timestamp": "1775000528",
    "X-Nonce": "48d3358031a8cd84cd67ac1355ec657a",
    "X-Sign": "5d62cd2a...",
    "Accept": "application/json"
  },
  "body": null,
  "params": {
    "page": 3
  }
}
================================================================================

{
  "timestamp": "2026-03-31T23:42:09.220Z",
  "type": "request",
  "endpoint": "GET /games",
  "fullUrl": "https://staging.slotegrator.com/api/index.php/v1/games?page=3",
  "headers": {
    "X-Merchant-Id": "dbb46701285c1a2e24a0bf92f00501e5",
    "X-Timestamp": "1775000529",
    "X-Nonce": "39b01f78f011afee6cf8f65b47126b02",
    "X-Sign": "84df7127...",
    "Accept": "application/json"
  },
  "body": null,
  "params": {
    "page": 3
  }
}
================================================================================

{
  "timestamp": "2026-03-31T23:42:09.770Z",
  "type": "request",
  "endpoint": "GET /games",
  "fullUrl": "https://staging.slotegrator.com/api/index.php/v1/games?expand=images&page=32",
  "headers": {
    "X-Merchant-Id": "dbb46701285c1a2e24a0bf92f00501e5",
    "X-Timestamp": "1775000529",
    "X-Nonce": "b92e87f82b8c93d40a0d7617cf835003",
    "X-Sign": "f4265f5c...",
    "Accept": "application/json"
  },
  "body": null,
  "params": {
    "expand": "images",
    "page": 32
  }
}
================================================================================

{
  "timestamp": "2026-03-31T23:42:10.403Z",
  "type": "request",
  "endpoint": "GET /games",
  "fullUrl": "https://staging.slotegrator.com/api/index.php/v1/games?page=4",
  "headers": {
    "X-Merchant-Id": "dbb46701285c1a2e24a0bf92f00501e5",
    "X-Timestamp": "1775000530",
    "X-Nonce": "7101f54db05978fdfc71fbaa763124e8",
    "X-Sign": "f3fda38a...",
    "Accept": "application/json"
  },
  "body": null,
  "params": {
    "page": 4
  }
}
================================================================================

{
  "timestamp": "2026-03-31T23:42:10.935Z",
  "type": "request",
  "endpoint": "GET /games",
  "fullUrl": "https://staging.slotegrator.com/api/index.php/v1/games?page=4",
  "headers": {
    "X-Merchant-Id": "dbb46701285c1a2e24a0bf92f00501e5",
    "X-Timestamp": "1775000530",
    "X-Nonce": "17482754ed63e01089bbf8dec807a4a7",
    "X-Sign": "fc6614ac...",
    "Accept": "application/json"
  },
  "body": null,
  "params": {
    "page": 4
  }
}
================================================================================

{
  "timestamp": "2026-03-31T23:42:11.338Z",
  "type": "request",
  "endpoint": "GET /games",
  "fullUrl": "https://staging.slotegrator.com/api/index.php/v1/games?expand=images&page=33",
  "headers": {
    "X-Merchant-Id": "dbb46701285c1a2e24a0bf92f00501e5",
    "X-Timestamp": "1775000531",
    "X-Nonce": "457621e599073c864e763b1ad61f928a",
    "X-Sign": "2d5e2405...",
    "Accept": "application/json"
  },
  "body": null,
  "params": {
    "expand": "images",
    "page": 33
  }
}
================================================================================

{
  "timestamp": "2026-03-31T23:42:11.855Z",
  "type": "request",
  "endpoint": "GET /games",
  "fullUrl": "https://staging.slotegrator.com/api/index.php/v1/games?page=5",
  "headers": {
    "X-Merchant-Id": "dbb46701285c1a2e24a0bf92f00501e5",
    "X-Timestamp": "1775000531",
    "X-Nonce": "c8144133a9f8b78e227c5e0764d1dcb7",
    "X-Sign": "021c0138...",
    "Accept": "application/json"
  },
  "body": null,
  "params": {
    "page": 5
  }
}
================================================================================

{
  "timestamp": "2026-03-31T23:42:12.453Z",
  "type": "request",
  "endpoint": "GET /games",
  "fullUrl": "https://staging.slotegrator.com/api/index.php/v1/games?page=5",
  "headers": {
    "X-Merchant-Id": "dbb46701285c1a2e24a0bf92f00501e5",
    "X-Timestamp": "1775000532",
    "X-Nonce": "e8d386fa9f2a2840736c2a43fd4255a5",
    "X-Sign": "639b1e49...",
    "Accept": "application/json"
  },
  "body": null,
  "params": {
    "page": 5
  }
}
================================================================================

{
  "timestamp": "2026-03-31T23:42:12.778Z",
  "type": "request",
  "endpoint": "GET /games",
  "fullUrl": "https://staging.slotegrator.com/api/index.php/v1/games?expand=images&page=34",
  "headers": {
    "X-Merchant-Id": "dbb46701285c1a2e24a0bf92f00501e5",
    "X-Timestamp": "1775000532",
    "X-Nonce": "9005ef13a2e81206a306ce11e57aed0c",
    "X-Sign": "6e599cf4...",
    "Accept": "application/json"
  },
  "body": null,
  "params": {
    "expand": "images",
    "page": 34
  }
}
================================================================================

{
  "timestamp": "2026-03-31T23:42:13.119Z",
  "type": "request",
  "endpoint": "GET /games",
  "fullUrl": "https://staging.slotegrator.com/api/index.php/v1/games?page=6",
  "headers": {
    "X-Merchant-Id": "dbb46701285c1a2e24a0bf92f00501e5",
    "X-Timestamp": "1775000533",
    "X-Nonce": "bdaafdb1b59d97aaadd1de18c352aa9c",
    "X-Sign": "b3d5c353...",
    "Accept": "application/json"
  },
  "body": null,
  "params": {
    "page": 6
  }
}
================================================================================

{
  "timestamp": "2026-03-31T23:42:13.835Z",
  "type": "request",
  "endpoint": "GET /games",
  "fullUrl": "https://staging.slotegrator.com/api/index.php/v1/games?page=6",
  "headers": {
    "X-Merchant-Id": "dbb46701285c1a2e24a0bf92f00501e5",
    "X-Timestamp": "1775000533",
    "X-Nonce": "c8e649b42d8efad33d55f856bfe5d5d7",
    "X-Sign": "e83d0723...",
    "Accept": "application/json"
  },
  "body": null,
  "params": {
    "page": 6
  }
}
================================================================================

{
  "timestamp": "2026-03-31T23:42:14.382Z",
  "type": "request",
  "endpoint": "GET /games",
  "fullUrl": "https://staging.slotegrator.com/api/index.php/v1/games?expand=images&page=35",
  "headers": {
    "X-Merchant-Id": "dbb46701285c1a2e24a0bf92f00501e5",
    "X-Timestamp": "1775000534",
    "X-Nonce": "c56d205267f133dd1ab51bf2ba54a085",
    "X-Sign": "d8341813...",
    "Accept": "application/json"
  },
  "body": null,
  "params": {
    "expand": "images",
    "page": 35
  }
}
================================================================================

{
  "timestamp": "2026-03-31T23:42:14.479Z",
  "type": "request",
  "endpoint": "GET /games",
  "fullUrl": "https://staging.slotegrator.com/api/index.php/v1/games?page=7",
  "headers": {
    "X-Merchant-Id": "dbb46701285c1a2e24a0bf92f00501e5",
    "X-Timestamp": "1775000534",
    "X-Nonce": "9814da62177bfded324a79cad05096ad",
    "X-Sign": "161fb764...",
    "Accept": "application/json"
  },
  "body": null,
  "params": {
    "page": 7
  }
}
================================================================================

{
  "timestamp": "2026-03-31T23:42:15.085Z",
  "type": "request",
  "endpoint": "GET /games",
  "fullUrl": "https://staging.slotegrator.com/api/index.php/v1/games?page=7",
  "headers": {
    "X-Merchant-Id": "dbb46701285c1a2e24a0bf92f00501e5",
    "X-Timestamp": "1775000535",
    "X-Nonce": "9cc0e4632e4f47507a0a41158236e10e",
    "X-Sign": "3b3423c0...",
    "Accept": "application/json"
  },
  "body": null,
  "params": {
    "page": 7
  }
}
================================================================================

{
  "timestamp": "2026-03-31T23:42:16.002Z",
  "type": "request",
  "endpoint": "GET /games",
  "fullUrl": "https://staging.slotegrator.com/api/index.php/v1/games?page=8",
  "headers": {
    "X-Merchant-Id": "dbb46701285c1a2e24a0bf92f00501e5",
    "X-Timestamp": "1775000536",
    "X-Nonce": "ecd55121f429e8beb88c4120f28a50dc",
    "X-Sign": "533a8e82...",
    "Accept": "application/json"
  },
  "body": null,
  "params": {
    "page": 8
  }
}
================================================================================

{
  "timestamp": "2026-03-31T23:42:16.053Z",
  "type": "request",
  "endpoint": "GET /games",
  "fullUrl": "https://staging.slotegrator.com/api/index.php/v1/games?expand=images&page=36",
  "headers": {
    "X-Merchant-Id": "dbb46701285c1a2e24a0bf92f00501e5",
    "X-Timestamp": "1775000536",
    "X-Nonce": "dc1c1d97d790127fea5ca2bd7e2a90d1",
    "X-Sign": "b2d4b33e...",
    "Accept": "application/json"
  },
  "body": null,
  "params": {
    "expand": "images",
    "page": 36
  }
}
================================================================================

{
  "timestamp": "2026-03-31T23:42:16.369Z",
  "type": "request",
  "endpoint": "GET /games",
  "fullUrl": "https://staging.slotegrator.com/api/index.php/v1/games?page=8",
  "headers": {
    "X-Merchant-Id": "dbb46701285c1a2e24a0bf92f00501e5",
    "X-Timestamp": "1775000536",
    "X-Nonce": "910efa340d59b0ab9cf18d60f1457de0",
    "X-Sign": "6ce093fb...",
    "Accept": "application/json"
  },
  "body": null,
  "params": {
    "page": 8
  }
}
================================================================================

{
  "timestamp": "2026-03-31T23:42:17.269Z",
  "type": "request",
  "endpoint": "GET /games",
  "fullUrl": "https://staging.slotegrator.com/api/index.php/v1/games?page=9",
  "headers": {
    "X-Merchant-Id": "dbb46701285c1a2e24a0bf92f00501e5",
    "X-Timestamp": "1775000537",
    "X-Nonce": "a8be04b1f1ae5898bdf26146e6ca1302",
    "X-Sign": "89eaa3f3...",
    "Accept": "application/json"
  },
  "body": null,
  "params": {
    "page": 9
  }
}
================================================================================

{
  "timestamp": "2026-03-31T23:42:17.636Z",
  "type": "request",
  "endpoint": "GET /games",
  "fullUrl": "https://staging.slotegrator.com/api/index.php/v1/games?expand=images&page=37",
  "headers": {
    "X-Merchant-Id": "dbb46701285c1a2e24a0bf92f00501e5",
    "X-Timestamp": "1775000537",
    "X-Nonce": "b17f4622dc41b40a91e464a5462836cd",
    "X-Sign": "6491e6db...",
    "Accept": "application/json"
  },
  "body": null,
  "params": {
    "expand": "images",
    "page": 37
  }
}
================================================================================

{
  "timestamp": "2026-03-31T23:42:17.937Z",
  "type": "request",
  "endpoint": "GET /games",
  "fullUrl": "https://staging.slotegrator.com/api/index.php/v1/games?page=9",
  "headers": {
    "X-Merchant-Id": "dbb46701285c1a2e24a0bf92f00501e5",
    "X-Timestamp": "1775000537",
    "X-Nonce": "ddc15f139706782abf96a2e93991fbcf",
    "X-Sign": "c424290d...",
    "Accept": "application/json"
  },
  "body": null,
  "params": {
    "page": 9
  }
}
================================================================================

{
  "timestamp": "2026-03-31T23:42:18.720Z",
  "type": "request",
  "endpoint": "GET /games",
  "fullUrl": "https://staging.slotegrator.com/api/index.php/v1/games?page=10",
  "headers": {
    "X-Merchant-Id": "dbb46701285c1a2e24a0bf92f00501e5",
    "X-Timestamp": "1775000538",
    "X-Nonce": "18a65b8b3c184fac844e8742b4188cc3",
    "X-Sign": "81012709...",
    "Accept": "application/json"
  },
  "body": null,
  "params": {
    "page": 10
  }
}
================================================================================

{
  "timestamp": "2026-03-31T23:42:18.920Z",
  "type": "request",
  "endpoint": "GET /games",
  "fullUrl": "https://staging.slotegrator.com/api/index.php/v1/games?expand=images&page=38",
  "headers": {
    "X-Merchant-Id": "dbb46701285c1a2e24a0bf92f00501e5",
    "X-Timestamp": "1775000538",
    "X-Nonce": "59e83e3de4e8e6ba194835c7c0f3187c",
    "X-Sign": "d4577c19...",
    "Accept": "application/json"
  },
  "body": null,
  "params": {
    "expand": "images",
    "page": 38
  }
}
================================================================================

{
  "timestamp": "2026-03-31T23:42:19.273Z",
  "type": "request",
  "endpoint": "GET /games",
  "fullUrl": "https://staging.slotegrator.com/api/index.php/v1/games?page=10",
  "headers": {
    "X-Merchant-Id": "dbb46701285c1a2e24a0bf92f00501e5",
    "X-Timestamp": "1775000539",
    "X-Nonce": "d33f5210994ef373f23c0273ea6e2bb1",
    "X-Sign": "4505fc1f...",
    "Accept": "application/json"
  },
  "body": null,
  "params": {
    "page": 10
  }
}
================================================================================

{
  "timestamp": "2026-03-31T23:42:20.366Z",
  "type": "request",
  "endpoint": "POST /games/init",
  "fullUrl": "https://staging.slotegrator.com/api/index.php/v1/games/init",
  "headers": {
    "X-Merchant-Id": "dbb46701285c1a2e24a0bf92f00501e5",
    "X-Timestamp": "1775000540",
    "X-Nonce": "8a63e2ab2baf2216388659d5527b413c",
    "X-Sign": "4c461a1f...",
    "Accept": "application/json",
    "Content-Type": "application/x-www-form-urlencoded"
  },
  "body": "game_uuid=fe38b9de0f44ac5892261d426ba39cd1aa410807&player_id=5fbW-EgviQlSB0qgLmM0Z&player_name=nanami&currency=EUR&session_id=session_5fbW-EgviQlSB0qgLmM0Z_1775000540363_nh6la&device=desktop&return_url=https%3A%2F%2Fboztestarea.ngrok.app&language=fr&email=nanami%40gmail.com",
  "params": {
    "game_uuid": "fe38b9de0f44ac5892261d426ba39cd1aa410807",
    "player_id": "5fbW-EgviQlSB0qgLmM0Z",
    "player_name": "nanami",
    "currency": "EUR",
    "session_id": "session_5fbW-EgviQlSB0qgLmM0Z_1775000540363_nh6la",
    "device": "desktop",
    "return_url": "https://boztestarea.ngrok.app",
    "language": "fr",
    "email": "nanami@gmail.com"
  }
}
================================================================================

{
  "timestamp": "2026-03-31T23:42:20.731Z",
  "type": "request",
  "endpoint": "GET /games",
  "fullUrl": "https://staging.slotegrator.com/api/index.php/v1/games?expand=images&page=39",
  "headers": {
    "X-Merchant-Id": "dbb46701285c1a2e24a0bf92f00501e5",
    "X-Timestamp": "1775000540",
    "X-Nonce": "ebcecc50ebeed935083c4819770035a1",
    "X-Sign": "5293c004...",
    "Accept": "application/json"
  },
  "body": null,
  "params": {
    "expand": "images",
    "page": 39
  }
}
================================================================================

{
  "timestamp": "2026-03-31T23:42:20.841Z",
  "type": "request",
  "endpoint": "POST /games/init",
  "fullUrl": "https://staging.slotegrator.com/api/index.php/v1/games/init",
  "headers": {
    "X-Merchant-Id": "dbb46701285c1a2e24a0bf92f00501e5",
    "X-Timestamp": "1775000540",
    "X-Nonce": "43f925ffbfcea1ffcf9de85c94c67968",
    "X-Sign": "c380cd48...",
    "Accept": "application/json",
    "Content-Type": "application/x-www-form-urlencoded"
  },
  "body": "game_uuid=fe38b9de0f44ac5892261d426ba39cd1aa410807&player_id=5fbW-EgviQlSB0qgLmM0Z&player_name=nanami&currency=EUR&session_id=session_5fbW-EgviQlSB0qgLmM0Z_1775000540839_9v3xak&device=desktop&return_url=https%3A%2F%2Fboztestarea.ngrok.app&language=fr&email=nanami%40gmail.com",
  "params": {
    "game_uuid": "fe38b9de0f44ac5892261d426ba39cd1aa410807",
    "player_id": "5fbW-EgviQlSB0qgLmM0Z",
    "player_name": "nanami",
    "currency": "EUR",
    "session_id": "session_5fbW-EgviQlSB0qgLmM0Z_1775000540839_9v3xak",
    "device": "desktop",
    "return_url": "https://boztestarea.ngrok.app",
    "language": "fr",
    "email": "nanami@gmail.com"
  }
}
================================================================================

{
  "timestamp": "2026-03-31T23:42:22.455Z",
  "type": "request",
  "endpoint": "GET /games",
  "fullUrl": "https://staging.slotegrator.com/api/index.php/v1/games?expand=images&page=40",
  "headers": {
    "X-Merchant-Id": "dbb46701285c1a2e24a0bf92f00501e5",
    "X-Timestamp": "1775000542",
    "X-Nonce": "c1c12fd96c0dcd16f0ea7343e278e01e",
    "X-Sign": "017df0d8...",
    "Accept": "application/json"
  },
  "body": null,
  "params": {
    "expand": "images",
    "page": 40
  }
}
================================================================================

{
  "timestamp": "2026-03-31T23:43:11.096Z",
  "type": "request",
  "endpoint": "GET /limits",
  "fullUrl": "https://staging.slotegrator.com/api/index.php/v1/limits",
  "headers": {
    "X-Merchant-Id": "dbb46701285c1a2e24a0bf92f00501e5",
    "X-Timestamp": "1775000591",
    "X-Nonce": "cd88c16001d7f473d7aded5ff20282a5",
    "X-Sign": "1f5889ea...",
    "Accept": "application/json"
  },
  "body": null,
  "params": null
}
================================================================================

{
  "timestamp": "2026-03-31T23:43:11.415Z",
  "type": "request",
  "endpoint": "GET /games",
  "fullUrl": "https://staging.slotegrator.com/api/index.php/v1/games",
  "headers": {
    "X-Merchant-Id": "dbb46701285c1a2e24a0bf92f00501e5",
    "X-Timestamp": "1775000591",
    "X-Nonce": "07b7349a2559c5aed18657d79c112a9d",
    "X-Sign": "987676b9...",
    "Accept": "application/json"
  },
  "body": null,
  "params": null
}
================================================================================

{
  "timestamp": "2026-03-31T23:43:11.417Z",
  "type": "request",
  "endpoint": "GET /games",
  "fullUrl": "https://staging.slotegrator.com/api/index.php/v1/games",
  "headers": {
    "X-Merchant-Id": "dbb46701285c1a2e24a0bf92f00501e5",
    "X-Timestamp": "1775000591",
    "X-Nonce": "b808e353ca83ae6fb64f9e4384b974e4",
    "X-Sign": "510011eb...",
    "Accept": "application/json"
  },
  "body": null,
  "params": null
}
================================================================================

{
  "timestamp": "2026-03-31T23:43:11.973Z",
  "type": "request",
  "endpoint": "GET /games",
  "fullUrl": "https://staging.slotegrator.com/api/index.php/v1/games?page=2",
  "headers": {
    "X-Merchant-Id": "dbb46701285c1a2e24a0bf92f00501e5",
    "X-Timestamp": "1775000591",
    "X-Nonce": "c4df6d7945b8e4db10f78b54b51090ff",
    "X-Sign": "03b90c4b...",
    "Accept": "application/json"
  },
  "body": null,
  "params": {
    "page": 2
  }
}
================================================================================

{
  "timestamp": "2026-03-31T23:43:12.171Z",
  "type": "request",
  "endpoint": "GET /games",
  "fullUrl": "https://staging.slotegrator.com/api/index.php/v1/games?page=2",
  "headers": {
    "X-Merchant-Id": "dbb46701285c1a2e24a0bf92f00501e5",
    "X-Timestamp": "1775000592",
    "X-Nonce": "fb96fc278aa401df2fd259fb48907f1c",
    "X-Sign": "aa8a89f2...",
    "Accept": "application/json"
  },
  "body": null,
  "params": {
    "page": 2
  }
}
================================================================================

{
  "timestamp": "2026-03-31T23:43:12.588Z",
  "type": "request",
  "endpoint": "GET /games",
  "fullUrl": "https://staging.slotegrator.com/api/index.php/v1/games?page=3",
  "headers": {
    "X-Merchant-Id": "dbb46701285c1a2e24a0bf92f00501e5",
    "X-Timestamp": "1775000592",
    "X-Nonce": "d654c8a5a079d1d2f43fc03cd82c9cc9",
    "X-Sign": "f13cfbff...",
    "Accept": "application/json"
  },
  "body": null,
  "params": {
    "page": 3
  }
}
================================================================================

{
  "timestamp": "2026-03-31T23:43:12.737Z",
  "type": "request",
  "endpoint": "GET /games",
  "fullUrl": "https://staging.slotegrator.com/api/index.php/v1/games?page=3",
  "headers": {
    "X-Merchant-Id": "dbb46701285c1a2e24a0bf92f00501e5",
    "X-Timestamp": "1775000592",
    "X-Nonce": "945f207e1822345b522535570401a0c9",
    "X-Sign": "58f4861a...",
    "Accept": "application/json"
  },
  "body": null,
  "params": {
    "page": 3
  }
}
================================================================================

{
  "timestamp": "2026-03-31T23:43:13.138Z",
  "type": "request",
  "endpoint": "GET /games",
  "fullUrl": "https://staging.slotegrator.com/api/index.php/v1/games?page=4",
  "headers": {
    "X-Merchant-Id": "dbb46701285c1a2e24a0bf92f00501e5",
    "X-Timestamp": "1775000593",
    "X-Nonce": "d6c72122f8106aa0d13380f01bf96f72",
    "X-Sign": "a5a3f7ea...",
    "Accept": "application/json"
  },
  "body": null,
  "params": {
    "page": 4
  }
}
================================================================================

{
  "timestamp": "2026-03-31T23:43:13.304Z",
  "type": "request",
  "endpoint": "GET /games",
  "fullUrl": "https://staging.slotegrator.com/api/index.php/v1/games?page=4",
  "headers": {
    "X-Merchant-Id": "dbb46701285c1a2e24a0bf92f00501e5",
    "X-Timestamp": "1775000593",
    "X-Nonce": "d8704e5d7fb5d7011c02a168fcdb1419",
    "X-Sign": "de6133ae...",
    "Accept": "application/json"
  },
  "body": null,
  "params": {
    "page": 4
  }
}
================================================================================

{
  "timestamp": "2026-03-31T23:43:13.704Z",
  "type": "request",
  "endpoint": "GET /games",
  "fullUrl": "https://staging.slotegrator.com/api/index.php/v1/games?page=5",
  "headers": {
    "X-Merchant-Id": "dbb46701285c1a2e24a0bf92f00501e5",
    "X-Timestamp": "1775000593",
    "X-Nonce": "bdc92e3abedfc2d1c79fc5c727a7c3ba",
    "X-Sign": "1087c5a2...",
    "Accept": "application/json"
  },
  "body": null,
  "params": {
    "page": 5
  }
}
================================================================================

{
  "timestamp": "2026-03-31T23:43:13.887Z",
  "type": "request",
  "endpoint": "GET /games",
  "fullUrl": "https://staging.slotegrator.com/api/index.php/v1/games?page=5",
  "headers": {
    "X-Merchant-Id": "dbb46701285c1a2e24a0bf92f00501e5",
    "X-Timestamp": "1775000593",
    "X-Nonce": "c14695c6f185df61838417d4d7111437",
    "X-Sign": "c1f12a88...",
    "Accept": "application/json"
  },
  "body": null,
  "params": {
    "page": 5
  }
}
================================================================================

{
  "timestamp": "2026-03-31T23:43:14.240Z",
  "type": "request",
  "endpoint": "GET /games",
  "fullUrl": "https://staging.slotegrator.com/api/index.php/v1/games",
  "headers": {
    "X-Merchant-Id": "dbb46701285c1a2e24a0bf92f00501e5",
    "X-Timestamp": "1775000594",
    "X-Nonce": "c8e3ce8631f0fd6cdf570ca40e663186",
    "X-Sign": "b0d52f06...",
    "Accept": "application/json"
  },
  "body": null,
  "params": null
}
================================================================================

{
  "timestamp": "2026-03-31T23:43:14.403Z",
  "type": "request",
  "endpoint": "GET /games",
  "fullUrl": "https://staging.slotegrator.com/api/index.php/v1/games",
  "headers": {
    "X-Merchant-Id": "dbb46701285c1a2e24a0bf92f00501e5",
    "X-Timestamp": "1775000594",
    "X-Nonce": "688300a26b17d8aefa4824a475e5f4db",
    "X-Sign": "d2ab9244...",
    "Accept": "application/json"
  },
  "body": null,
  "params": null
}
================================================================================

{
  "timestamp": "2026-03-31T23:43:14.804Z",
  "type": "request",
  "endpoint": "GET /games",
  "fullUrl": "https://staging.slotegrator.com/api/index.php/v1/games?page=2",
  "headers": {
    "X-Merchant-Id": "dbb46701285c1a2e24a0bf92f00501e5",
    "X-Timestamp": "1775000594",
    "X-Nonce": "c21c8c2aa716d7eb309f772c49ecd18d",
    "X-Sign": "368ad47a...",
    "Accept": "application/json"
  },
  "body": null,
  "params": {
    "page": 2
  }
}
================================================================================

{
  "timestamp": "2026-03-31T23:43:15.005Z",
  "type": "request",
  "endpoint": "GET /games",
  "fullUrl": "https://staging.slotegrator.com/api/index.php/v1/games?page=2",
  "headers": {
    "X-Merchant-Id": "dbb46701285c1a2e24a0bf92f00501e5",
    "X-Timestamp": "1775000595",
    "X-Nonce": "fe45173cf9e54557d383d6bd84ee47c4",
    "X-Sign": "e2541263...",
    "Accept": "application/json"
  },
  "body": null,
  "params": {
    "page": 2
  }
}
================================================================================

{
  "timestamp": "2026-03-31T23:43:15.401Z",
  "type": "request",
  "endpoint": "GET /games",
  "fullUrl": "https://staging.slotegrator.com/api/index.php/v1/games?page=3",
  "headers": {
    "X-Merchant-Id": "dbb46701285c1a2e24a0bf92f00501e5",
    "X-Timestamp": "1775000595",
    "X-Nonce": "35b30cd1ad66f10df2496bf55633d273",
    "X-Sign": "b8c23670...",
    "Accept": "application/json"
  },
  "body": null,
  "params": {
    "page": 3
  }
}
================================================================================

{
  "timestamp": "2026-03-31T23:43:15.622Z",
  "type": "request",
  "endpoint": "GET /games",
  "fullUrl": "https://staging.slotegrator.com/api/index.php/v1/games?page=3",
  "headers": {
    "X-Merchant-Id": "dbb46701285c1a2e24a0bf92f00501e5",
    "X-Timestamp": "1775000595",
    "X-Nonce": "0c0eb30ff975ec171e2c038ed553f7aa",
    "X-Sign": "c2d2378c...",
    "Accept": "application/json"
  },
  "body": null,
  "params": {
    "page": 3
  }
}
================================================================================

{
  "timestamp": "2026-03-31T23:43:15.970Z",
  "type": "request",
  "endpoint": "GET /games",
  "fullUrl": "https://staging.slotegrator.com/api/index.php/v1/games?page=4",
  "headers": {
    "X-Merchant-Id": "dbb46701285c1a2e24a0bf92f00501e5",
    "X-Timestamp": "1775000595",
    "X-Nonce": "3c712b6e6e2f8efce03fbc925a8d5ab2",
    "X-Sign": "715cded2...",
    "Accept": "application/json"
  },
  "body": null,
  "params": {
    "page": 4
  }
}
================================================================================

{
  "timestamp": "2026-03-31T23:43:16.152Z",
  "type": "request",
  "endpoint": "GET /games",
  "fullUrl": "https://staging.slotegrator.com/api/index.php/v1/games?page=4",
  "headers": {
    "X-Merchant-Id": "dbb46701285c1a2e24a0bf92f00501e5",
    "X-Timestamp": "1775000596",
    "X-Nonce": "d2d90a2a408878b249333c9f42cb8d7d",
    "X-Sign": "c4ea1bdb...",
    "Accept": "application/json"
  },
  "body": null,
  "params": {
    "page": 4
  }
}
================================================================================

{
  "timestamp": "2026-03-31T23:43:16.555Z",
  "type": "request",
  "endpoint": "GET /games",
  "fullUrl": "https://staging.slotegrator.com/api/index.php/v1/games?page=5",
  "headers": {
    "X-Merchant-Id": "dbb46701285c1a2e24a0bf92f00501e5",
    "X-Timestamp": "1775000596",
    "X-Nonce": "9268d12038048707c7c4a4d9d2f6ec8a",
    "X-Sign": "e45641ab...",
    "Accept": "application/json"
  },
  "body": null,
  "params": {
    "page": 5
  }
}
================================================================================

{
  "timestamp": "2026-03-31T23:43:16.754Z",
  "type": "request",
  "endpoint": "GET /games",
  "fullUrl": "https://staging.slotegrator.com/api/index.php/v1/games?page=5",
  "headers": {
    "X-Merchant-Id": "dbb46701285c1a2e24a0bf92f00501e5",
    "X-Timestamp": "1775000596",
    "X-Nonce": "0b47e843ec4e53d5b6deb81d7c0b0c54",
    "X-Sign": "5184ecce...",
    "Accept": "application/json"
  },
  "body": null,
  "params": {
    "page": 5
  }
}
================================================================================

{
  "timestamp": "2026-03-31T23:43:17.154Z",
  "type": "request",
  "endpoint": "GET /games",
  "fullUrl": "https://staging.slotegrator.com/api/index.php/v1/games?page=6",
  "headers": {
    "X-Merchant-Id": "dbb46701285c1a2e24a0bf92f00501e5",
    "X-Timestamp": "1775000597",
    "X-Nonce": "c6e5756bd5f013c33403dfcd1819c2a7",
    "X-Sign": "0d4dd9e3...",
    "Accept": "application/json"
  },
  "body": null,
  "params": {
    "page": 6
  }
}
================================================================================

{
  "timestamp": "2026-03-31T23:43:17.373Z",
  "type": "request",
  "endpoint": "GET /games",
  "fullUrl": "https://staging.slotegrator.com/api/index.php/v1/games?page=6",
  "headers": {
    "X-Merchant-Id": "dbb46701285c1a2e24a0bf92f00501e5",
    "X-Timestamp": "1775000597",
    "X-Nonce": "d7373cef2ace9e522a51e43b9449a599",
    "X-Sign": "27476b66...",
    "Accept": "application/json"
  },
  "body": null,
  "params": {
    "page": 6
  }
}
================================================================================

{
  "timestamp": "2026-03-31T23:43:17.703Z",
  "type": "request",
  "endpoint": "GET /games",
  "fullUrl": "https://staging.slotegrator.com/api/index.php/v1/games?page=7",
  "headers": {
    "X-Merchant-Id": "dbb46701285c1a2e24a0bf92f00501e5",
    "X-Timestamp": "1775000597",
    "X-Nonce": "68ad03c3be3a6e09ee1131e595c7c981",
    "X-Sign": "514aeadc...",
    "Accept": "application/json"
  },
  "body": null,
  "params": {
    "page": 7
  }
}
================================================================================

{
  "timestamp": "2026-03-31T23:43:17.954Z",
  "type": "request",
  "endpoint": "GET /games",
  "fullUrl": "https://staging.slotegrator.com/api/index.php/v1/games?page=7",
  "headers": {
    "X-Merchant-Id": "dbb46701285c1a2e24a0bf92f00501e5",
    "X-Timestamp": "1775000597",
    "X-Nonce": "801ab10264566309432a0a7545429a6f",
    "X-Sign": "da555a9f...",
    "Accept": "application/json"
  },
  "body": null,
  "params": {
    "page": 7
  }
}
================================================================================

{
  "timestamp": "2026-03-31T23:43:18.283Z",
  "type": "request",
  "endpoint": "GET /games",
  "fullUrl": "https://staging.slotegrator.com/api/index.php/v1/games?page=8",
  "headers": {
    "X-Merchant-Id": "dbb46701285c1a2e24a0bf92f00501e5",
    "X-Timestamp": "1775000598",
    "X-Nonce": "cf9182757f4b850a29c813fa83a233e9",
    "X-Sign": "90ac7caf...",
    "Accept": "application/json"
  },
  "body": null,
  "params": {
    "page": 8
  }
}
================================================================================

{
  "timestamp": "2026-03-31T23:43:18.562Z",
  "type": "request",
  "endpoint": "GET /games",
  "fullUrl": "https://staging.slotegrator.com/api/index.php/v1/games?page=8",
  "headers": {
    "X-Merchant-Id": "dbb46701285c1a2e24a0bf92f00501e5",
    "X-Timestamp": "1775000598",
    "X-Nonce": "924762fa1ec40bc931f09aa7c2be5d70",
    "X-Sign": "ebe0e831...",
    "Accept": "application/json"
  },
  "body": null,
  "params": {
    "page": 8
  }
}
================================================================================

{
  "timestamp": "2026-03-31T23:43:18.857Z",
  "type": "request",
  "endpoint": "GET /games",
  "fullUrl": "https://staging.slotegrator.com/api/index.php/v1/games?page=9",
  "headers": {
    "X-Merchant-Id": "dbb46701285c1a2e24a0bf92f00501e5",
    "X-Timestamp": "1775000598",
    "X-Nonce": "c142cb81a48052ddb94dfa072d5ba11e",
    "X-Sign": "bbc0d7d9...",
    "Accept": "application/json"
  },
  "body": null,
  "params": {
    "page": 9
  }
}
================================================================================

{
  "timestamp": "2026-03-31T23:43:19.122Z",
  "type": "request",
  "endpoint": "GET /games",
  "fullUrl": "https://staging.slotegrator.com/api/index.php/v1/games?page=9",
  "headers": {
    "X-Merchant-Id": "dbb46701285c1a2e24a0bf92f00501e5",
    "X-Timestamp": "1775000599",
    "X-Nonce": "e6686dd4d375ce1fc6938d161bf9ecfd",
    "X-Sign": "82d1c4e4...",
    "Accept": "application/json"
  },
  "body": null,
  "params": {
    "page": 9
  }
}
================================================================================

{
  "timestamp": "2026-03-31T23:43:19.437Z",
  "type": "request",
  "endpoint": "GET /games",
  "fullUrl": "https://staging.slotegrator.com/api/index.php/v1/games?page=10",
  "headers": {
    "X-Merchant-Id": "dbb46701285c1a2e24a0bf92f00501e5",
    "X-Timestamp": "1775000599",
    "X-Nonce": "6cc0e96a4f2237109a21662715b13e5f",
    "X-Sign": "1c1c5310...",
    "Accept": "application/json"
  },
  "body": null,
  "params": {
    "page": 10
  }
}
================================================================================

{
  "timestamp": "2026-03-31T23:43:19.704Z",
  "type": "request",
  "endpoint": "GET /games",
  "fullUrl": "https://staging.slotegrator.com/api/index.php/v1/games?page=10",
  "headers": {
    "X-Merchant-Id": "dbb46701285c1a2e24a0bf92f00501e5",
    "X-Timestamp": "1775000599",
    "X-Nonce": "bd37a6d2cf9a539a70407c1409e017b5",
    "X-Sign": "d23e3072...",
    "Accept": "application/json"
  },
  "body": null,
  "params": {
    "page": 10
  }
}
================================================================================

{
  "timestamp": "2026-03-31T23:43:20.016Z",
  "type": "request",
  "endpoint": "POST /games/init",
  "fullUrl": "https://staging.slotegrator.com/api/index.php/v1/games/init",
  "headers": {
    "X-Merchant-Id": "dbb46701285c1a2e24a0bf92f00501e5",
    "X-Timestamp": "1775000600",
    "X-Nonce": "3830a27565ae42a32ae0c081d42f442a",
    "X-Sign": "36bbd966...",
    "Accept": "application/json",
    "Content-Type": "application/x-www-form-urlencoded"
  },
  "body": "game_uuid=fe38b9de0f44ac5892261d426ba39cd1aa410807&player_id=5fbW-EgviQlSB0qgLmM0Z&player_name=nanami&currency=EUR&session_id=session_5fbW-EgviQlSB0qgLmM0Z_1775000600014_igi69d&device=desktop&return_url=https%3A%2F%2Fboztestarea.ngrok.app&language=fr&email=nanami%40gmail.com",
  "params": {
    "game_uuid": "fe38b9de0f44ac5892261d426ba39cd1aa410807",
    "player_id": "5fbW-EgviQlSB0qgLmM0Z",
    "player_name": "nanami",
    "currency": "EUR",
    "session_id": "session_5fbW-EgviQlSB0qgLmM0Z_1775000600014_igi69d",
    "device": "desktop",
    "return_url": "https://boztestarea.ngrok.app",
    "language": "fr",
    "email": "nanami@gmail.com"
  }
}
================================================================================

{
  "timestamp": "2026-03-31T23:43:20.284Z",
  "type": "request",
  "endpoint": "POST /games/init",
  "fullUrl": "https://staging.slotegrator.com/api/index.php/v1/games/init",
  "headers": {
    "X-Merchant-Id": "dbb46701285c1a2e24a0bf92f00501e5",
    "X-Timestamp": "1775000600",
    "X-Nonce": "a832d9b5ee58a0ad8a199524d4e502fd",
    "X-Sign": "534395e5...",
    "Accept": "application/json",
    "Content-Type": "application/x-www-form-urlencoded"
  },
  "body": "game_uuid=fe38b9de0f44ac5892261d426ba39cd1aa410807&player_id=5fbW-EgviQlSB0qgLmM0Z&player_name=nanami&currency=EUR&session_id=session_5fbW-EgviQlSB0qgLmM0Z_1775000600282_y38lv&device=desktop&return_url=https%3A%2F%2Fboztestarea.ngrok.app&language=fr&email=nanami%40gmail.com",
  "params": {
    "game_uuid": "fe38b9de0f44ac5892261d426ba39cd1aa410807",
    "player_id": "5fbW-EgviQlSB0qgLmM0Z",
    "player_name": "nanami",
    "currency": "EUR",
    "session_id": "session_5fbW-EgviQlSB0qgLmM0Z_1775000600282_y38lv",
    "device": "desktop",
    "return_url": "https://boztestarea.ngrok.app",
    "language": "fr",
    "email": "nanami@gmail.com"
  }
}
================================================================================

{
  "timestamp": "2026-03-31T23:43:41.962Z",
  "type": "request",
  "endpoint": "POST /self-validate",
  "fullUrl": "https://staging.slotegrator.com/api/index.php/v1/self-validate",
  "headers": {
    "X-Merchant-Id": "dbb46701285c1a2e24a0bf92f00501e5",
    "X-Timestamp": "1775000621",
    "X-Nonce": "4baf93343bcb4e21c515705ab0dda9e8",
    "X-Sign": "f29b7d9d...",
    "Accept": "application/json",
    "Content-Type": "application/x-www-form-urlencoded"
  },
  "body": null,
  "params": null
}
================================================================================

