{
  "timestamp": "2026-01-15T15:11:34.263Z",
  "type": "request",
  "endpoint": "GET /limits",
  "fullUrl": "https://staging.slotegrator.com/api/index.php/v1/limits",
  "headers": {
    "X-Merchant-Id": "dbb46701285c1a2e24a0bf92f00501e5",
    "X-Timestamp": "1768489894",
    "X-Nonce": "78ac991ad0af3bbe4814df6e2af96596",
    "X-Sign": "59e280da...",
    "Accept": "application/json"
  },
  "body": null,
  "params": null
}
================================================================================

{
  "timestamp": "2026-01-15T15:11:34.800Z",
  "type": "request",
  "endpoint": "GET /games",
  "fullUrl": "https://staging.slotegrator.com/api/index.php/v1/games",
  "headers": {
    "X-Merchant-Id": "dbb46701285c1a2e24a0bf92f00501e5",
    "X-Timestamp": "1768489894",
    "X-Nonce": "a3a064754ca37f41b72170de865b815a",
    "X-Sign": "f5d9cffd...",
    "Accept": "application/json"
  },
  "body": null,
  "params": null
}
================================================================================

{
  "timestamp": "2026-01-15T15:11:34.804Z",
  "type": "request",
  "endpoint": "GET /games",
  "fullUrl": "https://staging.slotegrator.com/api/index.php/v1/games",
  "headers": {
    "X-Merchant-Id": "dbb46701285c1a2e24a0bf92f00501e5",
    "X-Timestamp": "1768489894",
    "X-Nonce": "b301ee50e3d88e9cd99fc49694db9927",
    "X-Sign": "efd39c78...",
    "Accept": "application/json"
  },
  "body": null,
  "params": null
}
================================================================================

{
  "timestamp": "2026-01-15T15:11:35.348Z",
  "type": "request",
  "endpoint": "GET /games",
  "fullUrl": "https://staging.slotegrator.com/api/index.php/v1/games?page=2",
  "headers": {
    "X-Merchant-Id": "dbb46701285c1a2e24a0bf92f00501e5",
    "X-Timestamp": "1768489895",
    "X-Nonce": "15e5ba53f0f9c74f12e55cdf724acad8",
    "X-Sign": "33a04a5c...",
    "Accept": "application/json"
  },
  "body": null,
  "params": {
    "page": 2
  }
}
================================================================================

{
  "timestamp": "2026-01-15T15:11:35.614Z",
  "type": "request",
  "endpoint": "GET /games",
  "fullUrl": "https://staging.slotegrator.com/api/index.php/v1/games?page=2",
  "headers": {
    "X-Merchant-Id": "dbb46701285c1a2e24a0bf92f00501e5",
    "X-Timestamp": "1768489895",
    "X-Nonce": "13caba7b6b34fe0f4a081eef530831ca",
    "X-Sign": "b8ed8a63...",
    "Accept": "application/json"
  },
  "body": null,
  "params": {
    "page": 2
  }
}
================================================================================

{
  "timestamp": "2026-01-15T15:11:35.914Z",
  "type": "request",
  "endpoint": "GET /games",
  "fullUrl": "https://staging.slotegrator.com/api/index.php/v1/games?page=3",
  "headers": {
    "X-Merchant-Id": "dbb46701285c1a2e24a0bf92f00501e5",
    "X-Timestamp": "1768489895",
    "X-Nonce": "5d8fd9ad090c3a99decb984e937c728e",
    "X-Sign": "e53d8b69...",
    "Accept": "application/json"
  },
  "body": null,
  "params": {
    "page": 3
  }
}
================================================================================

{
  "timestamp": "2026-01-15T15:11:36.148Z",
  "type": "request",
  "endpoint": "GET /games",
  "fullUrl": "https://staging.slotegrator.com/api/index.php/v1/games?page=3",
  "headers": {
    "X-Merchant-Id": "dbb46701285c1a2e24a0bf92f00501e5",
    "X-Timestamp": "1768489896",
    "X-Nonce": "0b574c285bed343f91226024cd681d61",
    "X-Sign": "1abc0c92...",
    "Accept": "application/json"
  },
  "body": null,
  "params": {
    "page": 3
  }
}
================================================================================

{
  "timestamp": "2026-01-15T15:11:36.481Z",
  "type": "request",
  "endpoint": "GET /games",
  "fullUrl": "https://staging.slotegrator.com/api/index.php/v1/games?page=4",
  "headers": {
    "X-Merchant-Id": "dbb46701285c1a2e24a0bf92f00501e5",
    "X-Timestamp": "1768489896",
    "X-Nonce": "93db4cf054888fc6588170e3f58c261d",
    "X-Sign": "7eb37cf8...",
    "Accept": "application/json"
  },
  "body": null,
  "params": {
    "page": 4
  }
}
================================================================================

{
  "timestamp": "2026-01-15T15:11:36.698Z",
  "type": "request",
  "endpoint": "GET /games",
  "fullUrl": "https://staging.slotegrator.com/api/index.php/v1/games?page=4",
  "headers": {
    "X-Merchant-Id": "dbb46701285c1a2e24a0bf92f00501e5",
    "X-Timestamp": "1768489896",
    "X-Nonce": "b1aa6d7bdc8f38562fc90cc5c60c0dd2",
    "X-Sign": "102b8de8...",
    "Accept": "application/json"
  },
  "body": null,
  "params": {
    "page": 4
  }
}
================================================================================

{
  "timestamp": "2026-01-15T15:11:37.082Z",
  "type": "request",
  "endpoint": "GET /games",
  "fullUrl": "https://staging.slotegrator.com/api/index.php/v1/games?page=5",
  "headers": {
    "X-Merchant-Id": "dbb46701285c1a2e24a0bf92f00501e5",
    "X-Timestamp": "1768489897",
    "X-Nonce": "fa8e40d563c5590b329e3a4d0839105a",
    "X-Sign": "8326170a...",
    "Accept": "application/json"
  },
  "body": null,
  "params": {
    "page": 5
  }
}
================================================================================

{
  "timestamp": "2026-01-15T15:11:37.265Z",
  "type": "request",
  "endpoint": "GET /games",
  "fullUrl": "https://staging.slotegrator.com/api/index.php/v1/games?page=5",
  "headers": {
    "X-Merchant-Id": "dbb46701285c1a2e24a0bf92f00501e5",
    "X-Timestamp": "1768489897",
    "X-Nonce": "b9f68d2fec95bad4aa5759a10e5aa169",
    "X-Sign": "28139d41...",
    "Accept": "application/json"
  },
  "body": null,
  "params": {
    "page": 5
  }
}
================================================================================

{
  "timestamp": "2026-01-15T15:11:37.672Z",
  "type": "request",
  "endpoint": "GET /games",
  "fullUrl": "https://staging.slotegrator.com/api/index.php/v1/games",
  "headers": {
    "X-Merchant-Id": "dbb46701285c1a2e24a0bf92f00501e5",
    "X-Timestamp": "1768489897",
    "X-Nonce": "c77ba4534e868d253c792f5db7d6be6a",
    "X-Sign": "7f580501...",
    "Accept": "application/json"
  },
  "body": null,
  "params": null
}
================================================================================

{
  "timestamp": "2026-01-15T15:11:37.826Z",
  "type": "request",
  "endpoint": "GET /games",
  "fullUrl": "https://staging.slotegrator.com/api/index.php/v1/games",
  "headers": {
    "X-Merchant-Id": "dbb46701285c1a2e24a0bf92f00501e5",
    "X-Timestamp": "1768489897",
    "X-Nonce": "ddb4cac61485bd23e08978cf6401dd3b",
    "X-Sign": "a976a7da...",
    "Accept": "application/json"
  },
  "body": null,
  "params": null
}
================================================================================

{
  "timestamp": "2026-01-15T15:11:38.199Z",
  "type": "request",
  "endpoint": "GET /games",
  "fullUrl": "https://staging.slotegrator.com/api/index.php/v1/games?page=2",
  "headers": {
    "X-Merchant-Id": "dbb46701285c1a2e24a0bf92f00501e5",
    "X-Timestamp": "1768489898",
    "X-Nonce": "958154ea91894ca56004f197557fdbdc",
    "X-Sign": "1858b780...",
    "Accept": "application/json"
  },
  "body": null,
  "params": {
    "page": 2
  }
}
================================================================================

{
  "timestamp": "2026-01-15T15:11:38.500Z",
  "type": "request",
  "endpoint": "GET /games",
  "fullUrl": "https://staging.slotegrator.com/api/index.php/v1/games?page=2",
  "headers": {
    "X-Merchant-Id": "dbb46701285c1a2e24a0bf92f00501e5",
    "X-Timestamp": "1768489898",
    "X-Nonce": "ecde625f16d37c180cc5e3fa4b841a2e",
    "X-Sign": "c7edb3d9...",
    "Accept": "application/json"
  },
  "body": null,
  "params": {
    "page": 2
  }
}
================================================================================

{
  "timestamp": "2026-01-15T15:11:38.805Z",
  "type": "request",
  "endpoint": "GET /games",
  "fullUrl": "https://staging.slotegrator.com/api/index.php/v1/games?page=3",
  "headers": {
    "X-Merchant-Id": "dbb46701285c1a2e24a0bf92f00501e5",
    "X-Timestamp": "1768489898",
    "X-Nonce": "062620ecad9add61fdedf776627fb320",
    "X-Sign": "dcba6709...",
    "Accept": "application/json"
  },
  "body": null,
  "params": {
    "page": 3
  }
}
================================================================================

{
  "timestamp": "2026-01-15T15:11:39.041Z",
  "type": "request",
  "endpoint": "GET /games",
  "fullUrl": "https://staging.slotegrator.com/api/index.php/v1/games?page=3",
  "headers": {
    "X-Merchant-Id": "dbb46701285c1a2e24a0bf92f00501e5",
    "X-Timestamp": "1768489899",
    "X-Nonce": "b7c1ba3f9b8b5a10784582a51c3fe652",
    "X-Sign": "03407b0c...",
    "Accept": "application/json"
  },
  "body": null,
  "params": {
    "page": 3
  }
}
================================================================================

{
  "timestamp": "2026-01-15T15:11:39.322Z",
  "type": "request",
  "endpoint": "GET /games",
  "fullUrl": "https://staging.slotegrator.com/api/index.php/v1/games?page=4",
  "headers": {
    "X-Merchant-Id": "dbb46701285c1a2e24a0bf92f00501e5",
    "X-Timestamp": "1768489899",
    "X-Nonce": "06d786de093b8b8be8658c7c361e8d29",
    "X-Sign": "16935a25...",
    "Accept": "application/json"
  },
  "body": null,
  "params": {
    "page": 4
  }
}
================================================================================

{
  "timestamp": "2026-01-15T15:11:39.554Z",
  "type": "request",
  "endpoint": "GET /games",
  "fullUrl": "https://staging.slotegrator.com/api/index.php/v1/games?page=4",
  "headers": {
    "X-Merchant-Id": "dbb46701285c1a2e24a0bf92f00501e5",
    "X-Timestamp": "1768489899",
    "X-Nonce": "328d5637340406beadf1ba4b8095b97d",
    "X-Sign": "c2080846...",
    "Accept": "application/json"
  },
  "body": null,
  "params": {
    "page": 4
  }
}
================================================================================

{
  "timestamp": "2026-01-15T15:11:39.906Z",
  "type": "request",
  "endpoint": "GET /games",
  "fullUrl": "https://staging.slotegrator.com/api/index.php/v1/games?page=5",
  "headers": {
    "X-Merchant-Id": "dbb46701285c1a2e24a0bf92f00501e5",
    "X-Timestamp": "1768489899",
    "X-Nonce": "7cce6e87fafe30b6ef660eacca327a79",
    "X-Sign": "f34050ec...",
    "Accept": "application/json"
  },
  "body": null,
  "params": {
    "page": 5
  }
}
================================================================================

{
  "timestamp": "2026-01-15T15:11:40.089Z",
  "type": "request",
  "endpoint": "GET /games",
  "fullUrl": "https://staging.slotegrator.com/api/index.php/v1/games?page=5",
  "headers": {
    "X-Merchant-Id": "dbb46701285c1a2e24a0bf92f00501e5",
    "X-Timestamp": "1768489900",
    "X-Nonce": "8b14140861b0243cc599da76ac74a1fc",
    "X-Sign": "b6dc5021...",
    "Accept": "application/json"
  },
  "body": null,
  "params": {
    "page": 5
  }
}
================================================================================

{
  "timestamp": "2026-01-15T15:11:40.469Z",
  "type": "request",
  "endpoint": "GET /games",
  "fullUrl": "https://staging.slotegrator.com/api/index.php/v1/games?page=6",
  "headers": {
    "X-Merchant-Id": "dbb46701285c1a2e24a0bf92f00501e5",
    "X-Timestamp": "1768489900",
    "X-Nonce": "2b4011d431b28b962c7ea2ec4a901a16",
    "X-Sign": "7674c3a0...",
    "Accept": "application/json"
  },
  "body": null,
  "params": {
    "page": 6
  }
}
================================================================================

{
  "timestamp": "2026-01-15T15:11:40.657Z",
  "type": "request",
  "endpoint": "GET /games",
  "fullUrl": "https://staging.slotegrator.com/api/index.php/v1/games?page=6",
  "headers": {
    "X-Merchant-Id": "dbb46701285c1a2e24a0bf92f00501e5",
    "X-Timestamp": "1768489900",
    "X-Nonce": "a26bdaffef7d6ba565a3dea5d66fb94f",
    "X-Sign": "5b14c102...",
    "Accept": "application/json"
  },
  "body": null,
  "params": {
    "page": 6
  }
}
================================================================================

{
  "timestamp": "2026-01-15T15:11:41.189Z",
  "type": "request",
  "endpoint": "GET /games",
  "fullUrl": "https://staging.slotegrator.com/api/index.php/v1/games?page=7",
  "headers": {
    "X-Merchant-Id": "dbb46701285c1a2e24a0bf92f00501e5",
    "X-Timestamp": "1768489901",
    "X-Nonce": "2ca016a4ef053baf718cfb369f6bb694",
    "X-Sign": "0990a081...",
    "Accept": "application/json"
  },
  "body": null,
  "params": {
    "page": 7
  }
}
================================================================================

{
  "timestamp": "2026-01-15T15:11:41.370Z",
  "type": "request",
  "endpoint": "GET /games",
  "fullUrl": "https://staging.slotegrator.com/api/index.php/v1/games?page=7",
  "headers": {
    "X-Merchant-Id": "dbb46701285c1a2e24a0bf92f00501e5",
    "X-Timestamp": "1768489901",
    "X-Nonce": "b5ae12fb9aefd2a947113a23709a7292",
    "X-Sign": "ac9fb5b5...",
    "Accept": "application/json"
  },
  "body": null,
  "params": {
    "page": 7
  }
}
================================================================================

{
  "timestamp": "2026-01-15T15:11:41.765Z",
  "type": "request",
  "endpoint": "GET /games",
  "fullUrl": "https://staging.slotegrator.com/api/index.php/v1/games?page=8",
  "headers": {
    "X-Merchant-Id": "dbb46701285c1a2e24a0bf92f00501e5",
    "X-Timestamp": "1768489901",
    "X-Nonce": "ee46ccb9bc3532ed33e97aa0eb15a8fc",
    "X-Sign": "3317b57a...",
    "Accept": "application/json"
  },
  "body": null,
  "params": {
    "page": 8
  }
}
================================================================================

{
  "timestamp": "2026-01-15T15:11:41.921Z",
  "type": "request",
  "endpoint": "GET /games",
  "fullUrl": "https://staging.slotegrator.com/api/index.php/v1/games?page=8",
  "headers": {
    "X-Merchant-Id": "dbb46701285c1a2e24a0bf92f00501e5",
    "X-Timestamp": "1768489901",
    "X-Nonce": "18e38fb0a78cc0bbeb3c32fffa2bda18",
    "X-Sign": "0809470f...",
    "Accept": "application/json"
  },
  "body": null,
  "params": {
    "page": 8
  }
}
================================================================================

{
  "timestamp": "2026-01-15T15:11:42.321Z",
  "type": "request",
  "endpoint": "GET /games",
  "fullUrl": "https://staging.slotegrator.com/api/index.php/v1/games?page=9",
  "headers": {
    "X-Merchant-Id": "dbb46701285c1a2e24a0bf92f00501e5",
    "X-Timestamp": "1768489902",
    "X-Nonce": "b7911a222957f7bf96ecdf5592811e25",
    "X-Sign": "2fcce594...",
    "Accept": "application/json"
  },
  "body": null,
  "params": {
    "page": 9
  }
}
================================================================================

{
  "timestamp": "2026-01-15T15:11:42.469Z",
  "type": "request",
  "endpoint": "GET /games",
  "fullUrl": "https://staging.slotegrator.com/api/index.php/v1/games?page=9",
  "headers": {
    "X-Merchant-Id": "dbb46701285c1a2e24a0bf92f00501e5",
    "X-Timestamp": "1768489902",
    "X-Nonce": "b9f543c39beb4ec162187437b790bb1b",
    "X-Sign": "d3166933...",
    "Accept": "application/json"
  },
  "body": null,
  "params": {
    "page": 9
  }
}
================================================================================

{
  "timestamp": "2026-01-15T15:11:42.905Z",
  "type": "request",
  "endpoint": "GET /games",
  "fullUrl": "https://staging.slotegrator.com/api/index.php/v1/games?page=10",
  "headers": {
    "X-Merchant-Id": "dbb46701285c1a2e24a0bf92f00501e5",
    "X-Timestamp": "1768489902",
    "X-Nonce": "a8526a6b5170e965db488b66a51dc08a",
    "X-Sign": "b77bd427...",
    "Accept": "application/json"
  },
  "body": null,
  "params": {
    "page": 10
  }
}
================================================================================

{
  "timestamp": "2026-01-15T15:11:43.055Z",
  "type": "request",
  "endpoint": "GET /games",
  "fullUrl": "https://staging.slotegrator.com/api/index.php/v1/games?page=10",
  "headers": {
    "X-Merchant-Id": "dbb46701285c1a2e24a0bf92f00501e5",
    "X-Timestamp": "1768489903",
    "X-Nonce": "debb7b2c3d2b437a9c1928aea71b7b56",
    "X-Sign": "dcecac8d...",
    "Accept": "application/json"
  },
  "body": null,
  "params": {
    "page": 10
  }
}
================================================================================

{
  "timestamp": "2026-01-15T15:11:43.659Z",
  "type": "request",
  "endpoint": "POST /games/init",
  "fullUrl": "https://staging.slotegrator.com/api/index.php/v1/games/init",
  "headers": {
    "X-Merchant-Id": "dbb46701285c1a2e24a0bf92f00501e5",
    "X-Timestamp": "1768489903",
    "X-Nonce": "1c23c75487fa702bdb967947a4f6a396",
    "X-Sign": "afe36d69...",
    "Accept": "application/json",
    "Content-Type": "application/x-www-form-urlencoded"
  },
  "body": "game_uuid=447eebaff41fdc9c36cf680720ea2ce321d33b67&player_id=a5YAzMelXjuCiihUtj58Z&player_name=bananana&currency=USD&session_id=session_a5YAzMelXjuCiihUtj58Z_1768489903643_x03588&device=desktop&return_url=https%3A%2F%2Fboztestarea.ngrok.app&language=fr&email=bananana%40gmail.com",
  "params": {
    "game_uuid": "447eebaff41fdc9c36cf680720ea2ce321d33b67",
    "player_id": "a5YAzMelXjuCiihUtj58Z",
    "player_name": "bananana",
    "currency": "USD",
    "session_id": "session_a5YAzMelXjuCiihUtj58Z_1768489903643_x03588",
    "device": "desktop",
    "return_url": "https://boztestarea.ngrok.app",
    "language": "fr",
    "email": "bananana@gmail.com"
  }
}
================================================================================

{
  "timestamp": "2026-01-15T15:11:43.700Z",
  "type": "request",
  "endpoint": "POST /games/init",
  "fullUrl": "https://staging.slotegrator.com/api/index.php/v1/games/init",
  "headers": {
    "X-Merchant-Id": "dbb46701285c1a2e24a0bf92f00501e5",
    "X-Timestamp": "1768489903",
    "X-Nonce": "eb419d499f81858dbd521d81783c276b",
    "X-Sign": "940b9f70...",
    "Accept": "application/json",
    "Content-Type": "application/x-www-form-urlencoded"
  },
  "body": "game_uuid=447eebaff41fdc9c36cf680720ea2ce321d33b67&player_id=a5YAzMelXjuCiihUtj58Z&player_name=bananana&currency=USD&session_id=session_a5YAzMelXjuCiihUtj58Z_1768489903699_85p5br&device=desktop&return_url=https%3A%2F%2Fboztestarea.ngrok.app&language=fr&email=bananana%40gmail.com",
  "params": {
    "game_uuid": "447eebaff41fdc9c36cf680720ea2ce321d33b67",
    "player_id": "a5YAzMelXjuCiihUtj58Z",
    "player_name": "bananana",
    "currency": "USD",
    "session_id": "session_a5YAzMelXjuCiihUtj58Z_1768489903699_85p5br",
    "device": "desktop",
    "return_url": "https://boztestarea.ngrok.app",
    "language": "fr",
    "email": "bananana@gmail.com"
  }
}
================================================================================

{
  "timestamp": "2026-01-15T15:17:25.302Z",
  "type": "request",
  "endpoint": "GET /limits",
  "fullUrl": "https://staging.slotegrator.com/api/index.php/v1/limits",
  "headers": {
    "X-Merchant-Id": "dbb46701285c1a2e24a0bf92f00501e5",
    "X-Timestamp": "1768490245",
    "X-Nonce": "79be5e47b6d766a626a8508f6a088959",
    "X-Sign": "93f73812...",
    "Accept": "application/json"
  },
  "body": null,
  "params": null
}
================================================================================

{
  "timestamp": "2026-01-15T15:17:26.167Z",
  "type": "request",
  "endpoint": "GET /games",
  "fullUrl": "https://staging.slotegrator.com/api/index.php/v1/games",
  "headers": {
    "X-Merchant-Id": "dbb46701285c1a2e24a0bf92f00501e5",
    "X-Timestamp": "1768490246",
    "X-Nonce": "907fe84678d8f6c4ee6ba183f3dfadfd",
    "X-Sign": "07049222...",
    "Accept": "application/json"
  },
  "body": null,
  "params": null
}
================================================================================

{
  "timestamp": "2026-01-15T15:17:26.171Z",
  "type": "request",
  "endpoint": "GET /games",
  "fullUrl": "https://staging.slotegrator.com/api/index.php/v1/games",
  "headers": {
    "X-Merchant-Id": "dbb46701285c1a2e24a0bf92f00501e5",
    "X-Timestamp": "1768490246",
    "X-Nonce": "724dfcf9f2f1e179be70f8dcf9ff84cf",
    "X-Sign": "12d39c7d...",
    "Accept": "application/json"
  },
  "body": null,
  "params": null
}
================================================================================

{
  "timestamp": "2026-01-15T15:17:26.749Z",
  "type": "request",
  "endpoint": "GET /games",
  "fullUrl": "https://staging.slotegrator.com/api/index.php/v1/games?page=2",
  "headers": {
    "X-Merchant-Id": "dbb46701285c1a2e24a0bf92f00501e5",
    "X-Timestamp": "1768490246",
    "X-Nonce": "5d3d0ea02b8d578e5a120155d5fb5462",
    "X-Sign": "5fe41343...",
    "Accept": "application/json"
  },
  "body": null,
  "params": {
    "page": 2
  }
}
================================================================================

{
  "timestamp": "2026-01-15T15:17:26.833Z",
  "type": "request",
  "endpoint": "GET /games",
  "fullUrl": "https://staging.slotegrator.com/api/index.php/v1/games?page=2",
  "headers": {
    "X-Merchant-Id": "dbb46701285c1a2e24a0bf92f00501e5",
    "X-Timestamp": "1768490246",
    "X-Nonce": "e5fbc850bf37ccae4fa3171537b39bbe",
    "X-Sign": "6ab86f9a...",
    "Accept": "application/json"
  },
  "body": null,
  "params": {
    "page": 2
  }
}
================================================================================

{
  "timestamp": "2026-01-15T15:17:27.285Z",
  "type": "request",
  "endpoint": "GET /games",
  "fullUrl": "https://staging.slotegrator.com/api/index.php/v1/games?page=3",
  "headers": {
    "X-Merchant-Id": "dbb46701285c1a2e24a0bf92f00501e5",
    "X-Timestamp": "1768490247",
    "X-Nonce": "14a831d20b6aa0c77daf91ca81ac0f3f",
    "X-Sign": "dc8a749d...",
    "Accept": "application/json"
  },
  "body": null,
  "params": {
    "page": 3
  }
}
================================================================================

{
  "timestamp": "2026-01-15T15:17:27.311Z",
  "type": "request",
  "endpoint": "GET /games",
  "fullUrl": "https://staging.slotegrator.com/api/index.php/v1/games?page=3",
  "headers": {
    "X-Merchant-Id": "dbb46701285c1a2e24a0bf92f00501e5",
    "X-Timestamp": "1768490247",
    "X-Nonce": "521290223267999c20c409d33a9cffab",
    "X-Sign": "24523f4e...",
    "Accept": "application/json"
  },
  "body": null,
  "params": {
    "page": 3
  }
}
================================================================================

{
  "timestamp": "2026-01-15T15:17:27.813Z",
  "type": "request",
  "endpoint": "GET /games",
  "fullUrl": "https://staging.slotegrator.com/api/index.php/v1/games?page=4",
  "headers": {
    "X-Merchant-Id": "dbb46701285c1a2e24a0bf92f00501e5",
    "X-Timestamp": "1768490247",
    "X-Nonce": "c0d43b042b30483677dd752a29b9fa2f",
    "X-Sign": "4fd31011...",
    "Accept": "application/json"
  },
  "body": null,
  "params": {
    "page": 4
  }
}
================================================================================

{
  "timestamp": "2026-01-15T15:17:27.852Z",
  "type": "request",
  "endpoint": "GET /games",
  "fullUrl": "https://staging.slotegrator.com/api/index.php/v1/games?page=4",
  "headers": {
    "X-Merchant-Id": "dbb46701285c1a2e24a0bf92f00501e5",
    "X-Timestamp": "1768490247",
    "X-Nonce": "8fb70f7b46b0f2887bac3417d9f8aa30",
    "X-Sign": "410b560b...",
    "Accept": "application/json"
  },
  "body": null,
  "params": {
    "page": 4
  }
}
================================================================================

{
  "timestamp": "2026-01-15T15:17:28.291Z",
  "type": "request",
  "endpoint": "GET /games",
  "fullUrl": "https://staging.slotegrator.com/api/index.php/v1/games?page=5",
  "headers": {
    "X-Merchant-Id": "dbb46701285c1a2e24a0bf92f00501e5",
    "X-Timestamp": "1768490248",
    "X-Nonce": "16f075d95c9c95d43688b05ec7c948da",
    "X-Sign": "4e57a471...",
    "Accept": "application/json"
  },
  "body": null,
  "params": {
    "page": 5
  }
}
================================================================================

{
  "timestamp": "2026-01-15T15:17:28.393Z",
  "type": "request",
  "endpoint": "GET /games",
  "fullUrl": "https://staging.slotegrator.com/api/index.php/v1/games?page=5",
  "headers": {
    "X-Merchant-Id": "dbb46701285c1a2e24a0bf92f00501e5",
    "X-Timestamp": "1768490248",
    "X-Nonce": "f10e836b22daae8b0645f0da10ada6b3",
    "X-Sign": "5a537a7b...",
    "Accept": "application/json"
  },
  "body": null,
  "params": {
    "page": 5
  }
}
================================================================================

{
  "timestamp": "2026-01-15T15:17:28.745Z",
  "type": "request",
  "endpoint": "GET /games",
  "fullUrl": "https://staging.slotegrator.com/api/index.php/v1/games",
  "headers": {
    "X-Merchant-Id": "dbb46701285c1a2e24a0bf92f00501e5",
    "X-Timestamp": "1768490248",
    "X-Nonce": "41611316fd16b786b59f54e078859677",
    "X-Sign": "57410d9b...",
    "Accept": "application/json"
  },
  "body": null,
  "params": null
}
================================================================================

{
  "timestamp": "2026-01-15T15:17:28.919Z",
  "type": "request",
  "endpoint": "GET /games",
  "fullUrl": "https://staging.slotegrator.com/api/index.php/v1/games",
  "headers": {
    "X-Merchant-Id": "dbb46701285c1a2e24a0bf92f00501e5",
    "X-Timestamp": "1768490248",
    "X-Nonce": "2e779e3753bc4f83cb14592dd8d5d1d4",
    "X-Sign": "15918069...",
    "Accept": "application/json"
  },
  "body": null,
  "params": null
}
================================================================================

{
  "timestamp": "2026-01-15T15:17:29.267Z",
  "type": "request",
  "endpoint": "GET /games",
  "fullUrl": "https://staging.slotegrator.com/api/index.php/v1/games?page=2",
  "headers": {
    "X-Merchant-Id": "dbb46701285c1a2e24a0bf92f00501e5",
    "X-Timestamp": "1768490249",
    "X-Nonce": "7a5e649f20d5c9411d9f3ce151f9b35c",
    "X-Sign": "1cb07055...",
    "Accept": "application/json"
  },
  "body": null,
  "params": {
    "page": 2
  }
}
================================================================================

{
  "timestamp": "2026-01-15T15:17:29.496Z",
  "type": "request",
  "endpoint": "GET /games",
  "fullUrl": "https://staging.slotegrator.com/api/index.php/v1/games?page=2",
  "headers": {
    "X-Merchant-Id": "dbb46701285c1a2e24a0bf92f00501e5",
    "X-Timestamp": "1768490249",
    "X-Nonce": "b0134fea96990da5b1694bb63c745c7c",
    "X-Sign": "aff2d7c4...",
    "Accept": "application/json"
  },
  "body": null,
  "params": {
    "page": 2
  }
}
================================================================================

{
  "timestamp": "2026-01-15T15:17:29.744Z",
  "type": "request",
  "endpoint": "GET /games",
  "fullUrl": "https://staging.slotegrator.com/api/index.php/v1/games?page=3",
  "headers": {
    "X-Merchant-Id": "dbb46701285c1a2e24a0bf92f00501e5",
    "X-Timestamp": "1768490249",
    "X-Nonce": "268c5a869931392d62d2950e158e6595",
    "X-Sign": "0a892615...",
    "Accept": "application/json"
  },
  "body": null,
  "params": {
    "page": 3
  }
}
================================================================================

{
  "timestamp": "2026-01-15T15:17:30.010Z",
  "type": "request",
  "endpoint": "GET /games",
  "fullUrl": "https://staging.slotegrator.com/api/index.php/v1/games?page=3",
  "headers": {
    "X-Merchant-Id": "dbb46701285c1a2e24a0bf92f00501e5",
    "X-Timestamp": "1768490250",
    "X-Nonce": "e92368f771af4565a195c8d947bd7c12",
    "X-Sign": "880f1364...",
    "Accept": "application/json"
  },
  "body": null,
  "params": {
    "page": 3
  }
}
================================================================================

{
  "timestamp": "2026-01-15T15:17:30.228Z",
  "type": "request",
  "endpoint": "GET /games",
  "fullUrl": "https://staging.slotegrator.com/api/index.php/v1/games?page=4",
  "headers": {
    "X-Merchant-Id": "dbb46701285c1a2e24a0bf92f00501e5",
    "X-Timestamp": "1768490250",
    "X-Nonce": "4e001dd1b603d661386b6700984dad04",
    "X-Sign": "3ecccb81...",
    "Accept": "application/json"
  },
  "body": null,
  "params": {
    "page": 4
  }
}
================================================================================

{
  "timestamp": "2026-01-15T15:17:30.540Z",
  "type": "request",
  "endpoint": "GET /games",
  "fullUrl": "https://staging.slotegrator.com/api/index.php/v1/games?page=4",
  "headers": {
    "X-Merchant-Id": "dbb46701285c1a2e24a0bf92f00501e5",
    "X-Timestamp": "1768490250",
    "X-Nonce": "fc992fdfca98516853403de63a294cde",
    "X-Sign": "60e2641f...",
    "Accept": "application/json"
  },
  "body": null,
  "params": {
    "page": 4
  }
}
================================================================================

{
  "timestamp": "2026-01-15T15:17:30.673Z",
  "type": "request",
  "endpoint": "GET /games",
  "fullUrl": "https://staging.slotegrator.com/api/index.php/v1/games?page=5",
  "headers": {
    "X-Merchant-Id": "dbb46701285c1a2e24a0bf92f00501e5",
    "X-Timestamp": "1768490250",
    "X-Nonce": "47d96f41c17bcf732944dfa71e217ae7",
    "X-Sign": "d24419d2...",
    "Accept": "application/json"
  },
  "body": null,
  "params": {
    "page": 5
  }
}
================================================================================

{
  "timestamp": "2026-01-15T15:17:31.057Z",
  "type": "request",
  "endpoint": "GET /games",
  "fullUrl": "https://staging.slotegrator.com/api/index.php/v1/games?page=5",
  "headers": {
    "X-Merchant-Id": "dbb46701285c1a2e24a0bf92f00501e5",
    "X-Timestamp": "1768490251",
    "X-Nonce": "1655671b1e393c595e8c6e1527c63209",
    "X-Sign": "4b436472...",
    "Accept": "application/json"
  },
  "body": null,
  "params": {
    "page": 5
  }
}
================================================================================

{
  "timestamp": "2026-01-15T15:17:31.156Z",
  "type": "request",
  "endpoint": "GET /games",
  "fullUrl": "https://staging.slotegrator.com/api/index.php/v1/games?page=6",
  "headers": {
    "X-Merchant-Id": "dbb46701285c1a2e24a0bf92f00501e5",
    "X-Timestamp": "1768490251",
    "X-Nonce": "9fbdbc358a1ae75b1ad4c581fe03d062",
    "X-Sign": "5b1872cd...",
    "Accept": "application/json"
  },
  "body": null,
  "params": {
    "page": 6
  }
}
================================================================================

{
  "timestamp": "2026-01-15T15:17:31.610Z",
  "type": "request",
  "endpoint": "GET /games",
  "fullUrl": "https://staging.slotegrator.com/api/index.php/v1/games?page=6",
  "headers": {
    "X-Merchant-Id": "dbb46701285c1a2e24a0bf92f00501e5",
    "X-Timestamp": "1768490251",
    "X-Nonce": "3fd50604233ebceaec5820a0ee933508",
    "X-Sign": "99b710c1...",
    "Accept": "application/json"
  },
  "body": null,
  "params": {
    "page": 6
  }
}
================================================================================

{
  "timestamp": "2026-01-15T15:17:31.707Z",
  "type": "request",
  "endpoint": "GET /games",
  "fullUrl": "https://staging.slotegrator.com/api/index.php/v1/games?page=7",
  "headers": {
    "X-Merchant-Id": "dbb46701285c1a2e24a0bf92f00501e5",
    "X-Timestamp": "1768490251",
    "X-Nonce": "e1b8baa7d97ab602decb4af2d5e5bbdb",
    "X-Sign": "10e87493...",
    "Accept": "application/json"
  },
  "body": null,
  "params": {
    "page": 7
  }
}
================================================================================

{
  "timestamp": "2026-01-15T15:17:32.157Z",
  "type": "request",
  "endpoint": "GET /games",
  "fullUrl": "https://staging.slotegrator.com/api/index.php/v1/games?page=8",
  "headers": {
    "X-Merchant-Id": "dbb46701285c1a2e24a0bf92f00501e5",
    "X-Timestamp": "1768490252",
    "X-Nonce": "3fd04ae7ee062fa4f61fe423289dc67c",
    "X-Sign": "5399acc1...",
    "Accept": "application/json"
  },
  "body": null,
  "params": {
    "page": 8
  }
}
================================================================================

{
  "timestamp": "2026-01-15T15:17:32.173Z",
  "type": "request",
  "endpoint": "GET /games",
  "fullUrl": "https://staging.slotegrator.com/api/index.php/v1/games?page=7",
  "headers": {
    "X-Merchant-Id": "dbb46701285c1a2e24a0bf92f00501e5",
    "X-Timestamp": "1768490252",
    "X-Nonce": "60115bff85033bfd429cffb672b40d91",
    "X-Sign": "fa917840...",
    "Accept": "application/json"
  },
  "body": null,
  "params": {
    "page": 7
  }
}
================================================================================

{
  "timestamp": "2026-01-15T15:17:32.674Z",
  "type": "request",
  "endpoint": "GET /games",
  "fullUrl": "https://staging.slotegrator.com/api/index.php/v1/games?page=8",
  "headers": {
    "X-Merchant-Id": "dbb46701285c1a2e24a0bf92f00501e5",
    "X-Timestamp": "1768490252",
    "X-Nonce": "320f8279fa286858f2dafd4986821d61",
    "X-Sign": "19f2713e...",
    "Accept": "application/json"
  },
  "body": null,
  "params": {
    "page": 8
  }
}
================================================================================

{
  "timestamp": "2026-01-15T15:17:32.685Z",
  "type": "request",
  "endpoint": "GET /games",
  "fullUrl": "https://staging.slotegrator.com/api/index.php/v1/games?page=9",
  "headers": {
    "X-Merchant-Id": "dbb46701285c1a2e24a0bf92f00501e5",
    "X-Timestamp": "1768490252",
    "X-Nonce": "c10d2608e372066ffbc5101fec4089d3",
    "X-Sign": "1be6511c...",
    "Accept": "application/json"
  },
  "body": null,
  "params": {
    "page": 9
  }
}
================================================================================

{
  "timestamp": "2026-01-15T15:17:33.205Z",
  "type": "request",
  "endpoint": "GET /games",
  "fullUrl": "https://staging.slotegrator.com/api/index.php/v1/games?page=10",
  "headers": {
    "X-Merchant-Id": "dbb46701285c1a2e24a0bf92f00501e5",
    "X-Timestamp": "1768490253",
    "X-Nonce": "ed69bd470dce89051b41862c57cec287",
    "X-Sign": "44977912...",
    "Accept": "application/json"
  },
  "body": null,
  "params": {
    "page": 10
  }
}
================================================================================

{
  "timestamp": "2026-01-15T15:17:33.242Z",
  "type": "request",
  "endpoint": "GET /games",
  "fullUrl": "https://staging.slotegrator.com/api/index.php/v1/games?page=9",
  "headers": {
    "X-Merchant-Id": "dbb46701285c1a2e24a0bf92f00501e5",
    "X-Timestamp": "1768490253",
    "X-Nonce": "1e2bf8ffdb73e6c2c7eed3d7545abc72",
    "X-Sign": "e950ce1a...",
    "Accept": "application/json"
  },
  "body": null,
  "params": {
    "page": 9
  }
}
================================================================================

{
  "timestamp": "2026-01-15T15:17:33.742Z",
  "type": "request",
  "endpoint": "GET /games",
  "fullUrl": "https://staging.slotegrator.com/api/index.php/v1/games?page=10",
  "headers": {
    "X-Merchant-Id": "dbb46701285c1a2e24a0bf92f00501e5",
    "X-Timestamp": "1768490253",
    "X-Nonce": "c3f22f45475df9c11575f10fda7295b5",
    "X-Sign": "68b551de...",
    "Accept": "application/json"
  },
  "body": null,
  "params": {
    "page": 10
  }
}
================================================================================

{
  "timestamp": "2026-01-15T15:17:33.769Z",
  "type": "request",
  "endpoint": "POST /games/init",
  "fullUrl": "https://staging.slotegrator.com/api/index.php/v1/games/init",
  "headers": {
    "X-Merchant-Id": "dbb46701285c1a2e24a0bf92f00501e5",
    "X-Timestamp": "1768490253",
    "X-Nonce": "6b1909512801889aa9297eecf32d713b",
    "X-Sign": "37d4dacf...",
    "Accept": "application/json",
    "Content-Type": "application/x-www-form-urlencoded"
  },
  "body": "game_uuid=5f60f72027f3650108907d92c55702953674befd&player_id=a5YAzMelXjuCiihUtj58Z&player_name=bananana&currency=USD&session_id=session_a5YAzMelXjuCiihUtj58Z_1768490253767_ro3fnl&device=desktop&return_url=https%3A%2F%2Fboztestarea.ngrok.app&language=fr&email=bananana%40gmail.com",
  "params": {
    "game_uuid": "5f60f72027f3650108907d92c55702953674befd",
    "player_id": "a5YAzMelXjuCiihUtj58Z",
    "player_name": "bananana",
    "currency": "USD",
    "session_id": "session_a5YAzMelXjuCiihUtj58Z_1768490253767_ro3fnl",
    "device": "desktop",
    "return_url": "https://boztestarea.ngrok.app",
    "language": "fr",
    "email": "bananana@gmail.com"
  }
}
================================================================================

{
  "timestamp": "2026-01-15T15:17:34.236Z",
  "type": "request",
  "endpoint": "POST /games/init",
  "fullUrl": "https://staging.slotegrator.com/api/index.php/v1/games/init",
  "headers": {
    "X-Merchant-Id": "dbb46701285c1a2e24a0bf92f00501e5",
    "X-Timestamp": "1768490254",
    "X-Nonce": "6b0842d054b15eecfa1cc8539bd5fe8a",
    "X-Sign": "7278cbbb...",
    "Accept": "application/json",
    "Content-Type": "application/x-www-form-urlencoded"
  },
  "body": "game_uuid=5f60f72027f3650108907d92c55702953674befd&player_id=a5YAzMelXjuCiihUtj58Z&player_name=bananana&currency=USD&session_id=session_a5YAzMelXjuCiihUtj58Z_1768490254234_wqat&device=desktop&return_url=https%3A%2F%2Fboztestarea.ngrok.app&language=fr&email=bananana%40gmail.com",
  "params": {
    "game_uuid": "5f60f72027f3650108907d92c55702953674befd",
    "player_id": "a5YAzMelXjuCiihUtj58Z",
    "player_name": "bananana",
    "currency": "USD",
    "session_id": "session_a5YAzMelXjuCiihUtj58Z_1768490254234_wqat",
    "device": "desktop",
    "return_url": "https://boztestarea.ngrok.app",
    "language": "fr",
    "email": "bananana@gmail.com"
  }
}
================================================================================

{
  "timestamp": "2026-01-15T15:18:20.815Z",
  "type": "request",
  "endpoint": "GET /limits",
  "fullUrl": "https://staging.slotegrator.com/api/index.php/v1/limits",
  "headers": {
    "X-Merchant-Id": "dbb46701285c1a2e24a0bf92f00501e5",
    "X-Timestamp": "1768490300",
    "X-Nonce": "e994b38df258ca47580982540db1d905",
    "X-Sign": "7f543706...",
    "Accept": "application/json"
  },
  "body": null,
  "params": null
}
================================================================================

{
  "timestamp": "2026-01-15T15:18:21.200Z",
  "type": "request",
  "endpoint": "GET /games",
  "fullUrl": "https://staging.slotegrator.com/api/index.php/v1/games",
  "headers": {
    "X-Merchant-Id": "dbb46701285c1a2e24a0bf92f00501e5",
    "X-Timestamp": "1768490301",
    "X-Nonce": "107a6c683335af329e6accacf959d4a9",
    "X-Sign": "94771d83...",
    "Accept": "application/json"
  },
  "body": null,
  "params": null
}
================================================================================

{
  "timestamp": "2026-01-15T15:18:21.204Z",
  "type": "request",
  "endpoint": "GET /games",
  "fullUrl": "https://staging.slotegrator.com/api/index.php/v1/games",
  "headers": {
    "X-Merchant-Id": "dbb46701285c1a2e24a0bf92f00501e5",
    "X-Timestamp": "1768490301",
    "X-Nonce": "2f5ade63c64e4b09ce8435e4322da4b2",
    "X-Sign": "e76efee2...",
    "Accept": "application/json"
  },
  "body": null,
  "params": null
}
================================================================================

{
  "timestamp": "2026-01-15T15:18:21.709Z",
  "type": "request",
  "endpoint": "GET /games",
  "fullUrl": "https://staging.slotegrator.com/api/index.php/v1/games?page=2",
  "headers": {
    "X-Merchant-Id": "dbb46701285c1a2e24a0bf92f00501e5",
    "X-Timestamp": "1768490301",
    "X-Nonce": "0e4f447bc360a3dd66493886c3903031",
    "X-Sign": "119735b5...",
    "Accept": "application/json"
  },
  "body": null,
  "params": {
    "page": 2
  }
}
================================================================================

{
  "timestamp": "2026-01-15T15:18:21.857Z",
  "type": "request",
  "endpoint": "GET /games",
  "fullUrl": "https://staging.slotegrator.com/api/index.php/v1/games?page=2",
  "headers": {
    "X-Merchant-Id": "dbb46701285c1a2e24a0bf92f00501e5",
    "X-Timestamp": "1768490301",
    "X-Nonce": "054aff99c78aee7734f4554a4afb24ae",
    "X-Sign": "169dd2d2...",
    "Accept": "application/json"
  },
  "body": null,
  "params": {
    "page": 2
  }
}
================================================================================

{
  "timestamp": "2026-01-15T15:18:22.209Z",
  "type": "request",
  "endpoint": "GET /games",
  "fullUrl": "https://staging.slotegrator.com/api/index.php/v1/games?page=3",
  "headers": {
    "X-Merchant-Id": "dbb46701285c1a2e24a0bf92f00501e5",
    "X-Timestamp": "1768490302",
    "X-Nonce": "4df89ff35a9ebf817bfd13d40352b13e",
    "X-Sign": "1937bff1...",
    "Accept": "application/json"
  },
  "body": null,
  "params": {
    "page": 3
  }
}
================================================================================

{
  "timestamp": "2026-01-15T15:18:22.341Z",
  "type": "request",
  "endpoint": "GET /games",
  "fullUrl": "https://staging.slotegrator.com/api/index.php/v1/games?page=3",
  "headers": {
    "X-Merchant-Id": "dbb46701285c1a2e24a0bf92f00501e5",
    "X-Timestamp": "1768490302",
    "X-Nonce": "26da0e358c62f4804cc4f0c03b5105b2",
    "X-Sign": "d4322c8c...",
    "Accept": "application/json"
  },
  "body": null,
  "params": {
    "page": 3
  }
}
================================================================================

{
  "timestamp": "2026-01-15T15:18:22.725Z",
  "type": "request",
  "endpoint": "GET /games",
  "fullUrl": "https://staging.slotegrator.com/api/index.php/v1/games?page=4",
  "headers": {
    "X-Merchant-Id": "dbb46701285c1a2e24a0bf92f00501e5",
    "X-Timestamp": "1768490302",
    "X-Nonce": "b9cb98814efbe23ac0f3cb87714dafa7",
    "X-Sign": "41dc2fc7...",
    "Accept": "application/json"
  },
  "body": null,
  "params": {
    "page": 4
  }
}
================================================================================

{
  "timestamp": "2026-01-15T15:18:22.809Z",
  "type": "request",
  "endpoint": "GET /games",
  "fullUrl": "https://staging.slotegrator.com/api/index.php/v1/games?page=4",
  "headers": {
    "X-Merchant-Id": "dbb46701285c1a2e24a0bf92f00501e5",
    "X-Timestamp": "1768490302",
    "X-Nonce": "a3abee1145622b31ed0b5da17b444532",
    "X-Sign": "50d1a210...",
    "Accept": "application/json"
  },
  "body": null,
  "params": {
    "page": 4
  }
}
================================================================================

{
  "timestamp": "2026-01-15T15:18:23.191Z",
  "type": "request",
  "endpoint": "GET /games",
  "fullUrl": "https://staging.slotegrator.com/api/index.php/v1/games?page=5",
  "headers": {
    "X-Merchant-Id": "dbb46701285c1a2e24a0bf92f00501e5",
    "X-Timestamp": "1768490303",
    "X-Nonce": "46bd673af5e48803c801dc31c8a6f157",
    "X-Sign": "368c7043...",
    "Accept": "application/json"
  },
  "body": null,
  "params": {
    "page": 5
  }
}
================================================================================

{
  "timestamp": "2026-01-15T15:18:23.241Z",
  "type": "request",
  "endpoint": "GET /games",
  "fullUrl": "https://staging.slotegrator.com/api/index.php/v1/games?page=5",
  "headers": {
    "X-Merchant-Id": "dbb46701285c1a2e24a0bf92f00501e5",
    "X-Timestamp": "1768490303",
    "X-Nonce": "bfc35862f5e0f6ba53494ea2dc323b58",
    "X-Sign": "b8dcf3ad...",
    "Accept": "application/json"
  },
  "body": null,
  "params": {
    "page": 5
  }
}
================================================================================

{
  "timestamp": "2026-01-15T15:18:23.683Z",
  "type": "request",
  "endpoint": "GET /games",
  "fullUrl": "https://staging.slotegrator.com/api/index.php/v1/games",
  "headers": {
    "X-Merchant-Id": "dbb46701285c1a2e24a0bf92f00501e5",
    "X-Timestamp": "1768490303",
    "X-Nonce": "641d59fa943bd3846558bfe2330814dd",
    "X-Sign": "6471c90f...",
    "Accept": "application/json"
  },
  "body": null,
  "params": null
}
================================================================================

{
  "timestamp": "2026-01-15T15:18:23.711Z",
  "type": "request",
  "endpoint": "GET /games",
  "fullUrl": "https://staging.slotegrator.com/api/index.php/v1/games",
  "headers": {
    "X-Merchant-Id": "dbb46701285c1a2e24a0bf92f00501e5",
    "X-Timestamp": "1768490303",
    "X-Nonce": "e33e621363fc87056222e2c215b55f42",
    "X-Sign": "0386ae20...",
    "Accept": "application/json"
  },
  "body": null,
  "params": null
}
================================================================================

{
  "timestamp": "2026-01-15T15:18:24.247Z",
  "type": "request",
  "endpoint": "GET /games",
  "fullUrl": "https://staging.slotegrator.com/api/index.php/v1/games?page=2",
  "headers": {
    "X-Merchant-Id": "dbb46701285c1a2e24a0bf92f00501e5",
    "X-Timestamp": "1768490304",
    "X-Nonce": "ab6e690fc3b66963d8533f37f0a4c08f",
    "X-Sign": "687d077a...",
    "Accept": "application/json"
  },
  "body": null,
  "params": {
    "page": 2
  }
}
================================================================================

{
  "timestamp": "2026-01-15T15:18:24.257Z",
  "type": "request",
  "endpoint": "GET /games",
  "fullUrl": "https://staging.slotegrator.com/api/index.php/v1/games?page=2",
  "headers": {
    "X-Merchant-Id": "dbb46701285c1a2e24a0bf92f00501e5",
    "X-Timestamp": "1768490304",
    "X-Nonce": "b58d8ce7d141717a94fbf303baa3aea9",
    "X-Sign": "c5e0004f...",
    "Accept": "application/json"
  },
  "body": null,
  "params": {
    "page": 2
  }
}
================================================================================

{
  "timestamp": "2026-01-15T15:18:24.741Z",
  "type": "request",
  "endpoint": "GET /games",
  "fullUrl": "https://staging.slotegrator.com/api/index.php/v1/games?page=3",
  "headers": {
    "X-Merchant-Id": "dbb46701285c1a2e24a0bf92f00501e5",
    "X-Timestamp": "1768490304",
    "X-Nonce": "c4e0111ef887ff87d72246bb30a8ae76",
    "X-Sign": "93741eb8...",
    "Accept": "application/json"
  },
  "body": null,
  "params": {
    "page": 3
  }
}
================================================================================

{
  "timestamp": "2026-01-15T15:18:24.791Z",
  "type": "request",
  "endpoint": "GET /games",
  "fullUrl": "https://staging.slotegrator.com/api/index.php/v1/games?page=3",
  "headers": {
    "X-Merchant-Id": "dbb46701285c1a2e24a0bf92f00501e5",
    "X-Timestamp": "1768490304",
    "X-Nonce": "de66ed0281db77d6371ecf36b4c0c70e",
    "X-Sign": "b44488f9...",
    "Accept": "application/json"
  },
  "body": null,
  "params": {
    "page": 3
  }
}
================================================================================

{
  "timestamp": "2026-01-15T15:18:25.255Z",
  "type": "request",
  "endpoint": "GET /games",
  "fullUrl": "https://staging.slotegrator.com/api/index.php/v1/games?page=4",
  "headers": {
    "X-Merchant-Id": "dbb46701285c1a2e24a0bf92f00501e5",
    "X-Timestamp": "1768490305",
    "X-Nonce": "c4a0d2079abb01f975c6c8a534bc5264",
    "X-Sign": "c797914d...",
    "Accept": "application/json"
  },
  "body": null,
  "params": {
    "page": 4
  }
}
================================================================================

{
  "timestamp": "2026-01-15T15:18:25.274Z",
  "type": "request",
  "endpoint": "GET /games",
  "fullUrl": "https://staging.slotegrator.com/api/index.php/v1/games?page=4",
  "headers": {
    "X-Merchant-Id": "dbb46701285c1a2e24a0bf92f00501e5",
    "X-Timestamp": "1768490305",
    "X-Nonce": "9e92bcae18757cdfb7369f2e387567ec",
    "X-Sign": "ea462153...",
    "Accept": "application/json"
  },
  "body": null,
  "params": {
    "page": 4
  }
}
================================================================================

{
  "timestamp": "2026-01-15T15:18:25.773Z",
  "type": "request",
  "endpoint": "GET /games",
  "fullUrl": "https://staging.slotegrator.com/api/index.php/v1/games?page=5",
  "headers": {
    "X-Merchant-Id": "dbb46701285c1a2e24a0bf92f00501e5",
    "X-Timestamp": "1768490305",
    "X-Nonce": "abdb94a8299999a6b220d9064c5da72d",
    "X-Sign": "a892f75e...",
    "Accept": "application/json"
  },
  "body": null,
  "params": {
    "page": 5
  }
}
================================================================================

{
  "timestamp": "2026-01-15T15:18:25.790Z",
  "type": "request",
  "endpoint": "GET /games",
  "fullUrl": "https://staging.slotegrator.com/api/index.php/v1/games?page=5",
  "headers": {
    "X-Merchant-Id": "dbb46701285c1a2e24a0bf92f00501e5",
    "X-Timestamp": "1768490305",
    "X-Nonce": "365d6c51b37c0b6cec46939e7d3dbb01",
    "X-Sign": "172b9979...",
    "Accept": "application/json"
  },
  "body": null,
  "params": {
    "page": 5
  }
}
================================================================================

{
  "timestamp": "2026-01-15T15:18:26.256Z",
  "type": "request",
  "endpoint": "GET /games",
  "fullUrl": "https://staging.slotegrator.com/api/index.php/v1/games?page=6",
  "headers": {
    "X-Merchant-Id": "dbb46701285c1a2e24a0bf92f00501e5",
    "X-Timestamp": "1768490306",
    "X-Nonce": "f6d60bdb935063aedbb9e480c50256f9",
    "X-Sign": "cc555799...",
    "Accept": "application/json"
  },
  "body": null,
  "params": {
    "page": 6
  }
}
================================================================================

{
  "timestamp": "2026-01-15T15:18:26.296Z",
  "type": "request",
  "endpoint": "GET /games",
  "fullUrl": "https://staging.slotegrator.com/api/index.php/v1/games?page=6",
  "headers": {
    "X-Merchant-Id": "dbb46701285c1a2e24a0bf92f00501e5",
    "X-Timestamp": "1768490306",
    "X-Nonce": "271aee48f3f2f91b947cdc7c7c7799a6",
    "X-Sign": "1ca98350...",
    "Accept": "application/json"
  },
  "body": null,
  "params": {
    "page": 6
  }
}
================================================================================

{
  "timestamp": "2026-01-15T15:18:26.760Z",
  "type": "request",
  "endpoint": "GET /games",
  "fullUrl": "https://staging.slotegrator.com/api/index.php/v1/games?page=7",
  "headers": {
    "X-Merchant-Id": "dbb46701285c1a2e24a0bf92f00501e5",
    "X-Timestamp": "1768490306",
    "X-Nonce": "3223248ffb1e88872b80c0be06407122",
    "X-Sign": "f93ccacb...",
    "Accept": "application/json"
  },
  "body": null,
  "params": {
    "page": 7
  }
}
================================================================================

{
  "timestamp": "2026-01-15T15:18:26.781Z",
  "type": "request",
  "endpoint": "GET /games",
  "fullUrl": "https://staging.slotegrator.com/api/index.php/v1/games?page=7",
  "headers": {
    "X-Merchant-Id": "dbb46701285c1a2e24a0bf92f00501e5",
    "X-Timestamp": "1768490306",
    "X-Nonce": "08c88428794c680511658bd584582870",
    "X-Sign": "8ccc1a4a...",
    "Accept": "application/json"
  },
  "body": null,
  "params": {
    "page": 7
  }
}
================================================================================

{
  "timestamp": "2026-01-15T15:18:27.250Z",
  "type": "request",
  "endpoint": "GET /games",
  "fullUrl": "https://staging.slotegrator.com/api/index.php/v1/games?page=8",
  "headers": {
    "X-Merchant-Id": "dbb46701285c1a2e24a0bf92f00501e5",
    "X-Timestamp": "1768490307",
    "X-Nonce": "3c11f8c6738bd6b4cc7d8af7e2816be6",
    "X-Sign": "08b3c972...",
    "Accept": "application/json"
  },
  "body": null,
  "params": {
    "page": 8
  }
}
================================================================================

{
  "timestamp": "2026-01-15T15:18:27.267Z",
  "type": "request",
  "endpoint": "GET /games",
  "fullUrl": "https://staging.slotegrator.com/api/index.php/v1/games?page=8",
  "headers": {
    "X-Merchant-Id": "dbb46701285c1a2e24a0bf92f00501e5",
    "X-Timestamp": "1768490307",
    "X-Nonce": "727070251a435a667db7b8941eeb54b1",
    "X-Sign": "6197211f...",
    "Accept": "application/json"
  },
  "body": null,
  "params": {
    "page": 8
  }
}
================================================================================

{
  "timestamp": "2026-01-15T15:18:27.706Z",
  "type": "request",
  "endpoint": "GET /games",
  "fullUrl": "https://staging.slotegrator.com/api/index.php/v1/games?page=9",
  "headers": {
    "X-Merchant-Id": "dbb46701285c1a2e24a0bf92f00501e5",
    "X-Timestamp": "1768490307",
    "X-Nonce": "4f701593827bf418e28f773929ade362",
    "X-Sign": "ba958bbb...",
    "Accept": "application/json"
  },
  "body": null,
  "params": {
    "page": 9
  }
}
================================================================================

{
  "timestamp": "2026-01-15T15:18:27.754Z",
  "type": "request",
  "endpoint": "GET /games",
  "fullUrl": "https://staging.slotegrator.com/api/index.php/v1/games?page=9",
  "headers": {
    "X-Merchant-Id": "dbb46701285c1a2e24a0bf92f00501e5",
    "X-Timestamp": "1768490307",
    "X-Nonce": "96e1ab8c0d80897198e5947ebc085bac",
    "X-Sign": "7c32567a...",
    "Accept": "application/json"
  },
  "body": null,
  "params": {
    "page": 9
  }
}
================================================================================

{
  "timestamp": "2026-01-15T15:18:28.229Z",
  "type": "request",
  "endpoint": "GET /games",
  "fullUrl": "https://staging.slotegrator.com/api/index.php/v1/games?page=10",
  "headers": {
    "X-Merchant-Id": "dbb46701285c1a2e24a0bf92f00501e5",
    "X-Timestamp": "1768490308",
    "X-Nonce": "04b44d2aad48519f6f8b9997775d3c34",
    "X-Sign": "f7302115...",
    "Accept": "application/json"
  },
  "body": null,
  "params": {
    "page": 10
  }
}
================================================================================

{
  "timestamp": "2026-01-15T15:18:28.242Z",
  "type": "request",
  "endpoint": "GET /games",
  "fullUrl": "https://staging.slotegrator.com/api/index.php/v1/games?page=10",
  "headers": {
    "X-Merchant-Id": "dbb46701285c1a2e24a0bf92f00501e5",
    "X-Timestamp": "1768490308",
    "X-Nonce": "bd653a23881902fcb31374d6abfc4899",
    "X-Sign": "bf291701...",
    "Accept": "application/json"
  },
  "body": null,
  "params": {
    "page": 10
  }
}
================================================================================

{
  "timestamp": "2026-01-15T15:18:28.762Z",
  "type": "request",
  "endpoint": "POST /games/init",
  "fullUrl": "https://staging.slotegrator.com/api/index.php/v1/games/init",
  "headers": {
    "X-Merchant-Id": "dbb46701285c1a2e24a0bf92f00501e5",
    "X-Timestamp": "1768490308",
    "X-Nonce": "1bfed6a5cba78f84e595e6ffa79ac2f1",
    "X-Sign": "a2438645...",
    "Accept": "application/json",
    "Content-Type": "application/x-www-form-urlencoded"
  },
  "body": "game_uuid=7487f0fac9049c9ee0dd0635a8ce5f5bfe04cd15&player_id=a5YAzMelXjuCiihUtj58Z&player_name=bananana&currency=USD&session_id=session_a5YAzMelXjuCiihUtj58Z_1768490308761_4tgxujt&device=desktop&return_url=https%3A%2F%2Fboztestarea.ngrok.app&language=fr&email=bananana%40gmail.com",
  "params": {
    "game_uuid": "7487f0fac9049c9ee0dd0635a8ce5f5bfe04cd15",
    "player_id": "a5YAzMelXjuCiihUtj58Z",
    "player_name": "bananana",
    "currency": "USD",
    "session_id": "session_a5YAzMelXjuCiihUtj58Z_1768490308761_4tgxujt",
    "device": "desktop",
    "return_url": "https://boztestarea.ngrok.app",
    "language": "fr",
    "email": "bananana@gmail.com"
  }
}
================================================================================

{
  "timestamp": "2026-01-15T15:18:28.793Z",
  "type": "request",
  "endpoint": "POST /games/init",
  "fullUrl": "https://staging.slotegrator.com/api/index.php/v1/games/init",
  "headers": {
    "X-Merchant-Id": "dbb46701285c1a2e24a0bf92f00501e5",
    "X-Timestamp": "1768490308",
    "X-Nonce": "ab0bb355698e114d7089c8f830435b77",
    "X-Sign": "c112c6a2...",
    "Accept": "application/json",
    "Content-Type": "application/x-www-form-urlencoded"
  },
  "body": "game_uuid=7487f0fac9049c9ee0dd0635a8ce5f5bfe04cd15&player_id=a5YAzMelXjuCiihUtj58Z&player_name=bananana&currency=USD&session_id=session_a5YAzMelXjuCiihUtj58Z_1768490308792_6pst8p&device=desktop&return_url=https%3A%2F%2Fboztestarea.ngrok.app&language=fr&email=bananana%40gmail.com",
  "params": {
    "game_uuid": "7487f0fac9049c9ee0dd0635a8ce5f5bfe04cd15",
    "player_id": "a5YAzMelXjuCiihUtj58Z",
    "player_name": "bananana",
    "currency": "USD",
    "session_id": "session_a5YAzMelXjuCiihUtj58Z_1768490308792_6pst8p",
    "device": "desktop",
    "return_url": "https://boztestarea.ngrok.app",
    "language": "fr",
    "email": "bananana@gmail.com"
  }
}
================================================================================

{
  "timestamp": "2026-01-15T15:19:16.781Z",
  "type": "request",
  "endpoint": "GET /games",
  "fullUrl": "https://staging.slotegrator.com/api/index.php/v1/games",
  "headers": {
    "X-Merchant-Id": "dbb46701285c1a2e24a0bf92f00501e5",
    "X-Timestamp": "1768490356",
    "X-Nonce": "de621eff6c590b84fa01969bbe2d6f6f",
    "X-Sign": "c7f621f3...",
    "Accept": "application/json"
  },
  "body": null,
  "params": null
}
================================================================================

{
  "timestamp": "2026-01-15T15:19:16.807Z",
  "type": "request",
  "endpoint": "GET /games",
  "fullUrl": "https://staging.slotegrator.com/api/index.php/v1/games",
  "headers": {
    "X-Merchant-Id": "dbb46701285c1a2e24a0bf92f00501e5",
    "X-Timestamp": "1768490356",
    "X-Nonce": "4628898ac5025a92e922a628b6adb8d5",
    "X-Sign": "ab796d7c...",
    "Accept": "application/json"
  },
  "body": null,
  "params": null
}
================================================================================

{
  "timestamp": "2026-01-15T15:19:17.533Z",
  "type": "request",
  "endpoint": "GET /games",
  "fullUrl": "https://staging.slotegrator.com/api/index.php/v1/games?page=2",
  "headers": {
    "X-Merchant-Id": "dbb46701285c1a2e24a0bf92f00501e5",
    "X-Timestamp": "1768490357",
    "X-Nonce": "072f763f07709929ccf6a769442c7bc3",
    "X-Sign": "77305adf...",
    "Accept": "application/json"
  },
  "body": null,
  "params": {
    "page": 2
  }
}
================================================================================

{
  "timestamp": "2026-01-15T15:19:17.584Z",
  "type": "request",
  "endpoint": "GET /games",
  "fullUrl": "https://staging.slotegrator.com/api/index.php/v1/games?page=2",
  "headers": {
    "X-Merchant-Id": "dbb46701285c1a2e24a0bf92f00501e5",
    "X-Timestamp": "1768490357",
    "X-Nonce": "6cf54f025636f2ff42d6b77ef1b628dd",
    "X-Sign": "4020c2a9...",
    "Accept": "application/json"
  },
  "body": null,
  "params": {
    "page": 2
  }
}
================================================================================

{
  "timestamp": "2026-01-15T15:19:18.078Z",
  "type": "request",
  "endpoint": "GET /games",
  "fullUrl": "https://staging.slotegrator.com/api/index.php/v1/games?page=3",
  "headers": {
    "X-Merchant-Id": "dbb46701285c1a2e24a0bf92f00501e5",
    "X-Timestamp": "1768490358",
    "X-Nonce": "1754335b65cb00a185fc8b7d6b64f429",
    "X-Sign": "0c1fb9a0...",
    "Accept": "application/json"
  },
  "body": null,
  "params": {
    "page": 3
  }
}
================================================================================

{
  "timestamp": "2026-01-15T15:19:18.117Z",
  "type": "request",
  "endpoint": "GET /games",
  "fullUrl": "https://staging.slotegrator.com/api/index.php/v1/games?page=3",
  "headers": {
    "X-Merchant-Id": "dbb46701285c1a2e24a0bf92f00501e5",
    "X-Timestamp": "1768490358",
    "X-Nonce": "e8c699e68b909ba96115429558268c45",
    "X-Sign": "19d4c08f...",
    "Accept": "application/json"
  },
  "body": null,
  "params": {
    "page": 3
  }
}
================================================================================

{
  "timestamp": "2026-01-15T15:19:18.533Z",
  "type": "request",
  "endpoint": "GET /games",
  "fullUrl": "https://staging.slotegrator.com/api/index.php/v1/games?page=4",
  "headers": {
    "X-Merchant-Id": "dbb46701285c1a2e24a0bf92f00501e5",
    "X-Timestamp": "1768490358",
    "X-Nonce": "6c84b547e3253337b41ff62410a32933",
    "X-Sign": "d6c34506...",
    "Accept": "application/json"
  },
  "body": null,
  "params": {
    "page": 4
  }
}
================================================================================

{
  "timestamp": "2026-01-15T15:19:18.584Z",
  "type": "request",
  "endpoint": "GET /games",
  "fullUrl": "https://staging.slotegrator.com/api/index.php/v1/games?page=4",
  "headers": {
    "X-Merchant-Id": "dbb46701285c1a2e24a0bf92f00501e5",
    "X-Timestamp": "1768490358",
    "X-Nonce": "ee83fc4ab960b932d5da278235f899c3",
    "X-Sign": "b4513f3f...",
    "Accept": "application/json"
  },
  "body": null,
  "params": {
    "page": 4
  }
}
================================================================================

{
  "timestamp": "2026-01-15T15:19:18.967Z",
  "type": "request",
  "endpoint": "GET /games",
  "fullUrl": "https://staging.slotegrator.com/api/index.php/v1/games?page=5",
  "headers": {
    "X-Merchant-Id": "dbb46701285c1a2e24a0bf92f00501e5",
    "X-Timestamp": "1768490358",
    "X-Nonce": "ad34d76f06b63313c8dfcd7cd76fe3e2",
    "X-Sign": "f31ff46c...",
    "Accept": "application/json"
  },
  "body": null,
  "params": {
    "page": 5
  }
}
================================================================================

{
  "timestamp": "2026-01-15T15:19:19.049Z",
  "type": "request",
  "endpoint": "GET /games",
  "fullUrl": "https://staging.slotegrator.com/api/index.php/v1/games?page=5",
  "headers": {
    "X-Merchant-Id": "dbb46701285c1a2e24a0bf92f00501e5",
    "X-Timestamp": "1768490359",
    "X-Nonce": "d245073f2359367ba9fd0bc5b8b986ff",
    "X-Sign": "c3872058...",
    "Accept": "application/json"
  },
  "body": null,
  "params": {
    "page": 5
  }
}
================================================================================

{
  "timestamp": "2026-01-15T15:19:19.422Z",
  "type": "request",
  "endpoint": "GET /games",
  "fullUrl": "https://staging.slotegrator.com/api/index.php/v1/games",
  "headers": {
    "X-Merchant-Id": "dbb46701285c1a2e24a0bf92f00501e5",
    "X-Timestamp": "1768490359",
    "X-Nonce": "a45adb98d9ca33b42c1c70ff94344cda",
    "X-Sign": "f028d5b3...",
    "Accept": "application/json"
  },
  "body": null,
  "params": null
}
================================================================================

{
  "timestamp": "2026-01-15T15:19:19.509Z",
  "type": "request",
  "endpoint": "GET /games",
  "fullUrl": "https://staging.slotegrator.com/api/index.php/v1/games",
  "headers": {
    "X-Merchant-Id": "dbb46701285c1a2e24a0bf92f00501e5",
    "X-Timestamp": "1768490359",
    "X-Nonce": "2abaed489e82c4635758fc8627263ba8",
    "X-Sign": "61fe90b7...",
    "Accept": "application/json"
  },
  "body": null,
  "params": null
}
================================================================================

{
  "timestamp": "2026-01-15T15:19:19.950Z",
  "type": "request",
  "endpoint": "GET /games",
  "fullUrl": "https://staging.slotegrator.com/api/index.php/v1/games?page=2",
  "headers": {
    "X-Merchant-Id": "dbb46701285c1a2e24a0bf92f00501e5",
    "X-Timestamp": "1768490359",
    "X-Nonce": "0d510624c9db1466b5d5ddc43d5c55f2",
    "X-Sign": "800f3005...",
    "Accept": "application/json"
  },
  "body": null,
  "params": {
    "page": 2
  }
}
================================================================================

{
  "timestamp": "2026-01-15T15:19:20.017Z",
  "type": "request",
  "endpoint": "GET /games",
  "fullUrl": "https://staging.slotegrator.com/api/index.php/v1/games?page=2",
  "headers": {
    "X-Merchant-Id": "dbb46701285c1a2e24a0bf92f00501e5",
    "X-Timestamp": "1768490360",
    "X-Nonce": "03c5f1dbb001e7f55439dd36a57babc0",
    "X-Sign": "12c8cfe9...",
    "Accept": "application/json"
  },
  "body": null,
  "params": {
    "page": 2
  }
}
================================================================================

{
  "timestamp": "2026-01-15T15:19:20.433Z",
  "type": "request",
  "endpoint": "GET /games",
  "fullUrl": "https://staging.slotegrator.com/api/index.php/v1/games?page=3",
  "headers": {
    "X-Merchant-Id": "dbb46701285c1a2e24a0bf92f00501e5",
    "X-Timestamp": "1768490360",
    "X-Nonce": "083e0cd4518918c5c1cbb3b934a8cb7a",
    "X-Sign": "a2ea089f...",
    "Accept": "application/json"
  },
  "body": null,
  "params": {
    "page": 3
  }
}
================================================================================

{
  "timestamp": "2026-01-15T15:19:20.550Z",
  "type": "request",
  "endpoint": "GET /games",
  "fullUrl": "https://staging.slotegrator.com/api/index.php/v1/games?page=3",
  "headers": {
    "X-Merchant-Id": "dbb46701285c1a2e24a0bf92f00501e5",
    "X-Timestamp": "1768490360",
    "X-Nonce": "be276c6de1747f4486b4c8f709f31992",
    "X-Sign": "4fdaa505...",
    "Accept": "application/json"
  },
  "body": null,
  "params": {
    "page": 3
  }
}
================================================================================

{
  "timestamp": "2026-01-15T15:19:20.900Z",
  "type": "request",
  "endpoint": "GET /games",
  "fullUrl": "https://staging.slotegrator.com/api/index.php/v1/games?page=4",
  "headers": {
    "X-Merchant-Id": "dbb46701285c1a2e24a0bf92f00501e5",
    "X-Timestamp": "1768490360",
    "X-Nonce": "ed97a58f1756398828a601da63d29763",
    "X-Sign": "9fa6eed4...",
    "Accept": "application/json"
  },
  "body": null,
  "params": {
    "page": 4
  }
}
================================================================================

{
  "timestamp": "2026-01-15T15:19:21.017Z",
  "type": "request",
  "endpoint": "GET /games",
  "fullUrl": "https://staging.slotegrator.com/api/index.php/v1/games?page=4",
  "headers": {
    "X-Merchant-Id": "dbb46701285c1a2e24a0bf92f00501e5",
    "X-Timestamp": "1768490361",
    "X-Nonce": "5f5cfad240cf13c17089eea305541f08",
    "X-Sign": "b6f94c0e...",
    "Accept": "application/json"
  },
  "body": null,
  "params": {
    "page": 4
  }
}
================================================================================

{
  "timestamp": "2026-01-15T15:19:21.417Z",
  "type": "request",
  "endpoint": "GET /games",
  "fullUrl": "https://staging.slotegrator.com/api/index.php/v1/games?page=5",
  "headers": {
    "X-Merchant-Id": "dbb46701285c1a2e24a0bf92f00501e5",
    "X-Timestamp": "1768490361",
    "X-Nonce": "d17d220d4d672f30693e7dcad6cece8b",
    "X-Sign": "34550f93...",
    "Accept": "application/json"
  },
  "body": null,
  "params": {
    "page": 5
  }
}
================================================================================

{
  "timestamp": "2026-01-15T15:19:21.533Z",
  "type": "request",
  "endpoint": "GET /games",
  "fullUrl": "https://staging.slotegrator.com/api/index.php/v1/games?page=5",
  "headers": {
    "X-Merchant-Id": "dbb46701285c1a2e24a0bf92f00501e5",
    "X-Timestamp": "1768490361",
    "X-Nonce": "a0404d81ead546f1a4a71c23d385bc0e",
    "X-Sign": "5092ecae...",
    "Accept": "application/json"
  },
  "body": null,
  "params": {
    "page": 5
  }
}
================================================================================

{
  "timestamp": "2026-01-15T15:19:21.933Z",
  "type": "request",
  "endpoint": "GET /games",
  "fullUrl": "https://staging.slotegrator.com/api/index.php/v1/games?page=6",
  "headers": {
    "X-Merchant-Id": "dbb46701285c1a2e24a0bf92f00501e5",
    "X-Timestamp": "1768490361",
    "X-Nonce": "d9661294d242da10cbbe9eea7b8e22c6",
    "X-Sign": "2f57a2c0...",
    "Accept": "application/json"
  },
  "body": null,
  "params": {
    "page": 6
  }
}
================================================================================

{
  "timestamp": "2026-01-15T15:19:22.050Z",
  "type": "request",
  "endpoint": "GET /games",
  "fullUrl": "https://staging.slotegrator.com/api/index.php/v1/games?page=6",
  "headers": {
    "X-Merchant-Id": "dbb46701285c1a2e24a0bf92f00501e5",
    "X-Timestamp": "1768490362",
    "X-Nonce": "5a2f5c2a5f12532334c5d564ada0d6e5",
    "X-Sign": "e14bb435...",
    "Accept": "application/json"
  },
  "body": null,
  "params": {
    "page": 6
  }
}
================================================================================

{
  "timestamp": "2026-01-15T15:19:22.400Z",
  "type": "request",
  "endpoint": "GET /games",
  "fullUrl": "https://staging.slotegrator.com/api/index.php/v1/games?page=7",
  "headers": {
    "X-Merchant-Id": "dbb46701285c1a2e24a0bf92f00501e5",
    "X-Timestamp": "1768490362",
    "X-Nonce": "d6b34ba41d9e885618b0bb9456b1d514",
    "X-Sign": "d567300d...",
    "Accept": "application/json"
  },
  "body": null,
  "params": {
    "page": 7
  }
}
================================================================================

{
  "timestamp": "2026-01-15T15:19:22.534Z",
  "type": "request",
  "endpoint": "GET /games",
  "fullUrl": "https://staging.slotegrator.com/api/index.php/v1/games?page=7",
  "headers": {
    "X-Merchant-Id": "dbb46701285c1a2e24a0bf92f00501e5",
    "X-Timestamp": "1768490362",
    "X-Nonce": "969a38ad5fd89ef67fe8bd19a46741c6",
    "X-Sign": "8d0679ba...",
    "Accept": "application/json"
  },
  "body": null,
  "params": {
    "page": 7
  }
}
================================================================================

{
  "timestamp": "2026-01-15T15:19:22.833Z",
  "type": "request",
  "endpoint": "GET /games",
  "fullUrl": "https://staging.slotegrator.com/api/index.php/v1/games?page=8",
  "headers": {
    "X-Merchant-Id": "dbb46701285c1a2e24a0bf92f00501e5",
    "X-Timestamp": "1768490362",
    "X-Nonce": "beaa20d05bb143e9eeabc96924741384",
    "X-Sign": "0eacdcf7...",
    "Accept": "application/json"
  },
  "body": null,
  "params": {
    "page": 8
  }
}
================================================================================

{
  "timestamp": "2026-01-15T15:19:23.017Z",
  "type": "request",
  "endpoint": "GET /games",
  "fullUrl": "https://staging.slotegrator.com/api/index.php/v1/games?page=8",
  "headers": {
    "X-Merchant-Id": "dbb46701285c1a2e24a0bf92f00501e5",
    "X-Timestamp": "1768490363",
    "X-Nonce": "a7e79d83d78c4df62406798ade6289ef",
    "X-Sign": "07813e2b...",
    "Accept": "application/json"
  },
  "body": null,
  "params": {
    "page": 8
  }
}
================================================================================

{
  "timestamp": "2026-01-15T15:19:23.267Z",
  "type": "request",
  "endpoint": "GET /games",
  "fullUrl": "https://staging.slotegrator.com/api/index.php/v1/games?page=9",
  "headers": {
    "X-Merchant-Id": "dbb46701285c1a2e24a0bf92f00501e5",
    "X-Timestamp": "1768490363",
    "X-Nonce": "e6e8c27ec3d69e4d38f4336548040f49",
    "X-Sign": "d6f11d90...",
    "Accept": "application/json"
  },
  "body": null,
  "params": {
    "page": 9
  }
}
================================================================================

{
  "timestamp": "2026-01-15T15:19:23.483Z",
  "type": "request",
  "endpoint": "GET /games",
  "fullUrl": "https://staging.slotegrator.com/api/index.php/v1/games?page=9",
  "headers": {
    "X-Merchant-Id": "dbb46701285c1a2e24a0bf92f00501e5",
    "X-Timestamp": "1768490363",
    "X-Nonce": "9f6994c88fdf81cbf5b0a5f7d6520edb",
    "X-Sign": "292e353a...",
    "Accept": "application/json"
  },
  "body": null,
  "params": {
    "page": 9
  }
}
================================================================================

{
  "timestamp": "2026-01-15T15:19:23.700Z",
  "type": "request",
  "endpoint": "GET /games",
  "fullUrl": "https://staging.slotegrator.com/api/index.php/v1/games?page=10",
  "headers": {
    "X-Merchant-Id": "dbb46701285c1a2e24a0bf92f00501e5",
    "X-Timestamp": "1768490363",
    "X-Nonce": "35d0ff9490ba040dedad32a9b2c8879e",
    "X-Sign": "bdfe4367...",
    "Accept": "application/json"
  },
  "body": null,
  "params": {
    "page": 10
  }
}
================================================================================

{
  "timestamp": "2026-01-15T15:19:23.934Z",
  "type": "request",
  "endpoint": "GET /games",
  "fullUrl": "https://staging.slotegrator.com/api/index.php/v1/games?page=10",
  "headers": {
    "X-Merchant-Id": "dbb46701285c1a2e24a0bf92f00501e5",
    "X-Timestamp": "1768490363",
    "X-Nonce": "1113bd883ea73b614192dcb17a234394",
    "X-Sign": "0c3a92b7...",
    "Accept": "application/json"
  },
  "body": null,
  "params": {
    "page": 10
  }
}
================================================================================

{
  "timestamp": "2026-01-15T15:19:24.150Z",
  "type": "request",
  "endpoint": "POST /games/init",
  "fullUrl": "https://staging.slotegrator.com/api/index.php/v1/games/init",
  "headers": {
    "X-Merchant-Id": "dbb46701285c1a2e24a0bf92f00501e5",
    "X-Timestamp": "1768490364",
    "X-Nonce": "22551a64ca0f30af1466e5a4006e9f05",
    "X-Sign": "9e983e75...",
    "Accept": "application/json",
    "Content-Type": "application/x-www-form-urlencoded"
  },
  "body": "game_uuid=7487f0fac9049c9ee0dd0635a8ce5f5bfe04cd15&player_id=a5YAzMelXjuCiihUtj58Z&player_name=bananana&currency=USD&session_id=session_a5YAzMelXjuCiihUtj58Z_1768490364148_yhgwwc&device=desktop&return_url=https%3A%2F%2Fboztestarea.ngrok.app&language=fr&email=bananana%40gmail.com",
  "params": {
    "game_uuid": "7487f0fac9049c9ee0dd0635a8ce5f5bfe04cd15",
    "player_id": "a5YAzMelXjuCiihUtj58Z",
    "player_name": "bananana",
    "currency": "USD",
    "session_id": "session_a5YAzMelXjuCiihUtj58Z_1768490364148_yhgwwc",
    "device": "desktop",
    "return_url": "https://boztestarea.ngrok.app",
    "language": "fr",
    "email": "bananana@gmail.com"
  }
}
================================================================================

{
  "timestamp": "2026-01-15T15:19:24.368Z",
  "type": "request",
  "endpoint": "POST /games/init",
  "fullUrl": "https://staging.slotegrator.com/api/index.php/v1/games/init",
  "headers": {
    "X-Merchant-Id": "dbb46701285c1a2e24a0bf92f00501e5",
    "X-Timestamp": "1768490364",
    "X-Nonce": "7d64ce4bdd5a5bc246c1fcb1faa9b4df",
    "X-Sign": "225d18b2...",
    "Accept": "application/json",
    "Content-Type": "application/x-www-form-urlencoded"
  },
  "body": "game_uuid=7487f0fac9049c9ee0dd0635a8ce5f5bfe04cd15&player_id=a5YAzMelXjuCiihUtj58Z&player_name=bananana&currency=USD&session_id=session_a5YAzMelXjuCiihUtj58Z_1768490364366_wd445m&device=desktop&return_url=https%3A%2F%2Fboztestarea.ngrok.app&language=fr&email=bananana%40gmail.com",
  "params": {
    "game_uuid": "7487f0fac9049c9ee0dd0635a8ce5f5bfe04cd15",
    "player_id": "a5YAzMelXjuCiihUtj58Z",
    "player_name": "bananana",
    "currency": "USD",
    "session_id": "session_a5YAzMelXjuCiihUtj58Z_1768490364366_wd445m",
    "device": "desktop",
    "return_url": "https://boztestarea.ngrok.app",
    "language": "fr",
    "email": "bananana@gmail.com"
  }
}
================================================================================

{
  "timestamp": "2026-01-15T15:21:37.629Z",
  "type": "request",
  "endpoint": "GET /limits",
  "fullUrl": "https://staging.slotegrator.com/api/index.php/v1/limits",
  "headers": {
    "X-Merchant-Id": "dbb46701285c1a2e24a0bf92f00501e5",
    "X-Timestamp": "1768490497",
    "X-Nonce": "9268797d8b5926a674c01e589c39364c",
    "X-Sign": "baac39d7...",
    "Accept": "application/json"
  },
  "body": null,
  "params": null
}
================================================================================

{
  "timestamp": "2026-01-15T15:21:38.081Z",
  "type": "request",
  "endpoint": "GET /games",
  "fullUrl": "https://staging.slotegrator.com/api/index.php/v1/games",
  "headers": {
    "X-Merchant-Id": "dbb46701285c1a2e24a0bf92f00501e5",
    "X-Timestamp": "1768490498",
    "X-Nonce": "778a660927f4c362e6cc3cd007f557c8",
    "X-Sign": "7fef8703...",
    "Accept": "application/json"
  },
  "body": null,
  "params": null
}
================================================================================

{
  "timestamp": "2026-01-15T15:21:38.087Z",
  "type": "request",
  "endpoint": "GET /games",
  "fullUrl": "https://staging.slotegrator.com/api/index.php/v1/games",
  "headers": {
    "X-Merchant-Id": "dbb46701285c1a2e24a0bf92f00501e5",
    "X-Timestamp": "1768490498",
    "X-Nonce": "6db2e761e5ec8b6921671c9ffc56cf66",
    "X-Sign": "302ac9d1...",
    "Accept": "application/json"
  },
  "body": null,
  "params": null
}
================================================================================

{
  "timestamp": "2026-01-15T15:21:38.553Z",
  "type": "request",
  "endpoint": "GET /games",
  "fullUrl": "https://staging.slotegrator.com/api/index.php/v1/games?page=2",
  "headers": {
    "X-Merchant-Id": "dbb46701285c1a2e24a0bf92f00501e5",
    "X-Timestamp": "1768490498",
    "X-Nonce": "6181846b7635f6249953c61ab500e3f3",
    "X-Sign": "2dd595e1...",
    "Accept": "application/json"
  },
  "body": null,
  "params": {
    "page": 2
  }
}
================================================================================

{
  "timestamp": "2026-01-15T15:21:38.768Z",
  "type": "request",
  "endpoint": "GET /games",
  "fullUrl": "https://staging.slotegrator.com/api/index.php/v1/games?page=2",
  "headers": {
    "X-Merchant-Id": "dbb46701285c1a2e24a0bf92f00501e5",
    "X-Timestamp": "1768490498",
    "X-Nonce": "d7fb2e1f4c6ea367cfd9454a52f8e54f",
    "X-Sign": "bb37d877...",
    "Accept": "application/json"
  },
  "body": null,
  "params": {
    "page": 2
  }
}
================================================================================

{
  "timestamp": "2026-01-15T15:21:39.018Z",
  "type": "request",
  "endpoint": "GET /games",
  "fullUrl": "https://staging.slotegrator.com/api/index.php/v1/games?page=3",
  "headers": {
    "X-Merchant-Id": "dbb46701285c1a2e24a0bf92f00501e5",
    "X-Timestamp": "1768490499",
    "X-Nonce": "e55ee3ead16d69ef8fb9702a64e6f348",
    "X-Sign": "9f53cee0...",
    "Accept": "application/json"
  },
  "body": null,
  "params": {
    "page": 3
  }
}
================================================================================

{
  "timestamp": "2026-01-15T15:21:39.235Z",
  "type": "request",
  "endpoint": "GET /games",
  "fullUrl": "https://staging.slotegrator.com/api/index.php/v1/games?page=3",
  "headers": {
    "X-Merchant-Id": "dbb46701285c1a2e24a0bf92f00501e5",
    "X-Timestamp": "1768490499",
    "X-Nonce": "b3643aab72fb5920a610008131f8811e",
    "X-Sign": "4874110e...",
    "Accept": "application/json"
  },
  "body": null,
  "params": {
    "page": 3
  }
}
================================================================================

{
  "timestamp": "2026-01-15T15:21:39.519Z",
  "type": "request",
  "endpoint": "GET /games",
  "fullUrl": "https://staging.slotegrator.com/api/index.php/v1/games?page=4",
  "headers": {
    "X-Merchant-Id": "dbb46701285c1a2e24a0bf92f00501e5",
    "X-Timestamp": "1768490499",
    "X-Nonce": "83bc43e32f377e4763831475a53cc46e",
    "X-Sign": "d71d5894...",
    "Accept": "application/json"
  },
  "body": null,
  "params": {
    "page": 4
  }
}
================================================================================

{
  "timestamp": "2026-01-15T15:21:39.719Z",
  "type": "request",
  "endpoint": "GET /games",
  "fullUrl": "https://staging.slotegrator.com/api/index.php/v1/games?page=4",
  "headers": {
    "X-Merchant-Id": "dbb46701285c1a2e24a0bf92f00501e5",
    "X-Timestamp": "1768490499",
    "X-Nonce": "132fdb2b7f4d660f67d54be28ef442c9",
    "X-Sign": "0261fe41...",
    "Accept": "application/json"
  },
  "body": null,
  "params": {
    "page": 4
  }
}
================================================================================

{
  "timestamp": "2026-01-15T15:21:39.987Z",
  "type": "request",
  "endpoint": "GET /games",
  "fullUrl": "https://staging.slotegrator.com/api/index.php/v1/games?page=5",
  "headers": {
    "X-Merchant-Id": "dbb46701285c1a2e24a0bf92f00501e5",
    "X-Timestamp": "1768490499",
    "X-Nonce": "36f6c128bec72cbee91d06f6be040dee",
    "X-Sign": "c867e264...",
    "Accept": "application/json"
  },
  "body": null,
  "params": {
    "page": 5
  }
}
================================================================================

{
  "timestamp": "2026-01-15T15:21:40.253Z",
  "type": "request",
  "endpoint": "GET /games",
  "fullUrl": "https://staging.slotegrator.com/api/index.php/v1/games?page=5",
  "headers": {
    "X-Merchant-Id": "dbb46701285c1a2e24a0bf92f00501e5",
    "X-Timestamp": "1768490500",
    "X-Nonce": "0b466ec068b135528a8e27658f95eab1",
    "X-Sign": "573df7c2...",
    "Accept": "application/json"
  },
  "body": null,
  "params": {
    "page": 5
  }
}
================================================================================

{
  "timestamp": "2026-01-15T15:21:40.489Z",
  "type": "request",
  "endpoint": "GET /games",
  "fullUrl": "https://staging.slotegrator.com/api/index.php/v1/games",
  "headers": {
    "X-Merchant-Id": "dbb46701285c1a2e24a0bf92f00501e5",
    "X-Timestamp": "1768490500",
    "X-Nonce": "420b18d72d932df3ed18ff74f87e8f3c",
    "X-Sign": "faf62c5c...",
    "Accept": "application/json"
  },
  "body": null,
  "params": null
}
================================================================================

{
  "timestamp": "2026-01-15T15:21:40.741Z",
  "type": "request",
  "endpoint": "GET /games",
  "fullUrl": "https://staging.slotegrator.com/api/index.php/v1/games",
  "headers": {
    "X-Merchant-Id": "dbb46701285c1a2e24a0bf92f00501e5",
    "X-Timestamp": "1768490500",
    "X-Nonce": "bf74f5df450db51ee5f2b11afb2f4d62",
    "X-Sign": "7f6baee7...",
    "Accept": "application/json"
  },
  "body": null,
  "params": null
}
================================================================================

{
  "timestamp": "2026-01-15T15:21:40.953Z",
  "type": "request",
  "endpoint": "GET /games",
  "fullUrl": "https://staging.slotegrator.com/api/index.php/v1/games?page=2",
  "headers": {
    "X-Merchant-Id": "dbb46701285c1a2e24a0bf92f00501e5",
    "X-Timestamp": "1768490500",
    "X-Nonce": "585b354d703a4e9fc4b80f80e5207850",
    "X-Sign": "6e4cdd83...",
    "Accept": "application/json"
  },
  "body": null,
  "params": {
    "page": 2
  }
}
================================================================================

{
  "timestamp": "2026-01-15T15:21:41.252Z",
  "type": "request",
  "endpoint": "GET /games",
  "fullUrl": "https://staging.slotegrator.com/api/index.php/v1/games?page=2",
  "headers": {
    "X-Merchant-Id": "dbb46701285c1a2e24a0bf92f00501e5",
    "X-Timestamp": "1768490501",
    "X-Nonce": "a3531d6b6199485f2fc6ed32a38c1189",
    "X-Sign": "88f5172d...",
    "Accept": "application/json"
  },
  "body": null,
  "params": {
    "page": 2
  }
}
================================================================================

{
  "timestamp": "2026-01-15T15:21:41.570Z",
  "type": "request",
  "endpoint": "GET /games",
  "fullUrl": "https://staging.slotegrator.com/api/index.php/v1/games?page=3",
  "headers": {
    "X-Merchant-Id": "dbb46701285c1a2e24a0bf92f00501e5",
    "X-Timestamp": "1768490501",
    "X-Nonce": "9f194d6efe1cbfe4dc451cd53e5ab0e8",
    "X-Sign": "02bb37f7...",
    "Accept": "application/json"
  },
  "body": null,
  "params": {
    "page": 3
  }
}
================================================================================

{
  "timestamp": "2026-01-15T15:21:41.803Z",
  "type": "request",
  "endpoint": "GET /games",
  "fullUrl": "https://staging.slotegrator.com/api/index.php/v1/games?page=3",
  "headers": {
    "X-Merchant-Id": "dbb46701285c1a2e24a0bf92f00501e5",
    "X-Timestamp": "1768490501",
    "X-Nonce": "c9f25ddbd83656dc3d9a7461a9ef0db5",
    "X-Sign": "941a6ed7...",
    "Accept": "application/json"
  },
  "body": null,
  "params": {
    "page": 3
  }
}
================================================================================

{
  "timestamp": "2026-01-15T15:21:42.020Z",
  "type": "request",
  "endpoint": "GET /games",
  "fullUrl": "https://staging.slotegrator.com/api/index.php/v1/games?page=4",
  "headers": {
    "X-Merchant-Id": "dbb46701285c1a2e24a0bf92f00501e5",
    "X-Timestamp": "1768490502",
    "X-Nonce": "55585f01097ec0b73cf93285455a1f83",
    "X-Sign": "ff040e21...",
    "Accept": "application/json"
  },
  "body": null,
  "params": {
    "page": 4
  }
}
================================================================================

{
  "timestamp": "2026-01-15T15:21:42.286Z",
  "type": "request",
  "endpoint": "GET /games",
  "fullUrl": "https://staging.slotegrator.com/api/index.php/v1/games?page=4",
  "headers": {
    "X-Merchant-Id": "dbb46701285c1a2e24a0bf92f00501e5",
    "X-Timestamp": "1768490502",
    "X-Nonce": "4bbfe117eb4fb6fd1c1b95ede1b4351f",
    "X-Sign": "51ab7e8c...",
    "Accept": "application/json"
  },
  "body": null,
  "params": {
    "page": 4
  }
}
================================================================================

{
  "timestamp": "2026-01-15T15:21:42.596Z",
  "type": "request",
  "endpoint": "GET /games",
  "fullUrl": "https://staging.slotegrator.com/api/index.php/v1/games?page=5",
  "headers": {
    "X-Merchant-Id": "dbb46701285c1a2e24a0bf92f00501e5",
    "X-Timestamp": "1768490502",
    "X-Nonce": "d2aad4b0ad1a31a3e556c2ec0120368a",
    "X-Sign": "7f0e31ba...",
    "Accept": "application/json"
  },
  "body": null,
  "params": {
    "page": 5
  }
}
================================================================================

{
  "timestamp": "2026-01-15T15:21:42.803Z",
  "type": "request",
  "endpoint": "GET /games",
  "fullUrl": "https://staging.slotegrator.com/api/index.php/v1/games?page=5",
  "headers": {
    "X-Merchant-Id": "dbb46701285c1a2e24a0bf92f00501e5",
    "X-Timestamp": "1768490502",
    "X-Nonce": "b200f683bd0a0104b3eb3b2ef6368e45",
    "X-Sign": "136d9532...",
    "Accept": "application/json"
  },
  "body": null,
  "params": {
    "page": 5
  }
}
================================================================================

{
  "timestamp": "2026-01-15T15:21:43.169Z",
  "type": "request",
  "endpoint": "GET /games",
  "fullUrl": "https://staging.slotegrator.com/api/index.php/v1/games?page=6",
  "headers": {
    "X-Merchant-Id": "dbb46701285c1a2e24a0bf92f00501e5",
    "X-Timestamp": "1768490503",
    "X-Nonce": "2e47f5f1cbf2c29ac496c0a1bae62b9a",
    "X-Sign": "da10f887...",
    "Accept": "application/json"
  },
  "body": null,
  "params": {
    "page": 6
  }
}
================================================================================

{
  "timestamp": "2026-01-15T15:21:43.353Z",
  "type": "request",
  "endpoint": "GET /games",
  "fullUrl": "https://staging.slotegrator.com/api/index.php/v1/games?page=6",
  "headers": {
    "X-Merchant-Id": "dbb46701285c1a2e24a0bf92f00501e5",
    "X-Timestamp": "1768490503",
    "X-Nonce": "c211d5c8130e615191af3442d97cdf95",
    "X-Sign": "4664ac2d...",
    "Accept": "application/json"
  },
  "body": null,
  "params": {
    "page": 6
  }
}
================================================================================

{
  "timestamp": "2026-01-15T15:21:43.664Z",
  "type": "request",
  "endpoint": "GET /games",
  "fullUrl": "https://staging.slotegrator.com/api/index.php/v1/games?page=7",
  "headers": {
    "X-Merchant-Id": "dbb46701285c1a2e24a0bf92f00501e5",
    "X-Timestamp": "1768490503",
    "X-Nonce": "71da20ca1f68b340205a6f84194f2d11",
    "X-Sign": "52d2fd71...",
    "Accept": "application/json"
  },
  "body": null,
  "params": {
    "page": 7
  }
}
================================================================================

{
  "timestamp": "2026-01-15T15:21:43.869Z",
  "type": "request",
  "endpoint": "GET /games",
  "fullUrl": "https://staging.slotegrator.com/api/index.php/v1/games?page=7",
  "headers": {
    "X-Merchant-Id": "dbb46701285c1a2e24a0bf92f00501e5",
    "X-Timestamp": "1768490503",
    "X-Nonce": "f07665551513584413b19d7767679b49",
    "X-Sign": "fac5970d...",
    "Accept": "application/json"
  },
  "body": null,
  "params": {
    "page": 7
  }
}
================================================================================

{
  "timestamp": "2026-01-15T15:21:44.269Z",
  "type": "request",
  "endpoint": "GET /games",
  "fullUrl": "https://staging.slotegrator.com/api/index.php/v1/games?page=8",
  "headers": {
    "X-Merchant-Id": "dbb46701285c1a2e24a0bf92f00501e5",
    "X-Timestamp": "1768490504",
    "X-Nonce": "b2f267449c2af9d01794808487d6b9b9",
    "X-Sign": "aaef9529...",
    "Accept": "application/json"
  },
  "body": null,
  "params": {
    "page": 8
  }
}
================================================================================

{
  "timestamp": "2026-01-15T15:21:44.369Z",
  "type": "request",
  "endpoint": "GET /games",
  "fullUrl": "https://staging.slotegrator.com/api/index.php/v1/games?page=8",
  "headers": {
    "X-Merchant-Id": "dbb46701285c1a2e24a0bf92f00501e5",
    "X-Timestamp": "1768490504",
    "X-Nonce": "dfb3728626c6ad05efc232b1fccf856f",
    "X-Sign": "639dded4...",
    "Accept": "application/json"
  },
  "body": null,
  "params": {
    "page": 8
  }
}
================================================================================

{
  "timestamp": "2026-01-15T15:21:44.769Z",
  "type": "request",
  "endpoint": "GET /games",
  "fullUrl": "https://staging.slotegrator.com/api/index.php/v1/games?page=9",
  "headers": {
    "X-Merchant-Id": "dbb46701285c1a2e24a0bf92f00501e5",
    "X-Timestamp": "1768490504",
    "X-Nonce": "dfa5a1ea5bc138022818685f564153c7",
    "X-Sign": "eaf90c0b...",
    "Accept": "application/json"
  },
  "body": null,
  "params": {
    "page": 9
  }
}
================================================================================

{
  "timestamp": "2026-01-15T15:21:44.936Z",
  "type": "request",
  "endpoint": "GET /games",
  "fullUrl": "https://staging.slotegrator.com/api/index.php/v1/games?page=9",
  "headers": {
    "X-Merchant-Id": "dbb46701285c1a2e24a0bf92f00501e5",
    "X-Timestamp": "1768490504",
    "X-Nonce": "1983a0a4300217303c2cc4f86c5f0ee3",
    "X-Sign": "c106e53a...",
    "Accept": "application/json"
  },
  "body": null,
  "params": {
    "page": 9
  }
}
================================================================================

{
  "timestamp": "2026-01-15T15:21:45.353Z",
  "type": "request",
  "endpoint": "GET /games",
  "fullUrl": "https://staging.slotegrator.com/api/index.php/v1/games?page=10",
  "headers": {
    "X-Merchant-Id": "dbb46701285c1a2e24a0bf92f00501e5",
    "X-Timestamp": "1768490505",
    "X-Nonce": "11f8f6ac612d000d5e085a064d65d8cf",
    "X-Sign": "c985a1ed...",
    "Accept": "application/json"
  },
  "body": null,
  "params": {
    "page": 10
  }
}
================================================================================

{
  "timestamp": "2026-01-15T15:21:45.503Z",
  "type": "request",
  "endpoint": "GET /games",
  "fullUrl": "https://staging.slotegrator.com/api/index.php/v1/games?page=10",
  "headers": {
    "X-Merchant-Id": "dbb46701285c1a2e24a0bf92f00501e5",
    "X-Timestamp": "1768490505",
    "X-Nonce": "257f3dd4d472875529d45a966437e028",
    "X-Sign": "614e99dc...",
    "Accept": "application/json"
  },
  "body": null,
  "params": {
    "page": 10
  }
}
================================================================================

{
  "timestamp": "2026-01-15T15:21:45.849Z",
  "type": "request",
  "endpoint": "POST /games/init",
  "fullUrl": "https://staging.slotegrator.com/api/index.php/v1/games/init",
  "headers": {
    "X-Merchant-Id": "dbb46701285c1a2e24a0bf92f00501e5",
    "X-Timestamp": "1768490505",
    "X-Nonce": "dcd6db8547a482651c7090dd54f4a4b3",
    "X-Sign": "b46a834d...",
    "Accept": "application/json",
    "Content-Type": "application/x-www-form-urlencoded"
  },
  "body": "game_uuid=7487f0fac9049c9ee0dd0635a8ce5f5bfe04cd15&player_id=a5YAzMelXjuCiihUtj58Z&player_name=bananana&currency=EUR&session_id=session_a5YAzMelXjuCiihUtj58Z_1768490505847_ypax6&device=desktop&return_url=https%3A%2F%2Fboztestarea.ngrok.app&language=fr&email=bananana%40gmail.com",
  "params": {
    "game_uuid": "7487f0fac9049c9ee0dd0635a8ce5f5bfe04cd15",
    "player_id": "a5YAzMelXjuCiihUtj58Z",
    "player_name": "bananana",
    "currency": "EUR",
    "session_id": "session_a5YAzMelXjuCiihUtj58Z_1768490505847_ypax6",
    "device": "desktop",
    "return_url": "https://boztestarea.ngrok.app",
    "language": "fr",
    "email": "bananana@gmail.com"
  }
}
================================================================================

{
  "timestamp": "2026-01-15T15:21:45.955Z",
  "type": "request",
  "endpoint": "POST /games/init",
  "fullUrl": "https://staging.slotegrator.com/api/index.php/v1/games/init",
  "headers": {
    "X-Merchant-Id": "dbb46701285c1a2e24a0bf92f00501e5",
    "X-Timestamp": "1768490505",
    "X-Nonce": "10ec05a2f746b0cb78680da520f2f88a",
    "X-Sign": "be2f3c7b...",
    "Accept": "application/json",
    "Content-Type": "application/x-www-form-urlencoded"
  },
  "body": "game_uuid=7487f0fac9049c9ee0dd0635a8ce5f5bfe04cd15&player_id=a5YAzMelXjuCiihUtj58Z&player_name=bananana&currency=EUR&session_id=session_a5YAzMelXjuCiihUtj58Z_1768490505953_ryenln&device=desktop&return_url=https%3A%2F%2Fboztestarea.ngrok.app&language=fr&email=bananana%40gmail.com",
  "params": {
    "game_uuid": "7487f0fac9049c9ee0dd0635a8ce5f5bfe04cd15",
    "player_id": "a5YAzMelXjuCiihUtj58Z",
    "player_name": "bananana",
    "currency": "EUR",
    "session_id": "session_a5YAzMelXjuCiihUtj58Z_1768490505953_ryenln",
    "device": "desktop",
    "return_url": "https://boztestarea.ngrok.app",
    "language": "fr",
    "email": "bananana@gmail.com"
  }
}
================================================================================

{
  "timestamp": "2026-01-15T15:22:15.767Z",
  "type": "request",
  "endpoint": "GET /limits",
  "fullUrl": "https://staging.slotegrator.com/api/index.php/v1/limits",
  "headers": {
    "X-Merchant-Id": "dbb46701285c1a2e24a0bf92f00501e5",
    "X-Timestamp": "1768490535",
    "X-Nonce": "d9c0aa6bf73f82109a64abc2609b3006",
    "X-Sign": "ea726770...",
    "Accept": "application/json"
  },
  "body": null,
  "params": null
}
================================================================================

{
  "timestamp": "2026-01-15T15:22:16.174Z",
  "type": "request",
  "endpoint": "GET /games",
  "fullUrl": "https://staging.slotegrator.com/api/index.php/v1/games",
  "headers": {
    "X-Merchant-Id": "dbb46701285c1a2e24a0bf92f00501e5",
    "X-Timestamp": "1768490536",
    "X-Nonce": "ad5ba372d730d95dd68ba3850f4a8d66",
    "X-Sign": "5072ed3f...",
    "Accept": "application/json"
  },
  "body": null,
  "params": null
}
================================================================================

{
  "timestamp": "2026-01-15T15:22:16.177Z",
  "type": "request",
  "endpoint": "GET /games",
  "fullUrl": "https://staging.slotegrator.com/api/index.php/v1/games",
  "headers": {
    "X-Merchant-Id": "dbb46701285c1a2e24a0bf92f00501e5",
    "X-Timestamp": "1768490536",
    "X-Nonce": "c3465c47b6838cbb8bc68e1af79a60b9",
    "X-Sign": "c1fa48c5...",
    "Accept": "application/json"
  },
  "body": null,
  "params": null
}
================================================================================

{
  "timestamp": "2026-01-15T15:22:16.653Z",
  "type": "request",
  "endpoint": "GET /games",
  "fullUrl": "https://staging.slotegrator.com/api/index.php/v1/games?page=2",
  "headers": {
    "X-Merchant-Id": "dbb46701285c1a2e24a0bf92f00501e5",
    "X-Timestamp": "1768490536",
    "X-Nonce": "89368ea307271d529ebfe9b87ebbd75b",
    "X-Sign": "099f86be...",
    "Accept": "application/json"
  },
  "body": null,
  "params": {
    "page": 2
  }
}
================================================================================

{
  "timestamp": "2026-01-15T15:22:17.133Z",
  "type": "request",
  "endpoint": "GET /games",
  "fullUrl": "https://staging.slotegrator.com/api/index.php/v1/games?page=2",
  "headers": {
    "X-Merchant-Id": "dbb46701285c1a2e24a0bf92f00501e5",
    "X-Timestamp": "1768490537",
    "X-Nonce": "ba44f92f7d251fcaf90bbf0aece5d54a",
    "X-Sign": "df0364af...",
    "Accept": "application/json"
  },
  "body": null,
  "params": {
    "page": 2
  }
}
================================================================================

{
  "timestamp": "2026-01-15T15:22:17.168Z",
  "type": "request",
  "endpoint": "GET /games",
  "fullUrl": "https://staging.slotegrator.com/api/index.php/v1/games?page=3",
  "headers": {
    "X-Merchant-Id": "dbb46701285c1a2e24a0bf92f00501e5",
    "X-Timestamp": "1768490537",
    "X-Nonce": "e6b310329a49c3c1d4866c8773aea784",
    "X-Sign": "2c3fc562...",
    "Accept": "application/json"
  },
  "body": null,
  "params": {
    "page": 3
  }
}
================================================================================

{
  "timestamp": "2026-01-15T15:22:17.668Z",
  "type": "request",
  "endpoint": "GET /games",
  "fullUrl": "https://staging.slotegrator.com/api/index.php/v1/games?page=3",
  "headers": {
    "X-Merchant-Id": "dbb46701285c1a2e24a0bf92f00501e5",
    "X-Timestamp": "1768490537",
    "X-Nonce": "1b22422f991669bbcabca965fe6c2f93",
    "X-Sign": "6e23d53f...",
    "Accept": "application/json"
  },
  "body": null,
  "params": {
    "page": 3
  }
}
================================================================================

{
  "timestamp": "2026-01-15T15:22:17.779Z",
  "type": "request",
  "endpoint": "GET /games",
  "fullUrl": "https://staging.slotegrator.com/api/index.php/v1/games?page=4",
  "headers": {
    "X-Merchant-Id": "dbb46701285c1a2e24a0bf92f00501e5",
    "X-Timestamp": "1768490537",
    "X-Nonce": "7e12948812b5d28d3096ec69bc25b117",
    "X-Sign": "653c62f5...",
    "Accept": "application/json"
  },
  "body": null,
  "params": {
    "page": 4
  }
}
================================================================================

{
  "timestamp": "2026-01-15T15:22:18.186Z",
  "type": "request",
  "endpoint": "GET /games",
  "fullUrl": "https://staging.slotegrator.com/api/index.php/v1/games?page=4",
  "headers": {
    "X-Merchant-Id": "dbb46701285c1a2e24a0bf92f00501e5",
    "X-Timestamp": "1768490538",
    "X-Nonce": "5f3e0a7de18c857867e37b306fbe4a9a",
    "X-Sign": "4e8d73a3...",
    "Accept": "application/json"
  },
  "body": null,
  "params": {
    "page": 4
  }
}
================================================================================

{
  "timestamp": "2026-01-15T15:22:18.369Z",
  "type": "request",
  "endpoint": "GET /games",
  "fullUrl": "https://staging.slotegrator.com/api/index.php/v1/games?page=5",
  "headers": {
    "X-Merchant-Id": "dbb46701285c1a2e24a0bf92f00501e5",
    "X-Timestamp": "1768490538",
    "X-Nonce": "d6dfe264d4befe518a62e52b2eabca8a",
    "X-Sign": "14da7e7e...",
    "Accept": "application/json"
  },
  "body": null,
  "params": {
    "page": 5
  }
}
================================================================================

{
  "timestamp": "2026-01-15T15:22:18.709Z",
  "type": "request",
  "endpoint": "GET /games",
  "fullUrl": "https://staging.slotegrator.com/api/index.php/v1/games?page=5",
  "headers": {
    "X-Merchant-Id": "dbb46701285c1a2e24a0bf92f00501e5",
    "X-Timestamp": "1768490538",
    "X-Nonce": "2fa8b7aa0422c741763f089e00a905f3",
    "X-Sign": "4fe7d379...",
    "Accept": "application/json"
  },
  "body": null,
  "params": {
    "page": 5
  }
}
================================================================================

{
  "timestamp": "2026-01-15T15:22:18.928Z",
  "type": "request",
  "endpoint": "GET /games",
  "fullUrl": "https://staging.slotegrator.com/api/index.php/v1/games",
  "headers": {
    "X-Merchant-Id": "dbb46701285c1a2e24a0bf92f00501e5",
    "X-Timestamp": "1768490538",
    "X-Nonce": "c960b1c5e904a9aeef3fa9796ab48f01",
    "X-Sign": "4966b444...",
    "Accept": "application/json"
  },
  "body": null,
  "params": null
}
================================================================================

{
  "timestamp": "2026-01-15T15:22:19.193Z",
  "type": "request",
  "endpoint": "GET /games",
  "fullUrl": "https://staging.slotegrator.com/api/index.php/v1/games",
  "headers": {
    "X-Merchant-Id": "dbb46701285c1a2e24a0bf92f00501e5",
    "X-Timestamp": "1768490539",
    "X-Nonce": "93d9c813999c16fa66ef6bf1069918ea",
    "X-Sign": "3d43861e...",
    "Accept": "application/json"
  },
  "body": null,
  "params": null
}
================================================================================

{
  "timestamp": "2026-01-15T15:22:19.486Z",
  "type": "request",
  "endpoint": "GET /games",
  "fullUrl": "https://staging.slotegrator.com/api/index.php/v1/games?page=2",
  "headers": {
    "X-Merchant-Id": "dbb46701285c1a2e24a0bf92f00501e5",
    "X-Timestamp": "1768490539",
    "X-Nonce": "cc5dc411aa13e09c45f1c82a371d461c",
    "X-Sign": "2d08bf1a...",
    "Accept": "application/json"
  },
  "body": null,
  "params": {
    "page": 2
  }
}
================================================================================

{
  "timestamp": "2026-01-15T15:22:19.768Z",
  "type": "request",
  "endpoint": "GET /games",
  "fullUrl": "https://staging.slotegrator.com/api/index.php/v1/games?page=2",
  "headers": {
    "X-Merchant-Id": "dbb46701285c1a2e24a0bf92f00501e5",
    "X-Timestamp": "1768490539",
    "X-Nonce": "a93f9f935aa2b52f3aef81ffad3c39ce",
    "X-Sign": "da26d726...",
    "Accept": "application/json"
  },
  "body": null,
  "params": {
    "page": 2
  }
}
================================================================================

{
  "timestamp": "2026-01-15T15:22:20.089Z",
  "type": "request",
  "endpoint": "GET /games",
  "fullUrl": "https://staging.slotegrator.com/api/index.php/v1/games?page=3",
  "headers": {
    "X-Merchant-Id": "dbb46701285c1a2e24a0bf92f00501e5",
    "X-Timestamp": "1768490540",
    "X-Nonce": "f57587a4e454f1aa3bf972802f075b59",
    "X-Sign": "a7e3251e...",
    "Accept": "application/json"
  },
  "body": null,
  "params": {
    "page": 3
  }
}
================================================================================

{
  "timestamp": "2026-01-15T15:22:20.281Z",
  "type": "request",
  "endpoint": "GET /games",
  "fullUrl": "https://staging.slotegrator.com/api/index.php/v1/games?page=3",
  "headers": {
    "X-Merchant-Id": "dbb46701285c1a2e24a0bf92f00501e5",
    "X-Timestamp": "1768490540",
    "X-Nonce": "a4e65c63f6fd3d6bd640729040d8cb1a",
    "X-Sign": "c7dbeec6...",
    "Accept": "application/json"
  },
  "body": null,
  "params": {
    "page": 3
  }
}
================================================================================

{
  "timestamp": "2026-01-15T15:22:20.636Z",
  "type": "request",
  "endpoint": "GET /games",
  "fullUrl": "https://staging.slotegrator.com/api/index.php/v1/games?page=4",
  "headers": {
    "X-Merchant-Id": "dbb46701285c1a2e24a0bf92f00501e5",
    "X-Timestamp": "1768490540",
    "X-Nonce": "99d3dd158de72f5b36cdc39df23ac42b",
    "X-Sign": "0cd8413e...",
    "Accept": "application/json"
  },
  "body": null,
  "params": {
    "page": 4
  }
}
================================================================================

{
  "timestamp": "2026-01-15T15:22:20.799Z",
  "type": "request",
  "endpoint": "GET /games",
  "fullUrl": "https://staging.slotegrator.com/api/index.php/v1/games?page=4",
  "headers": {
    "X-Merchant-Id": "dbb46701285c1a2e24a0bf92f00501e5",
    "X-Timestamp": "1768490540",
    "X-Nonce": "367dd10961bbf790c68584a7113e51f8",
    "X-Sign": "5099215d...",
    "Accept": "application/json"
  },
  "body": null,
  "params": {
    "page": 4
  }
}
================================================================================

{
  "timestamp": "2026-01-15T15:22:21.186Z",
  "type": "request",
  "endpoint": "GET /games",
  "fullUrl": "https://staging.slotegrator.com/api/index.php/v1/games?page=5",
  "headers": {
    "X-Merchant-Id": "dbb46701285c1a2e24a0bf92f00501e5",
    "X-Timestamp": "1768490541",
    "X-Nonce": "f7099593ef4328edefd18a6da8763749",
    "X-Sign": "26227f7c...",
    "Accept": "application/json"
  },
  "body": null,
  "params": {
    "page": 5
  }
}
================================================================================

{
  "timestamp": "2026-01-15T15:22:21.309Z",
  "type": "request",
  "endpoint": "GET /games",
  "fullUrl": "https://staging.slotegrator.com/api/index.php/v1/games?page=5",
  "headers": {
    "X-Merchant-Id": "dbb46701285c1a2e24a0bf92f00501e5",
    "X-Timestamp": "1768490541",
    "X-Nonce": "03da7f837216c7b74e1086197b14724b",
    "X-Sign": "e350c968...",
    "Accept": "application/json"
  },
  "body": null,
  "params": {
    "page": 5
  }
}
================================================================================

{
  "timestamp": "2026-01-15T15:22:21.751Z",
  "type": "request",
  "endpoint": "GET /games",
  "fullUrl": "https://staging.slotegrator.com/api/index.php/v1/games?page=6",
  "headers": {
    "X-Merchant-Id": "dbb46701285c1a2e24a0bf92f00501e5",
    "X-Timestamp": "1768490541",
    "X-Nonce": "ea6c0398716fe03c4ec6ec40553e2bde",
    "X-Sign": "1934109f...",
    "Accept": "application/json"
  },
  "body": null,
  "params": {
    "page": 6
  }
}
================================================================================

{
  "timestamp": "2026-01-15T15:22:21.897Z",
  "type": "request",
  "endpoint": "GET /games",
  "fullUrl": "https://staging.slotegrator.com/api/index.php/v1/games?page=6",
  "headers": {
    "X-Merchant-Id": "dbb46701285c1a2e24a0bf92f00501e5",
    "X-Timestamp": "1768490541",
    "X-Nonce": "8044f84f79d4477b3a2be5e962c05474",
    "X-Sign": "4a83e3fe...",
    "Accept": "application/json"
  },
  "body": null,
  "params": {
    "page": 6
  }
}
================================================================================

{
  "timestamp": "2026-01-15T15:22:22.285Z",
  "type": "request",
  "endpoint": "GET /games",
  "fullUrl": "https://staging.slotegrator.com/api/index.php/v1/games?page=7",
  "headers": {
    "X-Merchant-Id": "dbb46701285c1a2e24a0bf92f00501e5",
    "X-Timestamp": "1768490542",
    "X-Nonce": "b0e9912e0b90ef0fa4da91903fc244d5",
    "X-Sign": "034167ba...",
    "Accept": "application/json"
  },
  "body": null,
  "params": {
    "page": 7
  }
}
================================================================================

{
  "timestamp": "2026-01-15T15:22:22.402Z",
  "type": "request",
  "endpoint": "GET /games",
  "fullUrl": "https://staging.slotegrator.com/api/index.php/v1/games?page=7",
  "headers": {
    "X-Merchant-Id": "dbb46701285c1a2e24a0bf92f00501e5",
    "X-Timestamp": "1768490542",
    "X-Nonce": "61b23032a38ecdd99155dcc227b4f91a",
    "X-Sign": "ae0cfdb5...",
    "Accept": "application/json"
  },
  "body": null,
  "params": {
    "page": 7
  }
}
================================================================================

{
  "timestamp": "2026-01-15T15:22:22.816Z",
  "type": "request",
  "endpoint": "GET /games",
  "fullUrl": "https://staging.slotegrator.com/api/index.php/v1/games?page=8",
  "headers": {
    "X-Merchant-Id": "dbb46701285c1a2e24a0bf92f00501e5",
    "X-Timestamp": "1768490542",
    "X-Nonce": "cc04e98fe458fa3f631637d83c27d295",
    "X-Sign": "71caf54c...",
    "Accept": "application/json"
  },
  "body": null,
  "params": {
    "page": 8
  }
}
================================================================================

{
  "timestamp": "2026-01-15T15:22:22.854Z",
  "type": "request",
  "endpoint": "GET /games",
  "fullUrl": "https://staging.slotegrator.com/api/index.php/v1/games?page=8",
  "headers": {
    "X-Merchant-Id": "dbb46701285c1a2e24a0bf92f00501e5",
    "X-Timestamp": "1768490542",
    "X-Nonce": "ff4456852003d4177589ff4dd8bbe93d",
    "X-Sign": "997a173b...",
    "Accept": "application/json"
  },
  "body": null,
  "params": {
    "page": 8
  }
}
================================================================================

{
  "timestamp": "2026-01-15T15:22:23.385Z",
  "type": "request",
  "endpoint": "GET /games",
  "fullUrl": "https://staging.slotegrator.com/api/index.php/v1/games?page=9",
  "headers": {
    "X-Merchant-Id": "dbb46701285c1a2e24a0bf92f00501e5",
    "X-Timestamp": "1768490543",
    "X-Nonce": "6c5a6a92f2eeebba50654b2d9dbfbdf1",
    "X-Sign": "a9700852...",
    "Accept": "application/json"
  },
  "body": null,
  "params": {
    "page": 9
  }
}
================================================================================

{
  "timestamp": "2026-01-15T15:22:23.435Z",
  "type": "request",
  "endpoint": "GET /games",
  "fullUrl": "https://staging.slotegrator.com/api/index.php/v1/games?page=9",
  "headers": {
    "X-Merchant-Id": "dbb46701285c1a2e24a0bf92f00501e5",
    "X-Timestamp": "1768490543",
    "X-Nonce": "305f43766ea0e674977b20463b022d30",
    "X-Sign": "25ca65aa...",
    "Accept": "application/json"
  },
  "body": null,
  "params": {
    "page": 9
  }
}
================================================================================

{
  "timestamp": "2026-01-15T15:22:23.924Z",
  "type": "request",
  "endpoint": "GET /games",
  "fullUrl": "https://staging.slotegrator.com/api/index.php/v1/games?page=10",
  "headers": {
    "X-Merchant-Id": "dbb46701285c1a2e24a0bf92f00501e5",
    "X-Timestamp": "1768490543",
    "X-Nonce": "8a54b7b3f1478f99dc5eec958da00a2e",
    "X-Sign": "f20bbcc5...",
    "Accept": "application/json"
  },
  "body": null,
  "params": {
    "page": 10
  }
}
================================================================================

{
  "timestamp": "2026-01-15T15:22:23.984Z",
  "type": "request",
  "endpoint": "GET /games",
  "fullUrl": "https://staging.slotegrator.com/api/index.php/v1/games?page=10",
  "headers": {
    "X-Merchant-Id": "dbb46701285c1a2e24a0bf92f00501e5",
    "X-Timestamp": "1768490543",
    "X-Nonce": "c297b5d06120fc6b922a9229741d9c95",
    "X-Sign": "c3f0384e...",
    "Accept": "application/json"
  },
  "body": null,
  "params": {
    "page": 10
  }
}
================================================================================

{
  "timestamp": "2026-01-15T15:22:24.391Z",
  "type": "request",
  "endpoint": "POST /games/init",
  "fullUrl": "https://staging.slotegrator.com/api/index.php/v1/games/init",
  "headers": {
    "X-Merchant-Id": "dbb46701285c1a2e24a0bf92f00501e5",
    "X-Timestamp": "1768490544",
    "X-Nonce": "9eaeb5cf28c88bb304dd23ff60baaac7",
    "X-Sign": "cee6f841...",
    "Accept": "application/json",
    "Content-Type": "application/x-www-form-urlencoded"
  },
  "body": "game_uuid=7487f0fac9049c9ee0dd0635a8ce5f5bfe04cd15&player_id=a5YAzMelXjuCiihUtj58Z&player_name=bananana&currency=EUR&session_id=session_a5YAzMelXjuCiihUtj58Z_1768490544389_wp1y9f&device=desktop&return_url=https%3A%2F%2Fboztestarea.ngrok.app&language=fr&email=bananana%40gmail.com",
  "params": {
    "game_uuid": "7487f0fac9049c9ee0dd0635a8ce5f5bfe04cd15",
    "player_id": "a5YAzMelXjuCiihUtj58Z",
    "player_name": "bananana",
    "currency": "EUR",
    "session_id": "session_a5YAzMelXjuCiihUtj58Z_1768490544389_wp1y9f",
    "device": "desktop",
    "return_url": "https://boztestarea.ngrok.app",
    "language": "fr",
    "email": "bananana@gmail.com"
  }
}
================================================================================

{
  "timestamp": "2026-01-15T15:22:24.544Z",
  "type": "request",
  "endpoint": "POST /games/init",
  "fullUrl": "https://staging.slotegrator.com/api/index.php/v1/games/init",
  "headers": {
    "X-Merchant-Id": "dbb46701285c1a2e24a0bf92f00501e5",
    "X-Timestamp": "1768490544",
    "X-Nonce": "374d46581c95bc09c96efc1c9de732ef",
    "X-Sign": "caf5ad20...",
    "Accept": "application/json",
    "Content-Type": "application/x-www-form-urlencoded"
  },
  "body": "game_uuid=7487f0fac9049c9ee0dd0635a8ce5f5bfe04cd15&player_id=a5YAzMelXjuCiihUtj58Z&player_name=bananana&currency=EUR&session_id=session_a5YAzMelXjuCiihUtj58Z_1768490544543_kfkgr&device=desktop&return_url=https%3A%2F%2Fboztestarea.ngrok.app&language=fr&email=bananana%40gmail.com",
  "params": {
    "game_uuid": "7487f0fac9049c9ee0dd0635a8ce5f5bfe04cd15",
    "player_id": "a5YAzMelXjuCiihUtj58Z",
    "player_name": "bananana",
    "currency": "EUR",
    "session_id": "session_a5YAzMelXjuCiihUtj58Z_1768490544543_kfkgr",
    "device": "desktop",
    "return_url": "https://boztestarea.ngrok.app",
    "language": "fr",
    "email": "bananana@gmail.com"
  }
}
================================================================================

{
  "timestamp": "2026-01-15T15:24:36.639Z",
  "type": "request",
  "endpoint": "GET /games",
  "fullUrl": "https://staging.slotegrator.com/api/index.php/v1/games",
  "headers": {
    "X-Merchant-Id": "dbb46701285c1a2e24a0bf92f00501e5",
    "X-Timestamp": "1768490676",
    "X-Nonce": "873c9789e3bd3de83fa5040591819ace",
    "X-Sign": "f4aa9e6f...",
    "Accept": "application/json"
  },
  "body": null,
  "params": null
}
================================================================================

{
  "timestamp": "2026-01-15T15:24:36.675Z",
  "type": "request",
  "endpoint": "GET /games",
  "fullUrl": "https://staging.slotegrator.com/api/index.php/v1/games",
  "headers": {
    "X-Merchant-Id": "dbb46701285c1a2e24a0bf92f00501e5",
    "X-Timestamp": "1768490676",
    "X-Nonce": "090aaea2618fae07186fa0dfb26aa0f5",
    "X-Sign": "588f835c...",
    "Accept": "application/json"
  },
  "body": null,
  "params": null
}
================================================================================

{
  "timestamp": "2026-01-15T15:24:37.409Z",
  "type": "request",
  "endpoint": "GET /games",
  "fullUrl": "https://staging.slotegrator.com/api/index.php/v1/games?page=2",
  "headers": {
    "X-Merchant-Id": "dbb46701285c1a2e24a0bf92f00501e5",
    "X-Timestamp": "1768490677",
    "X-Nonce": "83991e65204effc1a7bc9f7327302907",
    "X-Sign": "d23bc188...",
    "Accept": "application/json"
  },
  "body": null,
  "params": {
    "page": 2
  }
}
================================================================================

{
  "timestamp": "2026-01-15T15:24:37.431Z",
  "type": "request",
  "endpoint": "GET /games",
  "fullUrl": "https://staging.slotegrator.com/api/index.php/v1/games?page=2",
  "headers": {
    "X-Merchant-Id": "dbb46701285c1a2e24a0bf92f00501e5",
    "X-Timestamp": "1768490677",
    "X-Nonce": "02a51576443db3a67952ef8695eca129",
    "X-Sign": "1850a61c...",
    "Accept": "application/json"
  },
  "body": null,
  "params": {
    "page": 2
  }
}
================================================================================

{
  "timestamp": "2026-01-15T15:24:37.862Z",
  "type": "request",
  "endpoint": "GET /games",
  "fullUrl": "https://staging.slotegrator.com/api/index.php/v1/games?page=3",
  "headers": {
    "X-Merchant-Id": "dbb46701285c1a2e24a0bf92f00501e5",
    "X-Timestamp": "1768490677",
    "X-Nonce": "10132ed6b824c2e233f62894d7f9a1a5",
    "X-Sign": "ddde62f0...",
    "Accept": "application/json"
  },
  "body": null,
  "params": {
    "page": 3
  }
}
================================================================================

{
  "timestamp": "2026-01-15T15:24:37.897Z",
  "type": "request",
  "endpoint": "GET /games",
  "fullUrl": "https://staging.slotegrator.com/api/index.php/v1/games?page=3",
  "headers": {
    "X-Merchant-Id": "dbb46701285c1a2e24a0bf92f00501e5",
    "X-Timestamp": "1768490677",
    "X-Nonce": "0bee97a6fe44384c197f6315f085e294",
    "X-Sign": "52fd8020...",
    "Accept": "application/json"
  },
  "body": null,
  "params": {
    "page": 3
  }
}
================================================================================

{
  "timestamp": "2026-01-15T15:24:38.325Z",
  "type": "request",
  "endpoint": "GET /games",
  "fullUrl": "https://staging.slotegrator.com/api/index.php/v1/games?page=4",
  "headers": {
    "X-Merchant-Id": "dbb46701285c1a2e24a0bf92f00501e5",
    "X-Timestamp": "1768490678",
    "X-Nonce": "f394ced4712312bf4749d5d031920ead",
    "X-Sign": "d8d5a37f...",
    "Accept": "application/json"
  },
  "body": null,
  "params": {
    "page": 4
  }
}
================================================================================

{
  "timestamp": "2026-01-15T15:24:38.364Z",
  "type": "request",
  "endpoint": "GET /games",
  "fullUrl": "https://staging.slotegrator.com/api/index.php/v1/games?page=4",
  "headers": {
    "X-Merchant-Id": "dbb46701285c1a2e24a0bf92f00501e5",
    "X-Timestamp": "1768490678",
    "X-Nonce": "3bdd2c98ece1e3a31816b28575b14be3",
    "X-Sign": "3c526b23...",
    "Accept": "application/json"
  },
  "body": null,
  "params": {
    "page": 4
  }
}
================================================================================

{
  "timestamp": "2026-01-15T15:24:38.839Z",
  "type": "request",
  "endpoint": "GET /games",
  "fullUrl": "https://staging.slotegrator.com/api/index.php/v1/games?page=5",
  "headers": {
    "X-Merchant-Id": "dbb46701285c1a2e24a0bf92f00501e5",
    "X-Timestamp": "1768490678",
    "X-Nonce": "c64a63a37c74285572644f85b1616f3a",
    "X-Sign": "d924e9a0...",
    "Accept": "application/json"
  },
  "body": null,
  "params": {
    "page": 5
  }
}
================================================================================

{
  "timestamp": "2026-01-15T15:24:38.849Z",
  "type": "request",
  "endpoint": "GET /games",
  "fullUrl": "https://staging.slotegrator.com/api/index.php/v1/games?page=5",
  "headers": {
    "X-Merchant-Id": "dbb46701285c1a2e24a0bf92f00501e5",
    "X-Timestamp": "1768490678",
    "X-Nonce": "31b71d8c66cb48adf24d877603c5ec56",
    "X-Sign": "fa2a11fc...",
    "Accept": "application/json"
  },
  "body": null,
  "params": {
    "page": 5
  }
}
================================================================================

{
  "timestamp": "2026-01-15T15:24:39.425Z",
  "type": "request",
  "endpoint": "GET /games",
  "fullUrl": "https://staging.slotegrator.com/api/index.php/v1/games",
  "headers": {
    "X-Merchant-Id": "dbb46701285c1a2e24a0bf92f00501e5",
    "X-Timestamp": "1768490679",
    "X-Nonce": "c28c6675bf25df097970ec900fdcb694",
    "X-Sign": "09483666...",
    "Accept": "application/json"
  },
  "body": null,
  "params": null
}
================================================================================

{
  "timestamp": "2026-01-15T15:24:39.454Z",
  "type": "request",
  "endpoint": "GET /games",
  "fullUrl": "https://staging.slotegrator.com/api/index.php/v1/games",
  "headers": {
    "X-Merchant-Id": "dbb46701285c1a2e24a0bf92f00501e5",
    "X-Timestamp": "1768490679",
    "X-Nonce": "e2563639d451325a899b56e8517f062b",
    "X-Sign": "b3f2cc72...",
    "Accept": "application/json"
  },
  "body": null,
  "params": null
}
================================================================================

{
  "timestamp": "2026-01-15T15:24:39.897Z",
  "type": "request",
  "endpoint": "GET /games",
  "fullUrl": "https://staging.slotegrator.com/api/index.php/v1/games?page=2",
  "headers": {
    "X-Merchant-Id": "dbb46701285c1a2e24a0bf92f00501e5",
    "X-Timestamp": "1768490679",
    "X-Nonce": "ac1fce9c3393e232cac187d3717e8760",
    "X-Sign": "8f2fe8cc...",
    "Accept": "application/json"
  },
  "body": null,
  "params": {
    "page": 2
  }
}
================================================================================

{
  "timestamp": "2026-01-15T15:24:39.964Z",
  "type": "request",
  "endpoint": "GET /games",
  "fullUrl": "https://staging.slotegrator.com/api/index.php/v1/games?page=2",
  "headers": {
    "X-Merchant-Id": "dbb46701285c1a2e24a0bf92f00501e5",
    "X-Timestamp": "1768490679",
    "X-Nonce": "9abf534d4c68a72e9c890fdb96bc9780",
    "X-Sign": "1364a05f...",
    "Accept": "application/json"
  },
  "body": null,
  "params": {
    "page": 2
  }
}
================================================================================

{
  "timestamp": "2026-01-15T15:24:40.364Z",
  "type": "request",
  "endpoint": "GET /games",
  "fullUrl": "https://staging.slotegrator.com/api/index.php/v1/games?page=3",
  "headers": {
    "X-Merchant-Id": "dbb46701285c1a2e24a0bf92f00501e5",
    "X-Timestamp": "1768490680",
    "X-Nonce": "81731fbd95d78f6c7ecbebe1cb3784e8",
    "X-Sign": "1554e219...",
    "Accept": "application/json"
  },
  "body": null,
  "params": {
    "page": 3
  }
}
================================================================================

{
  "timestamp": "2026-01-15T15:24:40.481Z",
  "type": "request",
  "endpoint": "GET /games",
  "fullUrl": "https://staging.slotegrator.com/api/index.php/v1/games?page=3",
  "headers": {
    "X-Merchant-Id": "dbb46701285c1a2e24a0bf92f00501e5",
    "X-Timestamp": "1768490680",
    "X-Nonce": "27e6edb1e8d5c761261bbd4c7783ac5a",
    "X-Sign": "a4ab5868...",
    "Accept": "application/json"
  },
  "body": null,
  "params": {
    "page": 3
  }
}
================================================================================

{
  "timestamp": "2026-01-15T15:24:40.882Z",
  "type": "request",
  "endpoint": "GET /games",
  "fullUrl": "https://staging.slotegrator.com/api/index.php/v1/games?page=4",
  "headers": {
    "X-Merchant-Id": "dbb46701285c1a2e24a0bf92f00501e5",
    "X-Timestamp": "1768490680",
    "X-Nonce": "5e3c5c0845609c9658d3e416670dc262",
    "X-Sign": "73ccb445...",
    "Accept": "application/json"
  },
  "body": null,
  "params": {
    "page": 4
  }
}
================================================================================

{
  "timestamp": "2026-01-15T15:24:40.932Z",
  "type": "request",
  "endpoint": "GET /games",
  "fullUrl": "https://staging.slotegrator.com/api/index.php/v1/games?page=4",
  "headers": {
    "X-Merchant-Id": "dbb46701285c1a2e24a0bf92f00501e5",
    "X-Timestamp": "1768490680",
    "X-Nonce": "9158223e7c8cc6cff87429e5140133f9",
    "X-Sign": "7e3f47c7...",
    "Accept": "application/json"
  },
  "body": null,
  "params": {
    "page": 4
  }
}
================================================================================

{
  "timestamp": "2026-01-15T15:24:41.433Z",
  "type": "request",
  "endpoint": "GET /games",
  "fullUrl": "https://staging.slotegrator.com/api/index.php/v1/games?page=5",
  "headers": {
    "X-Merchant-Id": "dbb46701285c1a2e24a0bf92f00501e5",
    "X-Timestamp": "1768490681",
    "X-Nonce": "d030e67cfa18c583c751a6aaab4d9714",
    "X-Sign": "db3ecd1f...",
    "Accept": "application/json"
  },
  "body": null,
  "params": {
    "page": 5
  }
}
================================================================================

{
  "timestamp": "2026-01-15T15:24:41.449Z",
  "type": "request",
  "endpoint": "GET /games",
  "fullUrl": "https://staging.slotegrator.com/api/index.php/v1/games?page=5",
  "headers": {
    "X-Merchant-Id": "dbb46701285c1a2e24a0bf92f00501e5",
    "X-Timestamp": "1768490681",
    "X-Nonce": "bd7c9cb5d793473987ef3e1d3187bb35",
    "X-Sign": "b0cc349d...",
    "Accept": "application/json"
  },
  "body": null,
  "params": {
    "page": 5
  }
}
================================================================================

{
  "timestamp": "2026-01-15T15:24:41.916Z",
  "type": "request",
  "endpoint": "GET /games",
  "fullUrl": "https://staging.slotegrator.com/api/index.php/v1/games?page=6",
  "headers": {
    "X-Merchant-Id": "dbb46701285c1a2e24a0bf92f00501e5",
    "X-Timestamp": "1768490681",
    "X-Nonce": "4230a5abbfe7bf85cec30becefe78ecf",
    "X-Sign": "45a2555b...",
    "Accept": "application/json"
  },
  "body": null,
  "params": {
    "page": 6
  }
}
================================================================================

{
  "timestamp": "2026-01-15T15:24:41.947Z",
  "type": "request",
  "endpoint": "GET /games",
  "fullUrl": "https://staging.slotegrator.com/api/index.php/v1/games?page=6",
  "headers": {
    "X-Merchant-Id": "dbb46701285c1a2e24a0bf92f00501e5",
    "X-Timestamp": "1768490681",
    "X-Nonce": "e0158bc3931922899d5087cfab5b255a",
    "X-Sign": "5441ffcf...",
    "Accept": "application/json"
  },
  "body": null,
  "params": {
    "page": 6
  }
}
================================================================================

{
  "timestamp": "2026-01-15T15:24:42.520Z",
  "type": "request",
  "endpoint": "GET /games",
  "fullUrl": "https://staging.slotegrator.com/api/index.php/v1/games?page=7",
  "headers": {
    "X-Merchant-Id": "dbb46701285c1a2e24a0bf92f00501e5",
    "X-Timestamp": "1768490682",
    "X-Nonce": "869473eceddf58370fe7cdcde68c3063",
    "X-Sign": "6f917bda...",
    "Accept": "application/json"
  },
  "body": null,
  "params": {
    "page": 7
  }
}
================================================================================

{
  "timestamp": "2026-01-15T15:24:42.530Z",
  "type": "request",
  "endpoint": "GET /games",
  "fullUrl": "https://staging.slotegrator.com/api/index.php/v1/games?page=7",
  "headers": {
    "X-Merchant-Id": "dbb46701285c1a2e24a0bf92f00501e5",
    "X-Timestamp": "1768490682",
    "X-Nonce": "c0d2179c5f21ca03a19090f377215e52",
    "X-Sign": "01599109...",
    "Accept": "application/json"
  },
  "body": null,
  "params": {
    "page": 7
  }
}
================================================================================

{
  "timestamp": "2026-01-15T15:24:43.095Z",
  "type": "request",
  "endpoint": "GET /games",
  "fullUrl": "https://staging.slotegrator.com/api/index.php/v1/games?page=8",
  "headers": {
    "X-Merchant-Id": "dbb46701285c1a2e24a0bf92f00501e5",
    "X-Timestamp": "1768490683",
    "X-Nonce": "d4405043ef1a0cdb1287b9aacf46346b",
    "X-Sign": "c00c8523...",
    "Accept": "application/json"
  },
  "body": null,
  "params": {
    "page": 8
  }
}
================================================================================

{
  "timestamp": "2026-01-15T15:24:43.114Z",
  "type": "request",
  "endpoint": "GET /games",
  "fullUrl": "https://staging.slotegrator.com/api/index.php/v1/games?page=8",
  "headers": {
    "X-Merchant-Id": "dbb46701285c1a2e24a0bf92f00501e5",
    "X-Timestamp": "1768490683",
    "X-Nonce": "117534c272b2407ed89415e323b2d888",
    "X-Sign": "54e3cde4...",
    "Accept": "application/json"
  },
  "body": null,
  "params": {
    "page": 8
  }
}
================================================================================

{
  "timestamp": "2026-01-15T15:24:43.617Z",
  "type": "request",
  "endpoint": "GET /games",
  "fullUrl": "https://staging.slotegrator.com/api/index.php/v1/games?page=9",
  "headers": {
    "X-Merchant-Id": "dbb46701285c1a2e24a0bf92f00501e5",
    "X-Timestamp": "1768490683",
    "X-Nonce": "aab3842057b0b136247b7d964c2b71ff",
    "X-Sign": "ddb573c0...",
    "Accept": "application/json"
  },
  "body": null,
  "params": {
    "page": 9
  }
}
================================================================================

{
  "timestamp": "2026-01-15T15:24:43.631Z",
  "type": "request",
  "endpoint": "GET /games",
  "fullUrl": "https://staging.slotegrator.com/api/index.php/v1/games?page=9",
  "headers": {
    "X-Merchant-Id": "dbb46701285c1a2e24a0bf92f00501e5",
    "X-Timestamp": "1768490683",
    "X-Nonce": "a240c94702ee2c95eefa7fe8bf28318a",
    "X-Sign": "168ba3b5...",
    "Accept": "application/json"
  },
  "body": null,
  "params": {
    "page": 9
  }
}
================================================================================

{
  "timestamp": "2026-01-15T15:24:44.189Z",
  "type": "request",
  "endpoint": "GET /games",
  "fullUrl": "https://staging.slotegrator.com/api/index.php/v1/games?page=10",
  "headers": {
    "X-Merchant-Id": "dbb46701285c1a2e24a0bf92f00501e5",
    "X-Timestamp": "1768490684",
    "X-Nonce": "0de411939ab1362b9cb2b96338d895ed",
    "X-Sign": "cdc27898...",
    "Accept": "application/json"
  },
  "body": null,
  "params": {
    "page": 10
  }
}
================================================================================

{
  "timestamp": "2026-01-15T15:24:44.199Z",
  "type": "request",
  "endpoint": "GET /games",
  "fullUrl": "https://staging.slotegrator.com/api/index.php/v1/games?page=10",
  "headers": {
    "X-Merchant-Id": "dbb46701285c1a2e24a0bf92f00501e5",
    "X-Timestamp": "1768490684",
    "X-Nonce": "612d175c54e48339f2a4d532405f449f",
    "X-Sign": "c34e81c9...",
    "Accept": "application/json"
  },
  "body": null,
  "params": {
    "page": 10
  }
}
================================================================================

{
  "timestamp": "2026-01-15T15:24:44.755Z",
  "type": "request",
  "endpoint": "POST /games/init",
  "fullUrl": "https://staging.slotegrator.com/api/index.php/v1/games/init",
  "headers": {
    "X-Merchant-Id": "dbb46701285c1a2e24a0bf92f00501e5",
    "X-Timestamp": "1768490684",
    "X-Nonce": "3d8bb97175ac2b6b13999848f1cad2a6",
    "X-Sign": "3fb157f3...",
    "Accept": "application/json",
    "Content-Type": "application/x-www-form-urlencoded"
  },
  "body": "game_uuid=7487f0fac9049c9ee0dd0635a8ce5f5bfe04cd15&player_id=a5YAzMelXjuCiihUtj58Z&player_name=bananana&currency=EUR&session_id=session_a5YAzMelXjuCiihUtj58Z_1768490684752_u5pzlm&device=desktop&return_url=https%3A%2F%2Fboztestarea.ngrok.app&language=fr&email=bananana%40gmail.com",
  "params": {
    "game_uuid": "7487f0fac9049c9ee0dd0635a8ce5f5bfe04cd15",
    "player_id": "a5YAzMelXjuCiihUtj58Z",
    "player_name": "bananana",
    "currency": "EUR",
    "session_id": "session_a5YAzMelXjuCiihUtj58Z_1768490684752_u5pzlm",
    "device": "desktop",
    "return_url": "https://boztestarea.ngrok.app",
    "language": "fr",
    "email": "bananana@gmail.com"
  }
}
================================================================================

{
  "timestamp": "2026-01-15T15:24:44.781Z",
  "type": "request",
  "endpoint": "POST /games/init",
  "fullUrl": "https://staging.slotegrator.com/api/index.php/v1/games/init",
  "headers": {
    "X-Merchant-Id": "dbb46701285c1a2e24a0bf92f00501e5",
    "X-Timestamp": "1768490684",
    "X-Nonce": "bddc3a7d7257bd4232c2a5d7fc674e4c",
    "X-Sign": "4e8ae847...",
    "Accept": "application/json",
    "Content-Type": "application/x-www-form-urlencoded"
  },
  "body": "game_uuid=7487f0fac9049c9ee0dd0635a8ce5f5bfe04cd15&player_id=a5YAzMelXjuCiihUtj58Z&player_name=bananana&currency=EUR&session_id=session_a5YAzMelXjuCiihUtj58Z_1768490684779_cn2e1o&device=desktop&return_url=https%3A%2F%2Fboztestarea.ngrok.app&language=fr&email=bananana%40gmail.com",
  "params": {
    "game_uuid": "7487f0fac9049c9ee0dd0635a8ce5f5bfe04cd15",
    "player_id": "a5YAzMelXjuCiihUtj58Z",
    "player_name": "bananana",
    "currency": "EUR",
    "session_id": "session_a5YAzMelXjuCiihUtj58Z_1768490684779_cn2e1o",
    "device": "desktop",
    "return_url": "https://boztestarea.ngrok.app",
    "language": "fr",
    "email": "bananana@gmail.com"
  }
}
================================================================================

{
  "timestamp": "2026-01-15T15:24:52.121Z",
  "type": "request",
  "endpoint": "GET /games",
  "fullUrl": "https://staging.slotegrator.com/api/index.php/v1/games",
  "headers": {
    "X-Merchant-Id": "dbb46701285c1a2e24a0bf92f00501e5",
    "X-Timestamp": "1768490692",
    "X-Nonce": "defdc566601a1d520fc53f3e1177d4a5",
    "X-Sign": "1ce352d6...",
    "Accept": "application/json"
  },
  "body": null,
  "params": null
}
================================================================================

{
  "timestamp": "2026-01-15T15:24:52.132Z",
  "type": "request",
  "endpoint": "GET /games",
  "fullUrl": "https://staging.slotegrator.com/api/index.php/v1/games",
  "headers": {
    "X-Merchant-Id": "dbb46701285c1a2e24a0bf92f00501e5",
    "X-Timestamp": "1768490692",
    "X-Nonce": "dcd5007c3ab58015d4e4a379ac7be6b4",
    "X-Sign": "8badecc3...",
    "Accept": "application/json"
  },
  "body": null,
  "params": null
}
================================================================================

{
  "timestamp": "2026-01-15T15:24:52.697Z",
  "type": "request",
  "endpoint": "GET /games",
  "fullUrl": "https://staging.slotegrator.com/api/index.php/v1/games?page=2",
  "headers": {
    "X-Merchant-Id": "dbb46701285c1a2e24a0bf92f00501e5",
    "X-Timestamp": "1768490692",
    "X-Nonce": "03dd5890c5090bc5ec36f016872696b0",
    "X-Sign": "4d910d7f...",
    "Accept": "application/json"
  },
  "body": null,
  "params": {
    "page": 2
  }
}
================================================================================

{
  "timestamp": "2026-01-15T15:24:52.742Z",
  "type": "request",
  "endpoint": "GET /games",
  "fullUrl": "https://staging.slotegrator.com/api/index.php/v1/games?page=2",
  "headers": {
    "X-Merchant-Id": "dbb46701285c1a2e24a0bf92f00501e5",
    "X-Timestamp": "1768490692",
    "X-Nonce": "a69c04392c0c15fa12bbab88c1d776d9",
    "X-Sign": "f734403a...",
    "Accept": "application/json"
  },
  "body": null,
  "params": {
    "page": 2
  }
}
================================================================================

{
  "timestamp": "2026-01-15T15:24:53.161Z",
  "type": "request",
  "endpoint": "GET /games",
  "fullUrl": "https://staging.slotegrator.com/api/index.php/v1/games?page=3",
  "headers": {
    "X-Merchant-Id": "dbb46701285c1a2e24a0bf92f00501e5",
    "X-Timestamp": "1768490693",
    "X-Nonce": "4cb2cbc269597dd893c6f75a3d4bd7b0",
    "X-Sign": "615c7a63...",
    "Accept": "application/json"
  },
  "body": null,
  "params": {
    "page": 3
  }
}
================================================================================

{
  "timestamp": "2026-01-15T15:24:53.267Z",
  "type": "request",
  "endpoint": "GET /games",
  "fullUrl": "https://staging.slotegrator.com/api/index.php/v1/games?page=3",
  "headers": {
    "X-Merchant-Id": "dbb46701285c1a2e24a0bf92f00501e5",
    "X-Timestamp": "1768490693",
    "X-Nonce": "a91cf02497ab48eb1b4d10be37413712",
    "X-Sign": "8f1b4cdf...",
    "Accept": "application/json"
  },
  "body": null,
  "params": {
    "page": 3
  }
}
================================================================================

{
  "timestamp": "2026-01-15T15:24:53.663Z",
  "type": "request",
  "endpoint": "GET /games",
  "fullUrl": "https://staging.slotegrator.com/api/index.php/v1/games?page=4",
  "headers": {
    "X-Merchant-Id": "dbb46701285c1a2e24a0bf92f00501e5",
    "X-Timestamp": "1768490693",
    "X-Nonce": "d85f743d4570a8cefdb33c7fb0a138e6",
    "X-Sign": "d81536ba...",
    "Accept": "application/json"
  },
  "body": null,
  "params": {
    "page": 4
  }
}
================================================================================

{
  "timestamp": "2026-01-15T15:24:53.782Z",
  "type": "request",
  "endpoint": "GET /games",
  "fullUrl": "https://staging.slotegrator.com/api/index.php/v1/games?page=4",
  "headers": {
    "X-Merchant-Id": "dbb46701285c1a2e24a0bf92f00501e5",
    "X-Timestamp": "1768490693",
    "X-Nonce": "119e374bb829443b0266dd305e5b59e4",
    "X-Sign": "07bc89ef...",
    "Accept": "application/json"
  },
  "body": null,
  "params": {
    "page": 4
  }
}
================================================================================

{
  "timestamp": "2026-01-15T15:24:54.139Z",
  "type": "request",
  "endpoint": "GET /games",
  "fullUrl": "https://staging.slotegrator.com/api/index.php/v1/games?page=5",
  "headers": {
    "X-Merchant-Id": "dbb46701285c1a2e24a0bf92f00501e5",
    "X-Timestamp": "1768490694",
    "X-Nonce": "58e13d9bc0bbbe6594e471a12ecb58ee",
    "X-Sign": "c82a9aeb...",
    "Accept": "application/json"
  },
  "body": null,
  "params": {
    "page": 5
  }
}
================================================================================

{
  "timestamp": "2026-01-15T15:24:54.272Z",
  "type": "request",
  "endpoint": "GET /games",
  "fullUrl": "https://staging.slotegrator.com/api/index.php/v1/games?page=5",
  "headers": {
    "X-Merchant-Id": "dbb46701285c1a2e24a0bf92f00501e5",
    "X-Timestamp": "1768490694",
    "X-Nonce": "406fe8ed67f875a64baf07cbb6047411",
    "X-Sign": "82b13db0...",
    "Accept": "application/json"
  },
  "body": null,
  "params": {
    "page": 5
  }
}
================================================================================

{
  "timestamp": "2026-01-15T15:24:54.602Z",
  "type": "request",
  "endpoint": "GET /games",
  "fullUrl": "https://staging.slotegrator.com/api/index.php/v1/games",
  "headers": {
    "X-Merchant-Id": "dbb46701285c1a2e24a0bf92f00501e5",
    "X-Timestamp": "1768490694",
    "X-Nonce": "df4ceed6662c7e6e1995eed493c44cf6",
    "X-Sign": "cfa6ae1a...",
    "Accept": "application/json"
  },
  "body": null,
  "params": null
}
================================================================================

{
  "timestamp": "2026-01-15T15:24:54.774Z",
  "type": "request",
  "endpoint": "GET /games",
  "fullUrl": "https://staging.slotegrator.com/api/index.php/v1/games",
  "headers": {
    "X-Merchant-Id": "dbb46701285c1a2e24a0bf92f00501e5",
    "X-Timestamp": "1768490694",
    "X-Nonce": "cd2a57122af6784ec57620251191b853",
    "X-Sign": "3ac177eb...",
    "Accept": "application/json"
  },
  "body": null,
  "params": null
}
================================================================================

{
  "timestamp": "2026-01-15T15:24:55.048Z",
  "type": "request",
  "endpoint": "GET /games",
  "fullUrl": "https://staging.slotegrator.com/api/index.php/v1/games?page=2",
  "headers": {
    "X-Merchant-Id": "dbb46701285c1a2e24a0bf92f00501e5",
    "X-Timestamp": "1768490695",
    "X-Nonce": "3a806747cfeb525d836773bca4c2e8d5",
    "X-Sign": "05afce13...",
    "Accept": "application/json"
  },
  "body": null,
  "params": {
    "page": 2
  }
}
================================================================================

{
  "timestamp": "2026-01-15T15:24:55.265Z",
  "type": "request",
  "endpoint": "GET /games",
  "fullUrl": "https://staging.slotegrator.com/api/index.php/v1/games?page=2",
  "headers": {
    "X-Merchant-Id": "dbb46701285c1a2e24a0bf92f00501e5",
    "X-Timestamp": "1768490695",
    "X-Nonce": "1384f002813f9a57bb09a3357c071b41",
    "X-Sign": "4054f042...",
    "Accept": "application/json"
  },
  "body": null,
  "params": {
    "page": 2
  }
}
================================================================================

{
  "timestamp": "2026-01-15T15:24:55.499Z",
  "type": "request",
  "endpoint": "GET /games",
  "fullUrl": "https://staging.slotegrator.com/api/index.php/v1/games?page=3",
  "headers": {
    "X-Merchant-Id": "dbb46701285c1a2e24a0bf92f00501e5",
    "X-Timestamp": "1768490695",
    "X-Nonce": "48f3e678b5389804b9efbe4f116b1cc2",
    "X-Sign": "dd200e6f...",
    "Accept": "application/json"
  },
  "body": null,
  "params": {
    "page": 3
  }
}
================================================================================

{
  "timestamp": "2026-01-15T15:24:55.782Z",
  "type": "request",
  "endpoint": "GET /games",
  "fullUrl": "https://staging.slotegrator.com/api/index.php/v1/games?page=3",
  "headers": {
    "X-Merchant-Id": "dbb46701285c1a2e24a0bf92f00501e5",
    "X-Timestamp": "1768490695",
    "X-Nonce": "63883c2fe5649736725ef7269fad62ec",
    "X-Sign": "47b9dbcc...",
    "Accept": "application/json"
  },
  "body": null,
  "params": {
    "page": 3
  }
}
================================================================================

{
  "timestamp": "2026-01-15T15:24:55.997Z",
  "type": "request",
  "endpoint": "GET /games",
  "fullUrl": "https://staging.slotegrator.com/api/index.php/v1/games?page=4",
  "headers": {
    "X-Merchant-Id": "dbb46701285c1a2e24a0bf92f00501e5",
    "X-Timestamp": "1768490695",
    "X-Nonce": "9f9c2b5bf00220904a2ccb307c24bea9",
    "X-Sign": "e37a3626...",
    "Accept": "application/json"
  },
  "body": null,
  "params": {
    "page": 4
  }
}
================================================================================

{
  "timestamp": "2026-01-15T15:24:56.251Z",
  "type": "request",
  "endpoint": "GET /games",
  "fullUrl": "https://staging.slotegrator.com/api/index.php/v1/games?page=4",
  "headers": {
    "X-Merchant-Id": "dbb46701285c1a2e24a0bf92f00501e5",
    "X-Timestamp": "1768490696",
    "X-Nonce": "8475aabfa9aa9c3644e1e62658c06439",
    "X-Sign": "724ab9f0...",
    "Accept": "application/json"
  },
  "body": null,
  "params": {
    "page": 4
  }
}
================================================================================

{
  "timestamp": "2026-01-15T15:24:56.448Z",
  "type": "request",
  "endpoint": "GET /games",
  "fullUrl": "https://staging.slotegrator.com/api/index.php/v1/games?page=5",
  "headers": {
    "X-Merchant-Id": "dbb46701285c1a2e24a0bf92f00501e5",
    "X-Timestamp": "1768490696",
    "X-Nonce": "ea0bf2e0816303d3bd04cf242c8760a1",
    "X-Sign": "1d4e28d5...",
    "Accept": "application/json"
  },
  "body": null,
  "params": {
    "page": 5
  }
}
================================================================================

{
  "timestamp": "2026-01-15T15:24:56.711Z",
  "type": "request",
  "endpoint": "GET /games",
  "fullUrl": "https://staging.slotegrator.com/api/index.php/v1/games?page=5",
  "headers": {
    "X-Merchant-Id": "dbb46701285c1a2e24a0bf92f00501e5",
    "X-Timestamp": "1768490696",
    "X-Nonce": "ca3e223cae9cfe4ce2f720fca4f38ec1",
    "X-Sign": "75c0346a...",
    "Accept": "application/json"
  },
  "body": null,
  "params": {
    "page": 5
  }
}
================================================================================

{
  "timestamp": "2026-01-15T15:24:56.946Z",
  "type": "request",
  "endpoint": "GET /games",
  "fullUrl": "https://staging.slotegrator.com/api/index.php/v1/games?page=6",
  "headers": {
    "X-Merchant-Id": "dbb46701285c1a2e24a0bf92f00501e5",
    "X-Timestamp": "1768490696",
    "X-Nonce": "e5f5e7672027793e16f8326dffd5ed3b",
    "X-Sign": "5e15c037...",
    "Accept": "application/json"
  },
  "body": null,
  "params": {
    "page": 6
  }
}
================================================================================

{
  "timestamp": "2026-01-15T15:24:57.213Z",
  "type": "request",
  "endpoint": "GET /games",
  "fullUrl": "https://staging.slotegrator.com/api/index.php/v1/games?page=6",
  "headers": {
    "X-Merchant-Id": "dbb46701285c1a2e24a0bf92f00501e5",
    "X-Timestamp": "1768490697",
    "X-Nonce": "f2a0684d25d2b4a6a8ab71a885056da8",
    "X-Sign": "e87bd37e...",
    "Accept": "application/json"
  },
  "body": null,
  "params": {
    "page": 6
  }
}
================================================================================

{
  "timestamp": "2026-01-15T15:24:57.403Z",
  "type": "request",
  "endpoint": "GET /games",
  "fullUrl": "https://staging.slotegrator.com/api/index.php/v1/games?page=7",
  "headers": {
    "X-Merchant-Id": "dbb46701285c1a2e24a0bf92f00501e5",
    "X-Timestamp": "1768490697",
    "X-Nonce": "99c90cae3ff3e348ab4f6a0be813f0e8",
    "X-Sign": "dafb7117...",
    "Accept": "application/json"
  },
  "body": null,
  "params": {
    "page": 7
  }
}
================================================================================

{
  "timestamp": "2026-01-15T15:24:57.711Z",
  "type": "request",
  "endpoint": "GET /games",
  "fullUrl": "https://staging.slotegrator.com/api/index.php/v1/games?page=7",
  "headers": {
    "X-Merchant-Id": "dbb46701285c1a2e24a0bf92f00501e5",
    "X-Timestamp": "1768490697",
    "X-Nonce": "1c455c220449e508aa53d71c57eeaade",
    "X-Sign": "0447bc8a...",
    "Accept": "application/json"
  },
  "body": null,
  "params": {
    "page": 7
  }
}
================================================================================

{
  "timestamp": "2026-01-15T15:24:57.849Z",
  "type": "request",
  "endpoint": "GET /games",
  "fullUrl": "https://staging.slotegrator.com/api/index.php/v1/games?page=8",
  "headers": {
    "X-Merchant-Id": "dbb46701285c1a2e24a0bf92f00501e5",
    "X-Timestamp": "1768490697",
    "X-Nonce": "0f647b3870fbd8357112b4c71f34083e",
    "X-Sign": "fa994450...",
    "Accept": "application/json"
  },
  "body": null,
  "params": {
    "page": 8
  }
}
================================================================================

{
  "timestamp": "2026-01-15T15:24:58.178Z",
  "type": "request",
  "endpoint": "GET /games",
  "fullUrl": "https://staging.slotegrator.com/api/index.php/v1/games?page=8",
  "headers": {
    "X-Merchant-Id": "dbb46701285c1a2e24a0bf92f00501e5",
    "X-Timestamp": "1768490698",
    "X-Nonce": "486249d8e690df124eb66ded52225c5e",
    "X-Sign": "5c3f4d67...",
    "Accept": "application/json"
  },
  "body": null,
  "params": {
    "page": 8
  }
}
================================================================================

{
  "timestamp": "2026-01-15T15:24:58.347Z",
  "type": "request",
  "endpoint": "GET /games",
  "fullUrl": "https://staging.slotegrator.com/api/index.php/v1/games?page=9",
  "headers": {
    "X-Merchant-Id": "dbb46701285c1a2e24a0bf92f00501e5",
    "X-Timestamp": "1768490698",
    "X-Nonce": "62adcc577ad33ab8c9c81e9ea8b207af",
    "X-Sign": "454819d3...",
    "Accept": "application/json"
  },
  "body": null,
  "params": {
    "page": 9
  }
}
================================================================================

{
  "timestamp": "2026-01-15T15:24:58.646Z",
  "type": "request",
  "endpoint": "GET /games",
  "fullUrl": "https://staging.slotegrator.com/api/index.php/v1/games?page=9",
  "headers": {
    "X-Merchant-Id": "dbb46701285c1a2e24a0bf92f00501e5",
    "X-Timestamp": "1768490698",
    "X-Nonce": "3fdc2520f0dd52d864e7a764c1b66d5f",
    "X-Sign": "f7c5940c...",
    "Accept": "application/json"
  },
  "body": null,
  "params": {
    "page": 9
  }
}
================================================================================

{
  "timestamp": "2026-01-15T15:24:58.813Z",
  "type": "request",
  "endpoint": "GET /games",
  "fullUrl": "https://staging.slotegrator.com/api/index.php/v1/games?page=10",
  "headers": {
    "X-Merchant-Id": "dbb46701285c1a2e24a0bf92f00501e5",
    "X-Timestamp": "1768490698",
    "X-Nonce": "ac90e80b9bdb4a8da7bb156190114241",
    "X-Sign": "c1df0ba8...",
    "Accept": "application/json"
  },
  "body": null,
  "params": {
    "page": 10
  }
}
================================================================================

{
  "timestamp": "2026-01-15T15:24:59.142Z",
  "type": "request",
  "endpoint": "GET /games",
  "fullUrl": "https://staging.slotegrator.com/api/index.php/v1/games?page=10",
  "headers": {
    "X-Merchant-Id": "dbb46701285c1a2e24a0bf92f00501e5",
    "X-Timestamp": "1768490699",
    "X-Nonce": "366208f78e2162d9096f901ac788d020",
    "X-Sign": "b3f26d6e...",
    "Accept": "application/json"
  },
  "body": null,
  "params": {
    "page": 10
  }
}
================================================================================

{
  "timestamp": "2026-01-15T15:24:59.286Z",
  "type": "request",
  "endpoint": "POST /games/init",
  "fullUrl": "https://staging.slotegrator.com/api/index.php/v1/games/init",
  "headers": {
    "X-Merchant-Id": "dbb46701285c1a2e24a0bf92f00501e5",
    "X-Timestamp": "1768490699",
    "X-Nonce": "43e38cc9ef9969a5f88c2391145aa9af",
    "X-Sign": "6a6903ef...",
    "Accept": "application/json",
    "Content-Type": "application/x-www-form-urlencoded"
  },
  "body": "game_uuid=7487f0fac9049c9ee0dd0635a8ce5f5bfe04cd15&player_id=a5YAzMelXjuCiihUtj58Z&player_name=bananana&currency=EUR&session_id=session_a5YAzMelXjuCiihUtj58Z_1768490699285_jze1q9&device=desktop&return_url=https%3A%2F%2Fboztestarea.ngrok.app&language=fr&email=bananana%40gmail.com",
  "params": {
    "game_uuid": "7487f0fac9049c9ee0dd0635a8ce5f5bfe04cd15",
    "player_id": "a5YAzMelXjuCiihUtj58Z",
    "player_name": "bananana",
    "currency": "EUR",
    "session_id": "session_a5YAzMelXjuCiihUtj58Z_1768490699285_jze1q9",
    "device": "desktop",
    "return_url": "https://boztestarea.ngrok.app",
    "language": "fr",
    "email": "bananana@gmail.com"
  }
}
================================================================================

{
  "timestamp": "2026-01-15T15:24:59.571Z",
  "type": "request",
  "endpoint": "POST /games/init",
  "fullUrl": "https://staging.slotegrator.com/api/index.php/v1/games/init",
  "headers": {
    "X-Merchant-Id": "dbb46701285c1a2e24a0bf92f00501e5",
    "X-Timestamp": "1768490699",
    "X-Nonce": "3d0fdda8fd53301055b65e7923f04afa",
    "X-Sign": "6ef55f9e...",
    "Accept": "application/json",
    "Content-Type": "application/x-www-form-urlencoded"
  },
  "body": "game_uuid=7487f0fac9049c9ee0dd0635a8ce5f5bfe04cd15&player_id=a5YAzMelXjuCiihUtj58Z&player_name=bananana&currency=EUR&session_id=session_a5YAzMelXjuCiihUtj58Z_1768490699570_t5qbp6&device=desktop&return_url=https%3A%2F%2Fboztestarea.ngrok.app&language=fr&email=bananana%40gmail.com",
  "params": {
    "game_uuid": "7487f0fac9049c9ee0dd0635a8ce5f5bfe04cd15",
    "player_id": "a5YAzMelXjuCiihUtj58Z",
    "player_name": "bananana",
    "currency": "EUR",
    "session_id": "session_a5YAzMelXjuCiihUtj58Z_1768490699570_t5qbp6",
    "device": "desktop",
    "return_url": "https://boztestarea.ngrok.app",
    "language": "fr",
    "email": "bananana@gmail.com"
  }
}
================================================================================

{
  "timestamp": "2026-01-15T15:30:26.382Z",
  "type": "request",
  "endpoint": "GET /limits",
  "fullUrl": "https://staging.slotegrator.com/api/index.php/v1/limits",
  "headers": {
    "X-Merchant-Id": "dbb46701285c1a2e24a0bf92f00501e5",
    "X-Timestamp": "1768491026",
    "X-Nonce": "9b59af0d61a9ece103f2a864abd07098",
    "X-Sign": "87ab8431...",
    "Accept": "application/json"
  },
  "body": null,
  "params": null
}
================================================================================

{
  "timestamp": "2026-01-15T15:30:26.847Z",
  "type": "request",
  "endpoint": "GET /games",
  "fullUrl": "https://staging.slotegrator.com/api/index.php/v1/games",
  "headers": {
    "X-Merchant-Id": "dbb46701285c1a2e24a0bf92f00501e5",
    "X-Timestamp": "1768491026",
    "X-Nonce": "b8817f1e9e92f1e989c25889286f97d2",
    "X-Sign": "755c7005...",
    "Accept": "application/json"
  },
  "body": null,
  "params": null
}
================================================================================

{
  "timestamp": "2026-01-15T15:30:26.860Z",
  "type": "request",
  "endpoint": "GET /games",
  "fullUrl": "https://staging.slotegrator.com/api/index.php/v1/games",
  "headers": {
    "X-Merchant-Id": "dbb46701285c1a2e24a0bf92f00501e5",
    "X-Timestamp": "1768491026",
    "X-Nonce": "6703d2ffb521109b9859fa119e354b25",
    "X-Sign": "b250e116...",
    "Accept": "application/json"
  },
  "body": null,
  "params": null
}
================================================================================

{
  "timestamp": "2026-01-15T15:30:27.304Z",
  "type": "request",
  "endpoint": "GET /games",
  "fullUrl": "https://staging.slotegrator.com/api/index.php/v1/games?page=2",
  "headers": {
    "X-Merchant-Id": "dbb46701285c1a2e24a0bf92f00501e5",
    "X-Timestamp": "1768491027",
    "X-Nonce": "a3f9deb5f9400e8a94970504fd62b090",
    "X-Sign": "34059e1a...",
    "Accept": "application/json"
  },
  "body": null,
  "params": {
    "page": 2
  }
}
================================================================================

{
  "timestamp": "2026-01-15T15:30:27.437Z",
  "type": "request",
  "endpoint": "GET /games",
  "fullUrl": "https://staging.slotegrator.com/api/index.php/v1/games?page=2",
  "headers": {
    "X-Merchant-Id": "dbb46701285c1a2e24a0bf92f00501e5",
    "X-Timestamp": "1768491027",
    "X-Nonce": "0af212582df0744333eaee93d1d8d835",
    "X-Sign": "efc47b98...",
    "Accept": "application/json"
  },
  "body": null,
  "params": {
    "page": 2
  }
}
================================================================================

{
  "timestamp": "2026-01-15T15:30:27.753Z",
  "type": "request",
  "endpoint": "GET /games",
  "fullUrl": "https://staging.slotegrator.com/api/index.php/v1/games?page=3",
  "headers": {
    "X-Merchant-Id": "dbb46701285c1a2e24a0bf92f00501e5",
    "X-Timestamp": "1768491027",
    "X-Nonce": "8071a0ff23fe84e4ff093de315bcc2fd",
    "X-Sign": "9cd50536...",
    "Accept": "application/json"
  },
  "body": null,
  "params": {
    "page": 3
  }
}
================================================================================

{
  "timestamp": "2026-01-15T15:30:27.887Z",
  "type": "request",
  "endpoint": "GET /games",
  "fullUrl": "https://staging.slotegrator.com/api/index.php/v1/games?page=3",
  "headers": {
    "X-Merchant-Id": "dbb46701285c1a2e24a0bf92f00501e5",
    "X-Timestamp": "1768491027",
    "X-Nonce": "2d4e9cfd90514fa5767bfdcbde4cb328",
    "X-Sign": "71e2c4a0...",
    "Accept": "application/json"
  },
  "body": null,
  "params": {
    "page": 3
  }
}
================================================================================

{
  "timestamp": "2026-01-15T15:30:28.287Z",
  "type": "request",
  "endpoint": "GET /games",
  "fullUrl": "https://staging.slotegrator.com/api/index.php/v1/games?page=4",
  "headers": {
    "X-Merchant-Id": "dbb46701285c1a2e24a0bf92f00501e5",
    "X-Timestamp": "1768491028",
    "X-Nonce": "b3e97cf4b64dd5abef55d9c7586961ff",
    "X-Sign": "cb35db12...",
    "Accept": "application/json"
  },
  "body": null,
  "params": {
    "page": 4
  }
}
================================================================================

{
  "timestamp": "2026-01-15T15:30:28.353Z",
  "type": "request",
  "endpoint": "GET /games",
  "fullUrl": "https://staging.slotegrator.com/api/index.php/v1/games?page=4",
  "headers": {
    "X-Merchant-Id": "dbb46701285c1a2e24a0bf92f00501e5",
    "X-Timestamp": "1768491028",
    "X-Nonce": "42650efd179db275ae086c8d4978367a",
    "X-Sign": "004bf7a6...",
    "Accept": "application/json"
  },
  "body": null,
  "params": {
    "page": 4
  }
}
================================================================================

{
  "timestamp": "2026-01-15T15:30:28.884Z",
  "type": "request",
  "endpoint": "GET /games",
  "fullUrl": "https://staging.slotegrator.com/api/index.php/v1/games?page=5",
  "headers": {
    "X-Merchant-Id": "dbb46701285c1a2e24a0bf92f00501e5",
    "X-Timestamp": "1768491028",
    "X-Nonce": "69e191e1b2e0dffcbfd8f26bc605bee0",
    "X-Sign": "c9c9a9f8...",
    "Accept": "application/json"
  },
  "body": null,
  "params": {
    "page": 5
  }
}
================================================================================

{
  "timestamp": "2026-01-15T15:30:28.902Z",
  "type": "request",
  "endpoint": "GET /games",
  "fullUrl": "https://staging.slotegrator.com/api/index.php/v1/games?page=5",
  "headers": {
    "X-Merchant-Id": "dbb46701285c1a2e24a0bf92f00501e5",
    "X-Timestamp": "1768491028",
    "X-Nonce": "42e7a3cc5c072e2c78108089c445e9e5",
    "X-Sign": "587efee7...",
    "Accept": "application/json"
  },
  "body": null,
  "params": {
    "page": 5
  }
}
================================================================================

{
  "timestamp": "2026-01-15T15:30:29.314Z",
  "type": "request",
  "endpoint": "GET /games",
  "fullUrl": "https://staging.slotegrator.com/api/index.php/v1/games",
  "headers": {
    "X-Merchant-Id": "dbb46701285c1a2e24a0bf92f00501e5",
    "X-Timestamp": "1768491029",
    "X-Nonce": "909e49042aaeaaaab1740609673b0844",
    "X-Sign": "0828fd2a...",
    "Accept": "application/json"
  },
  "body": null,
  "params": null
}
================================================================================

{
  "timestamp": "2026-01-15T15:30:29.352Z",
  "type": "request",
  "endpoint": "GET /games",
  "fullUrl": "https://staging.slotegrator.com/api/index.php/v1/games",
  "headers": {
    "X-Merchant-Id": "dbb46701285c1a2e24a0bf92f00501e5",
    "X-Timestamp": "1768491029",
    "X-Nonce": "fba2f031ee818186aac19e4c26c9953f",
    "X-Sign": "8d8540ad...",
    "Accept": "application/json"
  },
  "body": null,
  "params": null
}
================================================================================

{
  "timestamp": "2026-01-15T15:30:29.788Z",
  "type": "request",
  "endpoint": "GET /games",
  "fullUrl": "https://staging.slotegrator.com/api/index.php/v1/games?page=2",
  "headers": {
    "X-Merchant-Id": "dbb46701285c1a2e24a0bf92f00501e5",
    "X-Timestamp": "1768491029",
    "X-Nonce": "15f8c225dcf976e8fa5562d9f153ca05",
    "X-Sign": "d166fa88...",
    "Accept": "application/json"
  },
  "body": null,
  "params": {
    "page": 2
  }
}
================================================================================

{
  "timestamp": "2026-01-15T15:30:29.837Z",
  "type": "request",
  "endpoint": "GET /games",
  "fullUrl": "https://staging.slotegrator.com/api/index.php/v1/games?page=2",
  "headers": {
    "X-Merchant-Id": "dbb46701285c1a2e24a0bf92f00501e5",
    "X-Timestamp": "1768491029",
    "X-Nonce": "4fe9ff4ba0932e2c0d8cad4e5bce2ec0",
    "X-Sign": "6c07a594...",
    "Accept": "application/json"
  },
  "body": null,
  "params": {
    "page": 2
  }
}
================================================================================

{
  "timestamp": "2026-01-15T15:30:30.287Z",
  "type": "request",
  "endpoint": "GET /games",
  "fullUrl": "https://staging.slotegrator.com/api/index.php/v1/games?page=3",
  "headers": {
    "X-Merchant-Id": "dbb46701285c1a2e24a0bf92f00501e5",
    "X-Timestamp": "1768491030",
    "X-Nonce": "ad41723f0d92351a4f3ccdecfa985115",
    "X-Sign": "7b4a3f56...",
    "Accept": "application/json"
  },
  "body": null,
  "params": {
    "page": 3
  }
}
================================================================================

{
  "timestamp": "2026-01-15T15:30:30.369Z",
  "type": "request",
  "endpoint": "GET /games",
  "fullUrl": "https://staging.slotegrator.com/api/index.php/v1/games?page=3",
  "headers": {
    "X-Merchant-Id": "dbb46701285c1a2e24a0bf92f00501e5",
    "X-Timestamp": "1768491030",
    "X-Nonce": "411d4c150b03af6b2203181b12739dc8",
    "X-Sign": "04786452...",
    "Accept": "application/json"
  },
  "body": null,
  "params": {
    "page": 3
  }
}
================================================================================

{
  "timestamp": "2026-01-15T15:30:30.803Z",
  "type": "request",
  "endpoint": "GET /games",
  "fullUrl": "https://staging.slotegrator.com/api/index.php/v1/games?page=4",
  "headers": {
    "X-Merchant-Id": "dbb46701285c1a2e24a0bf92f00501e5",
    "X-Timestamp": "1768491030",
    "X-Nonce": "fbc61629e6281f174df20d39c377a355",
    "X-Sign": "4a75663f...",
    "Accept": "application/json"
  },
  "body": null,
  "params": {
    "page": 4
  }
}
================================================================================

{
  "timestamp": "2026-01-15T15:30:30.886Z",
  "type": "request",
  "endpoint": "GET /games",
  "fullUrl": "https://staging.slotegrator.com/api/index.php/v1/games?page=4",
  "headers": {
    "X-Merchant-Id": "dbb46701285c1a2e24a0bf92f00501e5",
    "X-Timestamp": "1768491030",
    "X-Nonce": "987c3901d9444e07d03d661bf750f320",
    "X-Sign": "27aed6a2...",
    "Accept": "application/json"
  },
  "body": null,
  "params": {
    "page": 4
  }
}
================================================================================

{
  "timestamp": "2026-01-15T15:30:31.287Z",
  "type": "request",
  "endpoint": "GET /games",
  "fullUrl": "https://staging.slotegrator.com/api/index.php/v1/games?page=5",
  "headers": {
    "X-Merchant-Id": "dbb46701285c1a2e24a0bf92f00501e5",
    "X-Timestamp": "1768491031",
    "X-Nonce": "3092b2aca8b6cf1f496a4900e306ab25",
    "X-Sign": "486944f0...",
    "Accept": "application/json"
  },
  "body": null,
  "params": {
    "page": 5
  }
}
================================================================================

{
  "timestamp": "2026-01-15T15:30:31.336Z",
  "type": "request",
  "endpoint": "GET /games",
  "fullUrl": "https://staging.slotegrator.com/api/index.php/v1/games?page=5",
  "headers": {
    "X-Merchant-Id": "dbb46701285c1a2e24a0bf92f00501e5",
    "X-Timestamp": "1768491031",
    "X-Nonce": "233550f21f133c478a0ee1cb154863bd",
    "X-Sign": "baa52f35...",
    "Accept": "application/json"
  },
  "body": null,
  "params": {
    "page": 5
  }
}
================================================================================

{
  "timestamp": "2026-01-15T15:30:31.753Z",
  "type": "request",
  "endpoint": "GET /games",
  "fullUrl": "https://staging.slotegrator.com/api/index.php/v1/games?page=6",
  "headers": {
    "X-Merchant-Id": "dbb46701285c1a2e24a0bf92f00501e5",
    "X-Timestamp": "1768491031",
    "X-Nonce": "059e17f38172067e238e674c767827cf",
    "X-Sign": "1ad43137...",
    "Accept": "application/json"
  },
  "body": null,
  "params": {
    "page": 6
  }
}
================================================================================

{
  "timestamp": "2026-01-15T15:30:31.801Z",
  "type": "request",
  "endpoint": "GET /games",
  "fullUrl": "https://staging.slotegrator.com/api/index.php/v1/games?page=6",
  "headers": {
    "X-Merchant-Id": "dbb46701285c1a2e24a0bf92f00501e5",
    "X-Timestamp": "1768491031",
    "X-Nonce": "1b2eebd5acb8ee4de8962772b4e14a9d",
    "X-Sign": "9f413f6e...",
    "Accept": "application/json"
  },
  "body": null,
  "params": {
    "page": 6
  }
}
================================================================================

{
  "timestamp": "2026-01-15T15:30:32.253Z",
  "type": "request",
  "endpoint": "GET /games",
  "fullUrl": "https://staging.slotegrator.com/api/index.php/v1/games?page=7",
  "headers": {
    "X-Merchant-Id": "dbb46701285c1a2e24a0bf92f00501e5",
    "X-Timestamp": "1768491032",
    "X-Nonce": "34bb3ad957fb1c036407c695d6987f90",
    "X-Sign": "fea3515c...",
    "Accept": "application/json"
  },
  "body": null,
  "params": {
    "page": 7
  }
}
================================================================================

{
  "timestamp": "2026-01-15T15:30:32.303Z",
  "type": "request",
  "endpoint": "GET /games",
  "fullUrl": "https://staging.slotegrator.com/api/index.php/v1/games?page=7",
  "headers": {
    "X-Merchant-Id": "dbb46701285c1a2e24a0bf92f00501e5",
    "X-Timestamp": "1768491032",
    "X-Nonce": "6d189cb8e6cb1daa1613c2716cfa5132",
    "X-Sign": "35c2f783...",
    "Accept": "application/json"
  },
  "body": null,
  "params": {
    "page": 7
  }
}
================================================================================

{
  "timestamp": "2026-01-15T15:30:32.735Z",
  "type": "request",
  "endpoint": "GET /games",
  "fullUrl": "https://staging.slotegrator.com/api/index.php/v1/games?page=8",
  "headers": {
    "X-Merchant-Id": "dbb46701285c1a2e24a0bf92f00501e5",
    "X-Timestamp": "1768491032",
    "X-Nonce": "552519daa23354eefadd442011788611",
    "X-Sign": "0e07381d...",
    "Accept": "application/json"
  },
  "body": null,
  "params": {
    "page": 8
  }
}
================================================================================

{
  "timestamp": "2026-01-15T15:30:32.769Z",
  "type": "request",
  "endpoint": "GET /games",
  "fullUrl": "https://staging.slotegrator.com/api/index.php/v1/games?page=8",
  "headers": {
    "X-Merchant-Id": "dbb46701285c1a2e24a0bf92f00501e5",
    "X-Timestamp": "1768491032",
    "X-Nonce": "41fd714ca435304803e9984de6528356",
    "X-Sign": "ad9f9300...",
    "Accept": "application/json"
  },
  "body": null,
  "params": {
    "page": 8
  }
}
================================================================================

{
  "timestamp": "2026-01-15T15:30:33.279Z",
  "type": "request",
  "endpoint": "GET /games",
  "fullUrl": "https://staging.slotegrator.com/api/index.php/v1/games?page=9",
  "headers": {
    "X-Merchant-Id": "dbb46701285c1a2e24a0bf92f00501e5",
    "X-Timestamp": "1768491033",
    "X-Nonce": "a3bb8963a81a3fbd8ec8529c1dbe9ff9",
    "X-Sign": "f02e6213...",
    "Accept": "application/json"
  },
  "body": null,
  "params": {
    "page": 9
  }
}
================================================================================

{
  "timestamp": "2026-01-15T15:30:33.303Z",
  "type": "request",
  "endpoint": "GET /games",
  "fullUrl": "https://staging.slotegrator.com/api/index.php/v1/games?page=9",
  "headers": {
    "X-Merchant-Id": "dbb46701285c1a2e24a0bf92f00501e5",
    "X-Timestamp": "1768491033",
    "X-Nonce": "1d9657f1cfdb44f39002823acb27ccb4",
    "X-Sign": "f4e938a9...",
    "Accept": "application/json"
  },
  "body": null,
  "params": {
    "page": 9
  }
}
================================================================================

{
  "timestamp": "2026-01-15T15:30:33.770Z",
  "type": "request",
  "endpoint": "GET /games",
  "fullUrl": "https://staging.slotegrator.com/api/index.php/v1/games?page=10",
  "headers": {
    "X-Merchant-Id": "dbb46701285c1a2e24a0bf92f00501e5",
    "X-Timestamp": "1768491033",
    "X-Nonce": "7c91e0e3908b49875e0d23fc08a5fbc6",
    "X-Sign": "02066b63...",
    "Accept": "application/json"
  },
  "body": null,
  "params": {
    "page": 10
  }
}
================================================================================

{
  "timestamp": "2026-01-15T15:30:33.852Z",
  "type": "request",
  "endpoint": "GET /games",
  "fullUrl": "https://staging.slotegrator.com/api/index.php/v1/games?page=10",
  "headers": {
    "X-Merchant-Id": "dbb46701285c1a2e24a0bf92f00501e5",
    "X-Timestamp": "1768491033",
    "X-Nonce": "3aa603c17fc4c2faf5d95081bc00151e",
    "X-Sign": "9ac8d5d9...",
    "Accept": "application/json"
  },
  "body": null,
  "params": {
    "page": 10
  }
}
================================================================================

{
  "timestamp": "2026-01-15T15:30:34.277Z",
  "type": "request",
  "endpoint": "POST /games/init",
  "fullUrl": "https://staging.slotegrator.com/api/index.php/v1/games/init",
  "headers": {
    "X-Merchant-Id": "dbb46701285c1a2e24a0bf92f00501e5",
    "X-Timestamp": "1768491034",
    "X-Nonce": "2bb921c1c78bb409e6a48955660546f2",
    "X-Sign": "b50bc3d4...",
    "Accept": "application/json",
    "Content-Type": "application/x-www-form-urlencoded"
  },
  "body": "game_uuid=7487f0fac9049c9ee0dd0635a8ce5f5bfe04cd15&player_id=a5YAzMelXjuCiihUtj58Z&player_name=bananana&currency=EUR&session_id=session_a5YAzMelXjuCiihUtj58Z_1768491034275_h151r&device=desktop&return_url=https%3A%2F%2Fboztestarea.ngrok.app&language=fr&email=bananana%40gmail.com",
  "params": {
    "game_uuid": "7487f0fac9049c9ee0dd0635a8ce5f5bfe04cd15",
    "player_id": "a5YAzMelXjuCiihUtj58Z",
    "player_name": "bananana",
    "currency": "EUR",
    "session_id": "session_a5YAzMelXjuCiihUtj58Z_1768491034275_h151r",
    "device": "desktop",
    "return_url": "https://boztestarea.ngrok.app",
    "language": "fr",
    "email": "bananana@gmail.com"
  }
}
================================================================================

{
  "timestamp": "2026-01-15T15:30:34.387Z",
  "type": "request",
  "endpoint": "POST /games/init",
  "fullUrl": "https://staging.slotegrator.com/api/index.php/v1/games/init",
  "headers": {
    "X-Merchant-Id": "dbb46701285c1a2e24a0bf92f00501e5",
    "X-Timestamp": "1768491034",
    "X-Nonce": "b4a749bd5cb09c6385464704d916bcda",
    "X-Sign": "80275ed0...",
    "Accept": "application/json",
    "Content-Type": "application/x-www-form-urlencoded"
  },
  "body": "game_uuid=7487f0fac9049c9ee0dd0635a8ce5f5bfe04cd15&player_id=a5YAzMelXjuCiihUtj58Z&player_name=bananana&currency=EUR&session_id=session_a5YAzMelXjuCiihUtj58Z_1768491034385_degifm&device=desktop&return_url=https%3A%2F%2Fboztestarea.ngrok.app&language=fr&email=bananana%40gmail.com",
  "params": {
    "game_uuid": "7487f0fac9049c9ee0dd0635a8ce5f5bfe04cd15",
    "player_id": "a5YAzMelXjuCiihUtj58Z",
    "player_name": "bananana",
    "currency": "EUR",
    "session_id": "session_a5YAzMelXjuCiihUtj58Z_1768491034385_degifm",
    "device": "desktop",
    "return_url": "https://boztestarea.ngrok.app",
    "language": "fr",
    "email": "bananana@gmail.com"
  }
}
================================================================================

{
  "timestamp": "2026-01-15T15:32:22.298Z",
  "type": "request",
  "endpoint": "GET /games",
  "fullUrl": "https://staging.slotegrator.com/api/index.php/v1/games?expand=images",
  "headers": {
    "X-Merchant-Id": "dbb46701285c1a2e24a0bf92f00501e5",
    "X-Timestamp": "1768491142",
    "X-Nonce": "6ab137bf68d219a233f4f9bcb9a3eb5c",
    "X-Sign": "98858187...",
    "Accept": "application/json"
  },
  "body": null,
  "params": {
    "expand": "images"
  }
}
================================================================================

{
  "timestamp": "2026-01-15T15:32:24.314Z",
  "type": "request",
  "endpoint": "GET /games",
  "fullUrl": "https://staging.slotegrator.com/api/index.php/v1/games?expand=images&page=2",
  "headers": {
    "X-Merchant-Id": "dbb46701285c1a2e24a0bf92f00501e5",
    "X-Timestamp": "1768491144",
    "X-Nonce": "11246cb6fc0eb8831f3cbeb0f8fde309",
    "X-Sign": "6c8f0903...",
    "Accept": "application/json"
  },
  "body": null,
  "params": {
    "expand": "images",
    "page": 2
  }
}
================================================================================

{
  "timestamp": "2026-01-15T15:32:25.279Z",
  "type": "request",
  "endpoint": "GET /games",
  "fullUrl": "https://staging.slotegrator.com/api/index.php/v1/games?expand=images&page=3",
  "headers": {
    "X-Merchant-Id": "dbb46701285c1a2e24a0bf92f00501e5",
    "X-Timestamp": "1768491145",
    "X-Nonce": "7d2fd5d807444825f7e15f768e0a82a8",
    "X-Sign": "5a399494...",
    "Accept": "application/json"
  },
  "body": null,
  "params": {
    "expand": "images",
    "page": 3
  }
}
================================================================================

{
  "timestamp": "2026-01-15T15:32:25.791Z",
  "type": "request",
  "endpoint": "GET /games",
  "fullUrl": "https://staging.slotegrator.com/api/index.php/v1/games?expand=images&page=4",
  "headers": {
    "X-Merchant-Id": "dbb46701285c1a2e24a0bf92f00501e5",
    "X-Timestamp": "1768491145",
    "X-Nonce": "e65d421f4808fd843067a586aac3a4ba",
    "X-Sign": "ca48334a...",
    "Accept": "application/json"
  },
  "body": null,
  "params": {
    "expand": "images",
    "page": 4
  }
}
================================================================================

{
  "timestamp": "2026-01-15T15:32:26.348Z",
  "type": "request",
  "endpoint": "GET /games",
  "fullUrl": "https://staging.slotegrator.com/api/index.php/v1/games?expand=images&page=5",
  "headers": {
    "X-Merchant-Id": "dbb46701285c1a2e24a0bf92f00501e5",
    "X-Timestamp": "1768491146",
    "X-Nonce": "8982fc864a0850e523f4c511ef9bbc8d",
    "X-Sign": "69239ba2...",
    "Accept": "application/json"
  },
  "body": null,
  "params": {
    "expand": "images",
    "page": 5
  }
}
================================================================================

{
  "timestamp": "2026-01-15T15:32:26.911Z",
  "type": "request",
  "endpoint": "GET /games",
  "fullUrl": "https://staging.slotegrator.com/api/index.php/v1/games?expand=images&page=6",
  "headers": {
    "X-Merchant-Id": "dbb46701285c1a2e24a0bf92f00501e5",
    "X-Timestamp": "1768491146",
    "X-Nonce": "6c525a9d9261cc26bc48862e2e5abc46",
    "X-Sign": "83b54605...",
    "Accept": "application/json"
  },
  "body": null,
  "params": {
    "expand": "images",
    "page": 6
  }
}
================================================================================

{
  "timestamp": "2026-01-15T15:32:27.746Z",
  "type": "request",
  "endpoint": "GET /games",
  "fullUrl": "https://staging.slotegrator.com/api/index.php/v1/games?expand=images&page=7",
  "headers": {
    "X-Merchant-Id": "dbb46701285c1a2e24a0bf92f00501e5",
    "X-Timestamp": "1768491147",
    "X-Nonce": "dbc31cd3f1d2969ec5b56c1e341a8837",
    "X-Sign": "ab242b88...",
    "Accept": "application/json"
  },
  "body": null,
  "params": {
    "expand": "images",
    "page": 7
  }
}
================================================================================

{
  "timestamp": "2026-01-15T15:32:28.242Z",
  "type": "request",
  "endpoint": "GET /games",
  "fullUrl": "https://staging.slotegrator.com/api/index.php/v1/games?expand=images&page=8",
  "headers": {
    "X-Merchant-Id": "dbb46701285c1a2e24a0bf92f00501e5",
    "X-Timestamp": "1768491148",
    "X-Nonce": "5a517303f8c2a58298b86da94caa37a4",
    "X-Sign": "fd393cf5...",
    "Accept": "application/json"
  },
  "body": null,
  "params": {
    "expand": "images",
    "page": 8
  }
}
================================================================================

{
  "timestamp": "2026-01-15T15:32:28.718Z",
  "type": "request",
  "endpoint": "GET /games",
  "fullUrl": "https://staging.slotegrator.com/api/index.php/v1/games?expand=images&page=9",
  "headers": {
    "X-Merchant-Id": "dbb46701285c1a2e24a0bf92f00501e5",
    "X-Timestamp": "1768491148",
    "X-Nonce": "dda357289c42acd7cc34557f1516c014",
    "X-Sign": "edcabddb...",
    "Accept": "application/json"
  },
  "body": null,
  "params": {
    "expand": "images",
    "page": 9
  }
}
================================================================================

{
  "timestamp": "2026-01-15T15:32:29.185Z",
  "type": "request",
  "endpoint": "GET /games",
  "fullUrl": "https://staging.slotegrator.com/api/index.php/v1/games?expand=images&page=10",
  "headers": {
    "X-Merchant-Id": "dbb46701285c1a2e24a0bf92f00501e5",
    "X-Timestamp": "1768491149",
    "X-Nonce": "867939c37e4e63401a66aa36edca0409",
    "X-Sign": "bfe7836f...",
    "Accept": "application/json"
  },
  "body": null,
  "params": {
    "expand": "images",
    "page": 10
  }
}
================================================================================

{
  "timestamp": "2026-01-15T15:32:29.647Z",
  "type": "request",
  "endpoint": "GET /games",
  "fullUrl": "https://staging.slotegrator.com/api/index.php/v1/games?expand=images&page=11",
  "headers": {
    "X-Merchant-Id": "dbb46701285c1a2e24a0bf92f00501e5",
    "X-Timestamp": "1768491149",
    "X-Nonce": "8e7e3b87902a3dc06ca256fe6ef6e184",
    "X-Sign": "7f8479f7...",
    "Accept": "application/json"
  },
  "body": null,
  "params": {
    "expand": "images",
    "page": 11
  }
}
================================================================================

{
  "timestamp": "2026-01-15T15:32:30.168Z",
  "type": "request",
  "endpoint": "GET /games",
  "fullUrl": "https://staging.slotegrator.com/api/index.php/v1/games?expand=images&page=12",
  "headers": {
    "X-Merchant-Id": "dbb46701285c1a2e24a0bf92f00501e5",
    "X-Timestamp": "1768491150",
    "X-Nonce": "617f3920a3a9b7b710182b79483ca84f",
    "X-Sign": "afe517cb...",
    "Accept": "application/json"
  },
  "body": null,
  "params": {
    "expand": "images",
    "page": 12
  }
}
================================================================================

{
  "timestamp": "2026-01-15T15:32:31.360Z",
  "type": "request",
  "endpoint": "GET /games",
  "fullUrl": "https://staging.slotegrator.com/api/index.php/v1/games?expand=images&page=13",
  "headers": {
    "X-Merchant-Id": "dbb46701285c1a2e24a0bf92f00501e5",
    "X-Timestamp": "1768491151",
    "X-Nonce": "b4bcd440f92fb6819e4f1f858be47045",
    "X-Sign": "b14b8897...",
    "Accept": "application/json"
  },
  "body": null,
  "params": {
    "expand": "images",
    "page": 13
  }
}
================================================================================

{
  "timestamp": "2026-01-15T15:32:32.055Z",
  "type": "request",
  "endpoint": "GET /games",
  "fullUrl": "https://staging.slotegrator.com/api/index.php/v1/games?expand=images&page=14",
  "headers": {
    "X-Merchant-Id": "dbb46701285c1a2e24a0bf92f00501e5",
    "X-Timestamp": "1768491152",
    "X-Nonce": "89f0bef68ab90e55bc88a3f0f44ed29c",
    "X-Sign": "05320ff8...",
    "Accept": "application/json"
  },
  "body": null,
  "params": {
    "expand": "images",
    "page": 14
  }
}
================================================================================

{
  "timestamp": "2026-01-15T15:32:32.623Z",
  "type": "request",
  "endpoint": "GET /games",
  "fullUrl": "https://staging.slotegrator.com/api/index.php/v1/games?expand=images&page=15",
  "headers": {
    "X-Merchant-Id": "dbb46701285c1a2e24a0bf92f00501e5",
    "X-Timestamp": "1768491152",
    "X-Nonce": "9ac5b1304a23ed6638a57460923c67f0",
    "X-Sign": "6704cc6d...",
    "Accept": "application/json"
  },
  "body": null,
  "params": {
    "expand": "images",
    "page": 15
  }
}
================================================================================

{
  "timestamp": "2026-01-15T15:32:33.182Z",
  "type": "request",
  "endpoint": "GET /games",
  "fullUrl": "https://staging.slotegrator.com/api/index.php/v1/games?expand=images&page=16",
  "headers": {
    "X-Merchant-Id": "dbb46701285c1a2e24a0bf92f00501e5",
    "X-Timestamp": "1768491153",
    "X-Nonce": "b9bea1864df0c91153164df8f67f1d9a",
    "X-Sign": "f6d19b50...",
    "Accept": "application/json"
  },
  "body": null,
  "params": {
    "expand": "images",
    "page": 16
  }
}
================================================================================

{
  "timestamp": "2026-01-15T15:32:33.715Z",
  "type": "request",
  "endpoint": "GET /games",
  "fullUrl": "https://staging.slotegrator.com/api/index.php/v1/games?expand=images&page=17",
  "headers": {
    "X-Merchant-Id": "dbb46701285c1a2e24a0bf92f00501e5",
    "X-Timestamp": "1768491153",
    "X-Nonce": "ddb1507dcae181e53a7268328771216b",
    "X-Sign": "20e05f0d...",
    "Accept": "application/json"
  },
  "body": null,
  "params": {
    "expand": "images",
    "page": 17
  }
}
================================================================================

{
  "timestamp": "2026-01-15T15:32:34.189Z",
  "type": "request",
  "endpoint": "GET /games",
  "fullUrl": "https://staging.slotegrator.com/api/index.php/v1/games?expand=images&page=18",
  "headers": {
    "X-Merchant-Id": "dbb46701285c1a2e24a0bf92f00501e5",
    "X-Timestamp": "1768491154",
    "X-Nonce": "2685a13c9034d7a9dddb0612b863f355",
    "X-Sign": "dfe40760...",
    "Accept": "application/json"
  },
  "body": null,
  "params": {
    "expand": "images",
    "page": 18
  }
}
================================================================================

{
  "timestamp": "2026-01-15T15:32:34.713Z",
  "type": "request",
  "endpoint": "GET /games",
  "fullUrl": "https://staging.slotegrator.com/api/index.php/v1/games?expand=images&page=19",
  "headers": {
    "X-Merchant-Id": "dbb46701285c1a2e24a0bf92f00501e5",
    "X-Timestamp": "1768491154",
    "X-Nonce": "fe57119121b8b6c606f56bf083a3ff23",
    "X-Sign": "eae5b6bc...",
    "Accept": "application/json"
  },
  "body": null,
  "params": {
    "expand": "images",
    "page": 19
  }
}
================================================================================

{
  "timestamp": "2026-01-15T15:32:35.166Z",
  "type": "request",
  "endpoint": "GET /games",
  "fullUrl": "https://staging.slotegrator.com/api/index.php/v1/games?expand=images&page=20",
  "headers": {
    "X-Merchant-Id": "dbb46701285c1a2e24a0bf92f00501e5",
    "X-Timestamp": "1768491155",
    "X-Nonce": "0fe552b1589f617a4c6e3eb7128b826f",
    "X-Sign": "8051c863...",
    "Accept": "application/json"
  },
  "body": null,
  "params": {
    "expand": "images",
    "page": 20
  }
}
================================================================================

{
  "timestamp": "2026-01-15T15:32:35.610Z",
  "type": "request",
  "endpoint": "GET /games",
  "fullUrl": "https://staging.slotegrator.com/api/index.php/v1/games?expand=images&page=21",
  "headers": {
    "X-Merchant-Id": "dbb46701285c1a2e24a0bf92f00501e5",
    "X-Timestamp": "1768491155",
    "X-Nonce": "2b88ab037f8d3c50d672807fb3a9f08c",
    "X-Sign": "53f49514...",
    "Accept": "application/json"
  },
  "body": null,
  "params": {
    "expand": "images",
    "page": 21
  }
}
================================================================================

{
  "timestamp": "2026-01-15T15:32:36.067Z",
  "type": "request",
  "endpoint": "GET /games",
  "fullUrl": "https://staging.slotegrator.com/api/index.php/v1/games?expand=images&page=22",
  "headers": {
    "X-Merchant-Id": "dbb46701285c1a2e24a0bf92f00501e5",
    "X-Timestamp": "1768491156",
    "X-Nonce": "c7ef8b7098c4e768c6ab4dfc24c36c13",
    "X-Sign": "18e2ba08...",
    "Accept": "application/json"
  },
  "body": null,
  "params": {
    "expand": "images",
    "page": 22
  }
}
================================================================================

{
  "timestamp": "2026-01-15T15:32:36.563Z",
  "type": "request",
  "endpoint": "GET /games",
  "fullUrl": "https://staging.slotegrator.com/api/index.php/v1/games?expand=images&page=23",
  "headers": {
    "X-Merchant-Id": "dbb46701285c1a2e24a0bf92f00501e5",
    "X-Timestamp": "1768491156",
    "X-Nonce": "b42dcdb0559271a465369b92e957e4b0",
    "X-Sign": "be79d087...",
    "Accept": "application/json"
  },
  "body": null,
  "params": {
    "expand": "images",
    "page": 23
  }
}
================================================================================

{
  "timestamp": "2026-01-15T15:32:37.046Z",
  "type": "request",
  "endpoint": "GET /games",
  "fullUrl": "https://staging.slotegrator.com/api/index.php/v1/games?expand=images&page=24",
  "headers": {
    "X-Merchant-Id": "dbb46701285c1a2e24a0bf92f00501e5",
    "X-Timestamp": "1768491157",
    "X-Nonce": "85efd7388cd9c7ad40aac68226cfa30e",
    "X-Sign": "de07b045...",
    "Accept": "application/json"
  },
  "body": null,
  "params": {
    "expand": "images",
    "page": 24
  }
}
================================================================================

{
  "timestamp": "2026-01-15T15:32:37.503Z",
  "type": "request",
  "endpoint": "GET /games",
  "fullUrl": "https://staging.slotegrator.com/api/index.php/v1/games?expand=images&page=25",
  "headers": {
    "X-Merchant-Id": "dbb46701285c1a2e24a0bf92f00501e5",
    "X-Timestamp": "1768491157",
    "X-Nonce": "522b0dc3c560b0d8d720d07b2e84f9ca",
    "X-Sign": "71ba1d65...",
    "Accept": "application/json"
  },
  "body": null,
  "params": {
    "expand": "images",
    "page": 25
  }
}
================================================================================

{
  "timestamp": "2026-01-15T15:32:37.975Z",
  "type": "request",
  "endpoint": "GET /games",
  "fullUrl": "https://staging.slotegrator.com/api/index.php/v1/games?expand=images&page=26",
  "headers": {
    "X-Merchant-Id": "dbb46701285c1a2e24a0bf92f00501e5",
    "X-Timestamp": "1768491157",
    "X-Nonce": "8322c74f3bc2cbb26ec69c20ce2209f4",
    "X-Sign": "97c13851...",
    "Accept": "application/json"
  },
  "body": null,
  "params": {
    "expand": "images",
    "page": 26
  }
}
================================================================================

{
  "timestamp": "2026-01-15T15:32:38.474Z",
  "type": "request",
  "endpoint": "GET /games",
  "fullUrl": "https://staging.slotegrator.com/api/index.php/v1/games?expand=images&page=27",
  "headers": {
    "X-Merchant-Id": "dbb46701285c1a2e24a0bf92f00501e5",
    "X-Timestamp": "1768491158",
    "X-Nonce": "779aa125c18307ae7de9a09fbadef5cc",
    "X-Sign": "5eb179f7...",
    "Accept": "application/json"
  },
  "body": null,
  "params": {
    "expand": "images",
    "page": 27
  }
}
================================================================================

{
  "timestamp": "2026-01-15T15:32:38.931Z",
  "type": "request",
  "endpoint": "GET /games",
  "fullUrl": "https://staging.slotegrator.com/api/index.php/v1/games?expand=images&page=28",
  "headers": {
    "X-Merchant-Id": "dbb46701285c1a2e24a0bf92f00501e5",
    "X-Timestamp": "1768491158",
    "X-Nonce": "24006c5c5e9102bfcdc4ee4c09a967c5",
    "X-Sign": "c7fa3319...",
    "Accept": "application/json"
  },
  "body": null,
  "params": {
    "expand": "images",
    "page": 28
  }
}
================================================================================

{
  "timestamp": "2026-01-15T15:32:39.390Z",
  "type": "request",
  "endpoint": "GET /games",
  "fullUrl": "https://staging.slotegrator.com/api/index.php/v1/games?expand=images&page=29",
  "headers": {
    "X-Merchant-Id": "dbb46701285c1a2e24a0bf92f00501e5",
    "X-Timestamp": "1768491159",
    "X-Nonce": "1c929490acd2248bac406141a11d1465",
    "X-Sign": "e10d8ae9...",
    "Accept": "application/json"
  },
  "body": null,
  "params": {
    "expand": "images",
    "page": 29
  }
}
================================================================================

{
  "timestamp": "2026-01-15T15:32:39.859Z",
  "type": "request",
  "endpoint": "GET /games",
  "fullUrl": "https://staging.slotegrator.com/api/index.php/v1/games?expand=images&page=30",
  "headers": {
    "X-Merchant-Id": "dbb46701285c1a2e24a0bf92f00501e5",
    "X-Timestamp": "1768491159",
    "X-Nonce": "d06007c834a0629b4052bff98d1e5882",
    "X-Sign": "cc2da549...",
    "Accept": "application/json"
  },
  "body": null,
  "params": {
    "expand": "images",
    "page": 30
  }
}
================================================================================

{
  "timestamp": "2026-01-15T15:32:40.322Z",
  "type": "request",
  "endpoint": "GET /games",
  "fullUrl": "https://staging.slotegrator.com/api/index.php/v1/games?expand=images&page=31",
  "headers": {
    "X-Merchant-Id": "dbb46701285c1a2e24a0bf92f00501e5",
    "X-Timestamp": "1768491160",
    "X-Nonce": "78ee4f2ccfaed2f6911a7bdebff8f13c",
    "X-Sign": "2fcb9334...",
    "Accept": "application/json"
  },
  "body": null,
  "params": {
    "expand": "images",
    "page": 31
  }
}
================================================================================

{
  "timestamp": "2026-01-15T15:32:40.798Z",
  "type": "request",
  "endpoint": "GET /games",
  "fullUrl": "https://staging.slotegrator.com/api/index.php/v1/games?expand=images&page=32",
  "headers": {
    "X-Merchant-Id": "dbb46701285c1a2e24a0bf92f00501e5",
    "X-Timestamp": "1768491160",
    "X-Nonce": "eba5d6fd081427d203b1c2aae4587f2f",
    "X-Sign": "8a41d60b...",
    "Accept": "application/json"
  },
  "body": null,
  "params": {
    "expand": "images",
    "page": 32
  }
}
================================================================================

{
  "timestamp": "2026-01-15T15:32:40.929Z",
  "type": "request",
  "endpoint": "GET /games",
  "fullUrl": "https://staging.slotegrator.com/api/index.php/v1/games?expand=images",
  "headers": {
    "X-Merchant-Id": "dbb46701285c1a2e24a0bf92f00501e5",
    "X-Timestamp": "1768491160",
    "X-Nonce": "2330f07fa28fe62537cad05e929c7bce",
    "X-Sign": "670e9f56...",
    "Accept": "application/json"
  },
  "body": null,
  "params": {
    "expand": "images"
  }
}
================================================================================

{
  "timestamp": "2026-01-15T15:32:41.231Z",
  "type": "request",
  "endpoint": "GET /games",
  "fullUrl": "https://staging.slotegrator.com/api/index.php/v1/games?expand=images&page=33",
  "headers": {
    "X-Merchant-Id": "dbb46701285c1a2e24a0bf92f00501e5",
    "X-Timestamp": "1768491161",
    "X-Nonce": "4793c64d0330344154a6fab750e3e12e",
    "X-Sign": "61428a65...",
    "Accept": "application/json"
  },
  "body": null,
  "params": {
    "expand": "images",
    "page": 33
  }
}
================================================================================

{
  "timestamp": "2026-01-15T15:32:41.628Z",
  "type": "request",
  "endpoint": "GET /games",
  "fullUrl": "https://staging.slotegrator.com/api/index.php/v1/games?expand=images&page=2",
  "headers": {
    "X-Merchant-Id": "dbb46701285c1a2e24a0bf92f00501e5",
    "X-Timestamp": "1768491161",
    "X-Nonce": "c732a6fbd5303f57e2240853ab2d9171",
    "X-Sign": "30ef89fa...",
    "Accept": "application/json"
  },
  "body": null,
  "params": {
    "expand": "images",
    "page": 2
  }
}
================================================================================

{
  "timestamp": "2026-01-15T15:32:41.679Z",
  "type": "request",
  "endpoint": "GET /games",
  "fullUrl": "https://staging.slotegrator.com/api/index.php/v1/games?expand=images&page=34",
  "headers": {
    "X-Merchant-Id": "dbb46701285c1a2e24a0bf92f00501e5",
    "X-Timestamp": "1768491161",
    "X-Nonce": "2f9c2a939fc8b9bcfef582c770f69a0c",
    "X-Sign": "acdc61eb...",
    "Accept": "application/json"
  },
  "body": null,
  "params": {
    "expand": "images",
    "page": 34
  }
}
================================================================================

{
  "timestamp": "2026-01-15T15:32:42.169Z",
  "type": "request",
  "endpoint": "GET /games",
  "fullUrl": "https://staging.slotegrator.com/api/index.php/v1/games?expand=images&page=3",
  "headers": {
    "X-Merchant-Id": "dbb46701285c1a2e24a0bf92f00501e5",
    "X-Timestamp": "1768491162",
    "X-Nonce": "5b217b5c2d2bf9784bfe3db7e93f3dbf",
    "X-Sign": "c4daf6dc...",
    "Accept": "application/json"
  },
  "body": null,
  "params": {
    "expand": "images",
    "page": 3
  }
}
================================================================================

{
  "timestamp": "2026-01-15T15:32:42.367Z",
  "type": "request",
  "endpoint": "GET /games",
  "fullUrl": "https://staging.slotegrator.com/api/index.php/v1/games?expand=images&page=35",
  "headers": {
    "X-Merchant-Id": "dbb46701285c1a2e24a0bf92f00501e5",
    "X-Timestamp": "1768491162",
    "X-Nonce": "4c2ffe58ea7bced2ac4f54087611dcdb",
    "X-Sign": "e92438a0...",
    "Accept": "application/json"
  },
  "body": null,
  "params": {
    "expand": "images",
    "page": 35
  }
}
================================================================================

{
  "timestamp": "2026-01-15T15:32:42.677Z",
  "type": "request",
  "endpoint": "GET /games",
  "fullUrl": "https://staging.slotegrator.com/api/index.php/v1/games?expand=images&page=4",
  "headers": {
    "X-Merchant-Id": "dbb46701285c1a2e24a0bf92f00501e5",
    "X-Timestamp": "1768491162",
    "X-Nonce": "04ff3ce1fb992ca39fe156fdf18f3ced",
    "X-Sign": "0618bbdf...",
    "Accept": "application/json"
  },
  "body": null,
  "params": {
    "expand": "images",
    "page": 4
  }
}
================================================================================

{
  "timestamp": "2026-01-15T15:32:42.898Z",
  "type": "request",
  "endpoint": "GET /games",
  "fullUrl": "https://staging.slotegrator.com/api/index.php/v1/games?expand=images&page=36",
  "headers": {
    "X-Merchant-Id": "dbb46701285c1a2e24a0bf92f00501e5",
    "X-Timestamp": "1768491162",
    "X-Nonce": "8a425196f2acca85178c29d723831e24",
    "X-Sign": "b0527220...",
    "Accept": "application/json"
  },
  "body": null,
  "params": {
    "expand": "images",
    "page": 36
  }
}
================================================================================

{
  "timestamp": "2026-01-15T15:32:43.207Z",
  "type": "request",
  "endpoint": "GET /games",
  "fullUrl": "https://staging.slotegrator.com/api/index.php/v1/games?expand=images&page=5",
  "headers": {
    "X-Merchant-Id": "dbb46701285c1a2e24a0bf92f00501e5",
    "X-Timestamp": "1768491163",
    "X-Nonce": "be6f4578f97812ad37294c72f5eaf91d",
    "X-Sign": "eda08997...",
    "Accept": "application/json"
  },
  "body": null,
  "params": {
    "expand": "images",
    "page": 5
  }
}
================================================================================

{
  "timestamp": "2026-01-15T15:32:43.380Z",
  "type": "request",
  "endpoint": "GET /games",
  "fullUrl": "https://staging.slotegrator.com/api/index.php/v1/games?expand=images&page=37",
  "headers": {
    "X-Merchant-Id": "dbb46701285c1a2e24a0bf92f00501e5",
    "X-Timestamp": "1768491163",
    "X-Nonce": "4e42c5a57dd6762d4443279986f60b35",
    "X-Sign": "88b4ebcf...",
    "Accept": "application/json"
  },
  "body": null,
  "params": {
    "expand": "images",
    "page": 37
  }
}
================================================================================

{
  "timestamp": "2026-01-15T15:32:43.653Z",
  "type": "request",
  "endpoint": "GET /games",
  "fullUrl": "https://staging.slotegrator.com/api/index.php/v1/games?expand=images&page=6",
  "headers": {
    "X-Merchant-Id": "dbb46701285c1a2e24a0bf92f00501e5",
    "X-Timestamp": "1768491163",
    "X-Nonce": "26b9c3c21ed5077b89947b997d3a95aa",
    "X-Sign": "6941d8c8...",
    "Accept": "application/json"
  },
  "body": null,
  "params": {
    "expand": "images",
    "page": 6
  }
}
================================================================================

{
  "timestamp": "2026-01-15T15:32:43.839Z",
  "type": "request",
  "endpoint": "GET /games",
  "fullUrl": "https://staging.slotegrator.com/api/index.php/v1/games?expand=images&page=38",
  "headers": {
    "X-Merchant-Id": "dbb46701285c1a2e24a0bf92f00501e5",
    "X-Timestamp": "1768491163",
    "X-Nonce": "efa0d298e21b93f4562e0444e419cab1",
    "X-Sign": "c1f8f4d8...",
    "Accept": "application/json"
  },
  "body": null,
  "params": {
    "expand": "images",
    "page": 38
  }
}
================================================================================

{
  "timestamp": "2026-01-15T15:32:44.132Z",
  "type": "request",
  "endpoint": "GET /games",
  "fullUrl": "https://staging.slotegrator.com/api/index.php/v1/games?expand=images&page=7",
  "headers": {
    "X-Merchant-Id": "dbb46701285c1a2e24a0bf92f00501e5",
    "X-Timestamp": "1768491164",
    "X-Nonce": "1bb3c96eda895a9c4dc55798358f3022",
    "X-Sign": "9536335c...",
    "Accept": "application/json"
  },
  "body": null,
  "params": {
    "expand": "images",
    "page": 7
  }
}
================================================================================

{
  "timestamp": "2026-01-15T15:32:44.331Z",
  "type": "request",
  "endpoint": "GET /games",
  "fullUrl": "https://staging.slotegrator.com/api/index.php/v1/games?expand=images&page=39",
  "headers": {
    "X-Merchant-Id": "dbb46701285c1a2e24a0bf92f00501e5",
    "X-Timestamp": "1768491164",
    "X-Nonce": "fca774c9e1f69987ac74d388b5497c43",
    "X-Sign": "bc7924bc...",
    "Accept": "application/json"
  },
  "body": null,
  "params": {
    "expand": "images",
    "page": 39
  }
}
================================================================================

{
  "timestamp": "2026-01-15T15:32:44.692Z",
  "type": "request",
  "endpoint": "GET /games",
  "fullUrl": "https://staging.slotegrator.com/api/index.php/v1/games?expand=images&page=8",
  "headers": {
    "X-Merchant-Id": "dbb46701285c1a2e24a0bf92f00501e5",
    "X-Timestamp": "1768491164",
    "X-Nonce": "c772260c6cc71d8c7645800713f8b15e",
    "X-Sign": "7bd83cea...",
    "Accept": "application/json"
  },
  "body": null,
  "params": {
    "expand": "images",
    "page": 8
  }
}
================================================================================

{
  "timestamp": "2026-01-15T15:32:44.866Z",
  "type": "request",
  "endpoint": "GET /games",
  "fullUrl": "https://staging.slotegrator.com/api/index.php/v1/games?expand=images&page=40",
  "headers": {
    "X-Merchant-Id": "dbb46701285c1a2e24a0bf92f00501e5",
    "X-Timestamp": "1768491164",
    "X-Nonce": "eca54740135919edf65646b0062f38e6",
    "X-Sign": "0f342780...",
    "Accept": "application/json"
  },
  "body": null,
  "params": {
    "expand": "images",
    "page": 40
  }
}
================================================================================

{
  "timestamp": "2026-01-15T15:32:45.195Z",
  "type": "request",
  "endpoint": "GET /games",
  "fullUrl": "https://staging.slotegrator.com/api/index.php/v1/games?expand=images&page=9",
  "headers": {
    "X-Merchant-Id": "dbb46701285c1a2e24a0bf92f00501e5",
    "X-Timestamp": "1768491165",
    "X-Nonce": "37d24c80b258b60dabb3939b3a5ed525",
    "X-Sign": "12e0a982...",
    "Accept": "application/json"
  },
  "body": null,
  "params": {
    "expand": "images",
    "page": 9
  }
}
================================================================================

{
  "timestamp": "2026-01-15T15:32:45.346Z",
  "type": "request",
  "endpoint": "GET /limits",
  "fullUrl": "https://staging.slotegrator.com/api/index.php/v1/limits",
  "headers": {
    "X-Merchant-Id": "dbb46701285c1a2e24a0bf92f00501e5",
    "X-Timestamp": "1768491165",
    "X-Nonce": "a2aeed5fe0dd9fd34a92213c1a1ec6dd",
    "X-Sign": "236c84dc...",
    "Accept": "application/json"
  },
  "body": null,
  "params": null
}
================================================================================

{
  "timestamp": "2026-01-15T15:32:45.631Z",
  "type": "request",
  "endpoint": "GET /games",
  "fullUrl": "https://staging.slotegrator.com/api/index.php/v1/games?expand=images&page=10",
  "headers": {
    "X-Merchant-Id": "dbb46701285c1a2e24a0bf92f00501e5",
    "X-Timestamp": "1768491165",
    "X-Nonce": "6da474f87342e88302f11f638f638c3b",
    "X-Sign": "adba659b...",
    "Accept": "application/json"
  },
  "body": null,
  "params": {
    "expand": "images",
    "page": 10
  }
}
================================================================================

{
  "timestamp": "2026-01-15T15:32:46.099Z",
  "type": "request",
  "endpoint": "GET /games",
  "fullUrl": "https://staging.slotegrator.com/api/index.php/v1/games?expand=images&page=11",
  "headers": {
    "X-Merchant-Id": "dbb46701285c1a2e24a0bf92f00501e5",
    "X-Timestamp": "1768491166",
    "X-Nonce": "00c45560a9068663c2682371e10f81ff",
    "X-Sign": "65e697cf...",
    "Accept": "application/json"
  },
  "body": null,
  "params": {
    "expand": "images",
    "page": 11
  }
}
================================================================================

{
  "timestamp": "2026-01-15T15:32:46.617Z",
  "type": "request",
  "endpoint": "GET /games",
  "fullUrl": "https://staging.slotegrator.com/api/index.php/v1/games?expand=images&page=12",
  "headers": {
    "X-Merchant-Id": "dbb46701285c1a2e24a0bf92f00501e5",
    "X-Timestamp": "1768491166",
    "X-Nonce": "8db11730484a63011aa2b70d10f6fe7f",
    "X-Sign": "5159eaaf...",
    "Accept": "application/json"
  },
  "body": null,
  "params": {
    "expand": "images",
    "page": 12
  }
}
================================================================================

{
  "timestamp": "2026-01-15T15:32:47.135Z",
  "type": "request",
  "endpoint": "GET /games",
  "fullUrl": "https://staging.slotegrator.com/api/index.php/v1/games?expand=images&page=13",
  "headers": {
    "X-Merchant-Id": "dbb46701285c1a2e24a0bf92f00501e5",
    "X-Timestamp": "1768491167",
    "X-Nonce": "5b0be869045e5b7755db95593a312e6d",
    "X-Sign": "7454a7b4...",
    "Accept": "application/json"
  },
  "body": null,
  "params": {
    "expand": "images",
    "page": 13
  }
}
================================================================================

{
  "timestamp": "2026-01-15T15:32:47.595Z",
  "type": "request",
  "endpoint": "GET /games",
  "fullUrl": "https://staging.slotegrator.com/api/index.php/v1/games?expand=images&page=14",
  "headers": {
    "X-Merchant-Id": "dbb46701285c1a2e24a0bf92f00501e5",
    "X-Timestamp": "1768491167",
    "X-Nonce": "558369bc155ac257f52ce3e5cc609007",
    "X-Sign": "69613fe7...",
    "Accept": "application/json"
  },
  "body": null,
  "params": {
    "expand": "images",
    "page": 14
  }
}
================================================================================

{
  "timestamp": "2026-01-15T15:32:48.048Z",
  "type": "request",
  "endpoint": "GET /games",
  "fullUrl": "https://staging.slotegrator.com/api/index.php/v1/games?expand=images&page=15",
  "headers": {
    "X-Merchant-Id": "dbb46701285c1a2e24a0bf92f00501e5",
    "X-Timestamp": "1768491168",
    "X-Nonce": "c626eead8195d4f3c148b4f472aaeeb4",
    "X-Sign": "e56575a6...",
    "Accept": "application/json"
  },
  "body": null,
  "params": {
    "expand": "images",
    "page": 15
  }
}
================================================================================

{
  "timestamp": "2026-01-15T15:32:48.574Z",
  "type": "request",
  "endpoint": "GET /games",
  "fullUrl": "https://staging.slotegrator.com/api/index.php/v1/games?expand=images&page=16",
  "headers": {
    "X-Merchant-Id": "dbb46701285c1a2e24a0bf92f00501e5",
    "X-Timestamp": "1768491168",
    "X-Nonce": "980c07d428da2fe1e16bb2da9d89f8aa",
    "X-Sign": "077d2726...",
    "Accept": "application/json"
  },
  "body": null,
  "params": {
    "expand": "images",
    "page": 16
  }
}
================================================================================

{
  "timestamp": "2026-01-15T15:32:49.116Z",
  "type": "request",
  "endpoint": "GET /games",
  "fullUrl": "https://staging.slotegrator.com/api/index.php/v1/games?expand=images&page=17",
  "headers": {
    "X-Merchant-Id": "dbb46701285c1a2e24a0bf92f00501e5",
    "X-Timestamp": "1768491169",
    "X-Nonce": "2807217d475983b23b23fb74c88e0c45",
    "X-Sign": "8216e2d4...",
    "Accept": "application/json"
  },
  "body": null,
  "params": {
    "expand": "images",
    "page": 17
  }
}
================================================================================

{
  "timestamp": "2026-01-15T15:32:49.562Z",
  "type": "request",
  "endpoint": "GET /games",
  "fullUrl": "https://staging.slotegrator.com/api/index.php/v1/games?expand=images&page=18",
  "headers": {
    "X-Merchant-Id": "dbb46701285c1a2e24a0bf92f00501e5",
    "X-Timestamp": "1768491169",
    "X-Nonce": "ad8b0575774ba6528936644ad9dfd7bb",
    "X-Sign": "8235083c...",
    "Accept": "application/json"
  },
  "body": null,
  "params": {
    "expand": "images",
    "page": 18
  }
}
================================================================================

{
  "timestamp": "2026-01-15T15:32:50.068Z",
  "type": "request",
  "endpoint": "GET /games",
  "fullUrl": "https://staging.slotegrator.com/api/index.php/v1/games?expand=images&page=19",
  "headers": {
    "X-Merchant-Id": "dbb46701285c1a2e24a0bf92f00501e5",
    "X-Timestamp": "1768491170",
    "X-Nonce": "53360ed8eefafef7895adb5d94b81bbc",
    "X-Sign": "d3e5a847...",
    "Accept": "application/json"
  },
  "body": null,
  "params": {
    "expand": "images",
    "page": 19
  }
}
================================================================================

{
  "timestamp": "2026-01-15T15:32:50.585Z",
  "type": "request",
  "endpoint": "GET /games",
  "fullUrl": "https://staging.slotegrator.com/api/index.php/v1/games?expand=images&page=20",
  "headers": {
    "X-Merchant-Id": "dbb46701285c1a2e24a0bf92f00501e5",
    "X-Timestamp": "1768491170",
    "X-Nonce": "700f625a0a12a59488b1187b8d3ed950",
    "X-Sign": "657022b4...",
    "Accept": "application/json"
  },
  "body": null,
  "params": {
    "expand": "images",
    "page": 20
  }
}
================================================================================

{
  "timestamp": "2026-01-15T15:32:51.050Z",
  "type": "request",
  "endpoint": "GET /games",
  "fullUrl": "https://staging.slotegrator.com/api/index.php/v1/games?expand=images&page=21",
  "headers": {
    "X-Merchant-Id": "dbb46701285c1a2e24a0bf92f00501e5",
    "X-Timestamp": "1768491171",
    "X-Nonce": "6dc866f3f89e0eed09554fb861b90b0b",
    "X-Sign": "6aca7a98...",
    "Accept": "application/json"
  },
  "body": null,
  "params": {
    "expand": "images",
    "page": 21
  }
}
================================================================================

{
  "timestamp": "2026-01-15T15:32:51.541Z",
  "type": "request",
  "endpoint": "GET /games",
  "fullUrl": "https://staging.slotegrator.com/api/index.php/v1/games?expand=images&page=22",
  "headers": {
    "X-Merchant-Id": "dbb46701285c1a2e24a0bf92f00501e5",
    "X-Timestamp": "1768491171",
    "X-Nonce": "bfbb56b661b4c1edfd369ad259021b72",
    "X-Sign": "55341b87...",
    "Accept": "application/json"
  },
  "body": null,
  "params": {
    "expand": "images",
    "page": 22
  }
}
================================================================================

{
  "timestamp": "2026-01-15T15:32:52.038Z",
  "type": "request",
  "endpoint": "GET /games",
  "fullUrl": "https://staging.slotegrator.com/api/index.php/v1/games?expand=images&page=23",
  "headers": {
    "X-Merchant-Id": "dbb46701285c1a2e24a0bf92f00501e5",
    "X-Timestamp": "1768491172",
    "X-Nonce": "e49b82330da2fdb9e81413f8ce7daf80",
    "X-Sign": "d0f03db2...",
    "Accept": "application/json"
  },
  "body": null,
  "params": {
    "expand": "images",
    "page": 23
  }
}
================================================================================

{
  "timestamp": "2026-01-15T15:32:52.549Z",
  "type": "request",
  "endpoint": "GET /games",
  "fullUrl": "https://staging.slotegrator.com/api/index.php/v1/games?expand=images&page=24",
  "headers": {
    "X-Merchant-Id": "dbb46701285c1a2e24a0bf92f00501e5",
    "X-Timestamp": "1768491172",
    "X-Nonce": "b6ad1180fd94be5a762bf1814fee9b10",
    "X-Sign": "62b1185e...",
    "Accept": "application/json"
  },
  "body": null,
  "params": {
    "expand": "images",
    "page": 24
  }
}
================================================================================

{
  "timestamp": "2026-01-15T15:32:52.979Z",
  "type": "request",
  "endpoint": "GET /games",
  "fullUrl": "https://staging.slotegrator.com/api/index.php/v1/games?expand=images&page=25",
  "headers": {
    "X-Merchant-Id": "dbb46701285c1a2e24a0bf92f00501e5",
    "X-Timestamp": "1768491172",
    "X-Nonce": "01e23c1b0a5d4adafe21a93150351abb",
    "X-Sign": "56c0debc...",
    "Accept": "application/json"
  },
  "body": null,
  "params": {
    "expand": "images",
    "page": 25
  }
}
================================================================================

{
  "timestamp": "2026-01-15T15:32:53.481Z",
  "type": "request",
  "endpoint": "GET /games",
  "fullUrl": "https://staging.slotegrator.com/api/index.php/v1/games?expand=images&page=26",
  "headers": {
    "X-Merchant-Id": "dbb46701285c1a2e24a0bf92f00501e5",
    "X-Timestamp": "1768491173",
    "X-Nonce": "86417ab60e8f1011e95f6fb5c29cd028",
    "X-Sign": "ef50bdb8...",
    "Accept": "application/json"
  },
  "body": null,
  "params": {
    "expand": "images",
    "page": 26
  }
}
================================================================================

{
  "timestamp": "2026-01-15T15:32:53.957Z",
  "type": "request",
  "endpoint": "GET /games",
  "fullUrl": "https://staging.slotegrator.com/api/index.php/v1/games?expand=images&page=27",
  "headers": {
    "X-Merchant-Id": "dbb46701285c1a2e24a0bf92f00501e5",
    "X-Timestamp": "1768491173",
    "X-Nonce": "8c0a8251fafaf5b94cc1d24e2a97616b",
    "X-Sign": "6634b2c2...",
    "Accept": "application/json"
  },
  "body": null,
  "params": {
    "expand": "images",
    "page": 27
  }
}
================================================================================

{
  "timestamp": "2026-01-15T15:32:54.472Z",
  "type": "request",
  "endpoint": "GET /games",
  "fullUrl": "https://staging.slotegrator.com/api/index.php/v1/games?expand=images&page=28",
  "headers": {
    "X-Merchant-Id": "dbb46701285c1a2e24a0bf92f00501e5",
    "X-Timestamp": "1768491174",
    "X-Nonce": "3f620a6a7080c1a231fe9b0b9c248bff",
    "X-Sign": "a7ce1d7b...",
    "Accept": "application/json"
  },
  "body": null,
  "params": {
    "expand": "images",
    "page": 28
  }
}
================================================================================

{
  "timestamp": "2026-01-15T15:32:54.987Z",
  "type": "request",
  "endpoint": "GET /games",
  "fullUrl": "https://staging.slotegrator.com/api/index.php/v1/games?expand=images&page=29",
  "headers": {
    "X-Merchant-Id": "dbb46701285c1a2e24a0bf92f00501e5",
    "X-Timestamp": "1768491174",
    "X-Nonce": "cf74a9ad9cb79ed60dd628490c4025eb",
    "X-Sign": "61647738...",
    "Accept": "application/json"
  },
  "body": null,
  "params": {
    "expand": "images",
    "page": 29
  }
}
================================================================================

{
  "timestamp": "2026-01-15T15:32:55.465Z",
  "type": "request",
  "endpoint": "GET /games",
  "fullUrl": "https://staging.slotegrator.com/api/index.php/v1/games?expand=images&page=30",
  "headers": {
    "X-Merchant-Id": "dbb46701285c1a2e24a0bf92f00501e5",
    "X-Timestamp": "1768491175",
    "X-Nonce": "329c015c9ef08ba264b465df8c0f3414",
    "X-Sign": "3df6f1c1...",
    "Accept": "application/json"
  },
  "body": null,
  "params": {
    "expand": "images",
    "page": 30
  }
}
================================================================================

{
  "timestamp": "2026-01-15T15:32:55.923Z",
  "type": "request",
  "endpoint": "GET /games",
  "fullUrl": "https://staging.slotegrator.com/api/index.php/v1/games?expand=images&page=31",
  "headers": {
    "X-Merchant-Id": "dbb46701285c1a2e24a0bf92f00501e5",
    "X-Timestamp": "1768491175",
    "X-Nonce": "73b5bf5fcfa9d5b9be33d8bee4ab6204",
    "X-Sign": "5bfe17a3...",
    "Accept": "application/json"
  },
  "body": null,
  "params": {
    "expand": "images",
    "page": 31
  }
}
================================================================================

{
  "timestamp": "2026-01-15T15:32:56.432Z",
  "type": "request",
  "endpoint": "GET /games",
  "fullUrl": "https://staging.slotegrator.com/api/index.php/v1/games?expand=images&page=32",
  "headers": {
    "X-Merchant-Id": "dbb46701285c1a2e24a0bf92f00501e5",
    "X-Timestamp": "1768491176",
    "X-Nonce": "4f7d7252fe5834aaa7de5442c2f99ce7",
    "X-Sign": "e1b097f0...",
    "Accept": "application/json"
  },
  "body": null,
  "params": {
    "expand": "images",
    "page": 32
  }
}
================================================================================

{
  "timestamp": "2026-01-15T15:32:57.142Z",
  "type": "request",
  "endpoint": "GET /games",
  "fullUrl": "https://staging.slotegrator.com/api/index.php/v1/games?expand=images&page=33",
  "headers": {
    "X-Merchant-Id": "dbb46701285c1a2e24a0bf92f00501e5",
    "X-Timestamp": "1768491177",
    "X-Nonce": "2ccf35660157ef183880bc658275c0c2",
    "X-Sign": "5af85791...",
    "Accept": "application/json"
  },
  "body": null,
  "params": {
    "expand": "images",
    "page": 33
  }
}
================================================================================

{
  "timestamp": "2026-01-15T15:32:57.775Z",
  "type": "request",
  "endpoint": "GET /games",
  "fullUrl": "https://staging.slotegrator.com/api/index.php/v1/games?expand=images&page=34",
  "headers": {
    "X-Merchant-Id": "dbb46701285c1a2e24a0bf92f00501e5",
    "X-Timestamp": "1768491177",
    "X-Nonce": "ea0b78aa90b9841748436fe9857fc362",
    "X-Sign": "c2255221...",
    "Accept": "application/json"
  },
  "body": null,
  "params": {
    "expand": "images",
    "page": 34
  }
}
================================================================================

{
  "timestamp": "2026-01-15T15:32:58.370Z",
  "type": "request",
  "endpoint": "GET /games",
  "fullUrl": "https://staging.slotegrator.com/api/index.php/v1/games?expand=images&page=35",
  "headers": {
    "X-Merchant-Id": "dbb46701285c1a2e24a0bf92f00501e5",
    "X-Timestamp": "1768491178",
    "X-Nonce": "3d67ef1a4e284014ae3882ba4637c64c",
    "X-Sign": "26cb97da...",
    "Accept": "application/json"
  },
  "body": null,
  "params": {
    "expand": "images",
    "page": 35
  }
}
================================================================================

{
  "timestamp": "2026-01-15T15:32:58.894Z",
  "type": "request",
  "endpoint": "GET /games",
  "fullUrl": "https://staging.slotegrator.com/api/index.php/v1/games?expand=images&page=36",
  "headers": {
    "X-Merchant-Id": "dbb46701285c1a2e24a0bf92f00501e5",
    "X-Timestamp": "1768491178",
    "X-Nonce": "e79aea8c5310d2bcc32ca93421a11f05",
    "X-Sign": "6e3a5618...",
    "Accept": "application/json"
  },
  "body": null,
  "params": {
    "expand": "images",
    "page": 36
  }
}
================================================================================

{
  "timestamp": "2026-01-15T15:32:59.711Z",
  "type": "request",
  "endpoint": "GET /games",
  "fullUrl": "https://staging.slotegrator.com/api/index.php/v1/games?expand=images&page=37",
  "headers": {
    "X-Merchant-Id": "dbb46701285c1a2e24a0bf92f00501e5",
    "X-Timestamp": "1768491179",
    "X-Nonce": "03bc94e2570e175a8605641e462dc9c2",
    "X-Sign": "b7950e9b...",
    "Accept": "application/json"
  },
  "body": null,
  "params": {
    "expand": "images",
    "page": 37
  }
}
================================================================================

{
  "timestamp": "2026-01-15T15:32:59.859Z",
  "type": "request",
  "endpoint": "GET /games",
  "fullUrl": "https://staging.slotegrator.com/api/index.php/v1/games",
  "headers": {
    "X-Merchant-Id": "dbb46701285c1a2e24a0bf92f00501e5",
    "X-Timestamp": "1768491179",
    "X-Nonce": "a2723e589f47c65ae2e675f399137030",
    "X-Sign": "22fa91b0...",
    "Accept": "application/json"
  },
  "body": null,
  "params": null
}
================================================================================

{
  "timestamp": "2026-01-15T15:33:00.168Z",
  "type": "request",
  "endpoint": "GET /games",
  "fullUrl": "https://staging.slotegrator.com/api/index.php/v1/games?expand=images&page=38",
  "headers": {
    "X-Merchant-Id": "dbb46701285c1a2e24a0bf92f00501e5",
    "X-Timestamp": "1768491180",
    "X-Nonce": "5af7909540861122b568ec58ac43203a",
    "X-Sign": "9765cec2...",
    "Accept": "application/json"
  },
  "body": null,
  "params": {
    "expand": "images",
    "page": 38
  }
}
================================================================================

{
  "timestamp": "2026-01-15T15:33:00.618Z",
  "type": "request",
  "endpoint": "GET /games",
  "fullUrl": "https://staging.slotegrator.com/api/index.php/v1/games?page=2",
  "headers": {
    "X-Merchant-Id": "dbb46701285c1a2e24a0bf92f00501e5",
    "X-Timestamp": "1768491180",
    "X-Nonce": "1196e14515a6318b2b9e5a93ea8cab2d",
    "X-Sign": "3bb3e117...",
    "Accept": "application/json"
  },
  "body": null,
  "params": {
    "page": 2
  }
}
================================================================================

{
  "timestamp": "2026-01-15T15:33:00.687Z",
  "type": "request",
  "endpoint": "GET /games",
  "fullUrl": "https://staging.slotegrator.com/api/index.php/v1/games?expand=images&page=39",
  "headers": {
    "X-Merchant-Id": "dbb46701285c1a2e24a0bf92f00501e5",
    "X-Timestamp": "1768491180",
    "X-Nonce": "49f4142c9587a1defe7dab06e22827f0",
    "X-Sign": "2b23b1e0...",
    "Accept": "application/json"
  },
  "body": null,
  "params": {
    "expand": "images",
    "page": 39
  }
}
================================================================================

{
  "timestamp": "2026-01-15T15:33:01.048Z",
  "type": "request",
  "endpoint": "GET /games",
  "fullUrl": "https://staging.slotegrator.com/api/index.php/v1/games?page=3",
  "headers": {
    "X-Merchant-Id": "dbb46701285c1a2e24a0bf92f00501e5",
    "X-Timestamp": "1768491181",
    "X-Nonce": "76bdfafa10d785b96138f5d6aab413ff",
    "X-Sign": "2288c2ea...",
    "Accept": "application/json"
  },
  "body": null,
  "params": {
    "page": 3
  }
}
================================================================================

{
  "timestamp": "2026-01-15T15:33:01.282Z",
  "type": "request",
  "endpoint": "GET /games",
  "fullUrl": "https://staging.slotegrator.com/api/index.php/v1/games?expand=images&page=40",
  "headers": {
    "X-Merchant-Id": "dbb46701285c1a2e24a0bf92f00501e5",
    "X-Timestamp": "1768491181",
    "X-Nonce": "f062c3d33b03ff3c219b223cefc0059f",
    "X-Sign": "ef7f1ca9...",
    "Accept": "application/json"
  },
  "body": null,
  "params": {
    "expand": "images",
    "page": 40
  }
}
================================================================================

{
  "timestamp": "2026-01-15T15:33:01.519Z",
  "type": "request",
  "endpoint": "GET /games",
  "fullUrl": "https://staging.slotegrator.com/api/index.php/v1/games?page=4",
  "headers": {
    "X-Merchant-Id": "dbb46701285c1a2e24a0bf92f00501e5",
    "X-Timestamp": "1768491181",
    "X-Nonce": "d2af2efa4b5878a1377cce3cb4e0cb50",
    "X-Sign": "c38295b5...",
    "Accept": "application/json"
  },
  "body": null,
  "params": {
    "page": 4
  }
}
================================================================================

{
  "timestamp": "2026-01-15T15:33:01.744Z",
  "type": "request",
  "endpoint": "GET /limits",
  "fullUrl": "https://staging.slotegrator.com/api/index.php/v1/limits",
  "headers": {
    "X-Merchant-Id": "dbb46701285c1a2e24a0bf92f00501e5",
    "X-Timestamp": "1768491181",
    "X-Nonce": "2816ba7b06d463b252b4a7f66a3afa23",
    "X-Sign": "d524567d...",
    "Accept": "application/json"
  },
  "body": null,
  "params": null
}
================================================================================

{
  "timestamp": "2026-01-15T15:33:01.973Z",
  "type": "request",
  "endpoint": "GET /games",
  "fullUrl": "https://staging.slotegrator.com/api/index.php/v1/games?page=5",
  "headers": {
    "X-Merchant-Id": "dbb46701285c1a2e24a0bf92f00501e5",
    "X-Timestamp": "1768491181",
    "X-Nonce": "63dc50125a3380d00313a881e5b6caa1",
    "X-Sign": "db801e4f...",
    "Accept": "application/json"
  },
  "body": null,
  "params": {
    "page": 5
  }
}
================================================================================

{
  "timestamp": "2026-01-15T15:33:02.431Z",
  "type": "request",
  "endpoint": "GET /games",
  "fullUrl": "https://staging.slotegrator.com/api/index.php/v1/games?page=6",
  "headers": {
    "X-Merchant-Id": "dbb46701285c1a2e24a0bf92f00501e5",
    "X-Timestamp": "1768491182",
    "X-Nonce": "bf5a0313c236e7bfb7116e8e33ff47f9",
    "X-Sign": "0f14a566...",
    "Accept": "application/json"
  },
  "body": null,
  "params": {
    "page": 6
  }
}
================================================================================

{
  "timestamp": "2026-01-15T15:33:03.024Z",
  "type": "request",
  "endpoint": "GET /games",
  "fullUrl": "https://staging.slotegrator.com/api/index.php/v1/games?page=7",
  "headers": {
    "X-Merchant-Id": "dbb46701285c1a2e24a0bf92f00501e5",
    "X-Timestamp": "1768491183",
    "X-Nonce": "aead38b9af491e68e34750f7dc0bc311",
    "X-Sign": "f0b0adae...",
    "Accept": "application/json"
  },
  "body": null,
  "params": {
    "page": 7
  }
}
================================================================================

{
  "timestamp": "2026-01-15T15:33:03.527Z",
  "type": "request",
  "endpoint": "GET /games",
  "fullUrl": "https://staging.slotegrator.com/api/index.php/v1/games?page=8",
  "headers": {
    "X-Merchant-Id": "dbb46701285c1a2e24a0bf92f00501e5",
    "X-Timestamp": "1768491183",
    "X-Nonce": "5cd8982549127a494c97519485fbbf52",
    "X-Sign": "f7585a39...",
    "Accept": "application/json"
  },
  "body": null,
  "params": {
    "page": 8
  }
}
================================================================================

{
  "timestamp": "2026-01-15T15:33:04.000Z",
  "type": "request",
  "endpoint": "GET /games",
  "fullUrl": "https://staging.slotegrator.com/api/index.php/v1/games?page=9",
  "headers": {
    "X-Merchant-Id": "dbb46701285c1a2e24a0bf92f00501e5",
    "X-Timestamp": "1768491184",
    "X-Nonce": "1e9d5f72f80e0cbc4b432c8cd34f9f5b",
    "X-Sign": "771d4f80...",
    "Accept": "application/json"
  },
  "body": null,
  "params": {
    "page": 9
  }
}
================================================================================

{
  "timestamp": "2026-01-15T15:33:04.466Z",
  "type": "request",
  "endpoint": "GET /games",
  "fullUrl": "https://staging.slotegrator.com/api/index.php/v1/games?page=10",
  "headers": {
    "X-Merchant-Id": "dbb46701285c1a2e24a0bf92f00501e5",
    "X-Timestamp": "1768491184",
    "X-Nonce": "77cafa3d3da80a07afcd26e297c74f97",
    "X-Sign": "572d322a...",
    "Accept": "application/json"
  },
  "body": null,
  "params": {
    "page": 10
  }
}
================================================================================

{
  "timestamp": "2026-01-15T15:33:04.949Z",
  "type": "request",
  "endpoint": "GET /games",
  "fullUrl": "https://staging.slotegrator.com/api/index.php/v1/games?page=11",
  "headers": {
    "X-Merchant-Id": "dbb46701285c1a2e24a0bf92f00501e5",
    "X-Timestamp": "1768491184",
    "X-Nonce": "dc318050c13bb0116b384be4403e89cf",
    "X-Sign": "34222ce0...",
    "Accept": "application/json"
  },
  "body": null,
  "params": {
    "page": 11
  }
}
================================================================================

{
  "timestamp": "2026-01-15T15:33:05.506Z",
  "type": "request",
  "endpoint": "GET /games",
  "fullUrl": "https://staging.slotegrator.com/api/index.php/v1/games?page=12",
  "headers": {
    "X-Merchant-Id": "dbb46701285c1a2e24a0bf92f00501e5",
    "X-Timestamp": "1768491185",
    "X-Nonce": "ad4fda3648396fcd1b82d8645cb13df2",
    "X-Sign": "fd3dd180...",
    "Accept": "application/json"
  },
  "body": null,
  "params": {
    "page": 12
  }
}
================================================================================

{
  "timestamp": "2026-01-15T15:33:05.945Z",
  "type": "request",
  "endpoint": "GET /games",
  "fullUrl": "https://staging.slotegrator.com/api/index.php/v1/games?page=13",
  "headers": {
    "X-Merchant-Id": "dbb46701285c1a2e24a0bf92f00501e5",
    "X-Timestamp": "1768491185",
    "X-Nonce": "ba5476cde0f970836430b68eff8ce10e",
    "X-Sign": "fb3004ae...",
    "Accept": "application/json"
  },
  "body": null,
  "params": {
    "page": 13
  }
}
================================================================================

{
  "timestamp": "2026-01-15T15:33:06.430Z",
  "type": "request",
  "endpoint": "GET /games",
  "fullUrl": "https://staging.slotegrator.com/api/index.php/v1/games?page=14",
  "headers": {
    "X-Merchant-Id": "dbb46701285c1a2e24a0bf92f00501e5",
    "X-Timestamp": "1768491186",
    "X-Nonce": "ce2722178e88c5787d8530e88816288f",
    "X-Sign": "a2c3a861...",
    "Accept": "application/json"
  },
  "body": null,
  "params": {
    "page": 14
  }
}
================================================================================

{
  "timestamp": "2026-01-15T15:33:06.881Z",
  "type": "request",
  "endpoint": "GET /games",
  "fullUrl": "https://staging.slotegrator.com/api/index.php/v1/games?page=15",
  "headers": {
    "X-Merchant-Id": "dbb46701285c1a2e24a0bf92f00501e5",
    "X-Timestamp": "1768491186",
    "X-Nonce": "7d0590a2941cee2d4d90ac73b8b64d23",
    "X-Sign": "a81e40dc...",
    "Accept": "application/json"
  },
  "body": null,
  "params": {
    "page": 15
  }
}
================================================================================

{
  "timestamp": "2026-01-15T15:33:07.367Z",
  "type": "request",
  "endpoint": "GET /games",
  "fullUrl": "https://staging.slotegrator.com/api/index.php/v1/games?page=16",
  "headers": {
    "X-Merchant-Id": "dbb46701285c1a2e24a0bf92f00501e5",
    "X-Timestamp": "1768491187",
    "X-Nonce": "409ba28a0e67d5c290be94363d5d83cc",
    "X-Sign": "6906111b...",
    "Accept": "application/json"
  },
  "body": null,
  "params": {
    "page": 16
  }
}
================================================================================

{
  "timestamp": "2026-01-15T15:33:07.781Z",
  "type": "request",
  "endpoint": "GET /games",
  "fullUrl": "https://staging.slotegrator.com/api/index.php/v1/games?page=17",
  "headers": {
    "X-Merchant-Id": "dbb46701285c1a2e24a0bf92f00501e5",
    "X-Timestamp": "1768491187",
    "X-Nonce": "13a822c9c40f4cae2511ed93c9f9d39b",
    "X-Sign": "0aec2b31...",
    "Accept": "application/json"
  },
  "body": null,
  "params": {
    "page": 17
  }
}
================================================================================

{
  "timestamp": "2026-01-15T15:33:08.218Z",
  "type": "request",
  "endpoint": "GET /games",
  "fullUrl": "https://staging.slotegrator.com/api/index.php/v1/games?page=18",
  "headers": {
    "X-Merchant-Id": "dbb46701285c1a2e24a0bf92f00501e5",
    "X-Timestamp": "1768491188",
    "X-Nonce": "bc9f3e79b27bf43ba5e105bb7d018984",
    "X-Sign": "d2932f5e...",
    "Accept": "application/json"
  },
  "body": null,
  "params": {
    "page": 18
  }
}
================================================================================

{
  "timestamp": "2026-01-15T15:33:08.666Z",
  "type": "request",
  "endpoint": "GET /games",
  "fullUrl": "https://staging.slotegrator.com/api/index.php/v1/games?page=19",
  "headers": {
    "X-Merchant-Id": "dbb46701285c1a2e24a0bf92f00501e5",
    "X-Timestamp": "1768491188",
    "X-Nonce": "8c714f487ea1f2bc322a81b230b48b60",
    "X-Sign": "7f688461...",
    "Accept": "application/json"
  },
  "body": null,
  "params": {
    "page": 19
  }
}
================================================================================

{
  "timestamp": "2026-01-15T15:33:09.132Z",
  "type": "request",
  "endpoint": "GET /games",
  "fullUrl": "https://staging.slotegrator.com/api/index.php/v1/games?page=20",
  "headers": {
    "X-Merchant-Id": "dbb46701285c1a2e24a0bf92f00501e5",
    "X-Timestamp": "1768491189",
    "X-Nonce": "4b66c090aeaab7a18760d7ec76ff353e",
    "X-Sign": "fe74dc49...",
    "Accept": "application/json"
  },
  "body": null,
  "params": {
    "page": 20
  }
}
================================================================================

{
  "timestamp": "2026-01-15T15:33:09.624Z",
  "type": "request",
  "endpoint": "GET /games",
  "fullUrl": "https://staging.slotegrator.com/api/index.php/v1/games?page=21",
  "headers": {
    "X-Merchant-Id": "dbb46701285c1a2e24a0bf92f00501e5",
    "X-Timestamp": "1768491189",
    "X-Nonce": "a3a5dca0ff5227654a7a37f1f7528a8f",
    "X-Sign": "89c1e6b9...",
    "Accept": "application/json"
  },
  "body": null,
  "params": {
    "page": 21
  }
}
================================================================================

{
  "timestamp": "2026-01-15T15:33:10.065Z",
  "type": "request",
  "endpoint": "GET /games",
  "fullUrl": "https://staging.slotegrator.com/api/index.php/v1/games?page=22",
  "headers": {
    "X-Merchant-Id": "dbb46701285c1a2e24a0bf92f00501e5",
    "X-Timestamp": "1768491190",
    "X-Nonce": "601d9c145f8af09e1cb8fa95d0e55aba",
    "X-Sign": "0fe76a51...",
    "Accept": "application/json"
  },
  "body": null,
  "params": {
    "page": 22
  }
}
================================================================================

{
  "timestamp": "2026-01-15T15:33:10.824Z",
  "type": "request",
  "endpoint": "GET /games",
  "fullUrl": "https://staging.slotegrator.com/api/index.php/v1/games?page=23",
  "headers": {
    "X-Merchant-Id": "dbb46701285c1a2e24a0bf92f00501e5",
    "X-Timestamp": "1768491190",
    "X-Nonce": "edee8848330f6288108e9f51251a4aba",
    "X-Sign": "8c666e75...",
    "Accept": "application/json"
  },
  "body": null,
  "params": {
    "page": 23
  }
}
================================================================================

{
  "timestamp": "2026-01-15T15:33:11.264Z",
  "type": "request",
  "endpoint": "GET /games",
  "fullUrl": "https://staging.slotegrator.com/api/index.php/v1/games?page=24",
  "headers": {
    "X-Merchant-Id": "dbb46701285c1a2e24a0bf92f00501e5",
    "X-Timestamp": "1768491191",
    "X-Nonce": "0ebec6ca6040fe066df958db14711d0b",
    "X-Sign": "1c964e48...",
    "Accept": "application/json"
  },
  "body": null,
  "params": {
    "page": 24
  }
}
================================================================================

{
  "timestamp": "2026-01-15T15:33:11.712Z",
  "type": "request",
  "endpoint": "GET /games",
  "fullUrl": "https://staging.slotegrator.com/api/index.php/v1/games?page=25",
  "headers": {
    "X-Merchant-Id": "dbb46701285c1a2e24a0bf92f00501e5",
    "X-Timestamp": "1768491191",
    "X-Nonce": "3038d27f7eb122ffddce9001c7e50348",
    "X-Sign": "ca742ff9...",
    "Accept": "application/json"
  },
  "body": null,
  "params": {
    "page": 25
  }
}
================================================================================

{
  "timestamp": "2026-01-15T15:33:12.173Z",
  "type": "request",
  "endpoint": "GET /games",
  "fullUrl": "https://staging.slotegrator.com/api/index.php/v1/games?page=26",
  "headers": {
    "X-Merchant-Id": "dbb46701285c1a2e24a0bf92f00501e5",
    "X-Timestamp": "1768491192",
    "X-Nonce": "94c319c5b7946a24e916104c38d523e5",
    "X-Sign": "3777978e...",
    "Accept": "application/json"
  },
  "body": null,
  "params": {
    "page": 26
  }
}
================================================================================

{
  "timestamp": "2026-01-15T15:33:12.614Z",
  "type": "request",
  "endpoint": "GET /games",
  "fullUrl": "https://staging.slotegrator.com/api/index.php/v1/games?page=27",
  "headers": {
    "X-Merchant-Id": "dbb46701285c1a2e24a0bf92f00501e5",
    "X-Timestamp": "1768491192",
    "X-Nonce": "795d5d7e738bf3ce923d2b42c6806113",
    "X-Sign": "a335613c...",
    "Accept": "application/json"
  },
  "body": null,
  "params": {
    "page": 27
  }
}
================================================================================

{
  "timestamp": "2026-01-15T15:33:13.151Z",
  "type": "request",
  "endpoint": "GET /games",
  "fullUrl": "https://staging.slotegrator.com/api/index.php/v1/games?page=28",
  "headers": {
    "X-Merchant-Id": "dbb46701285c1a2e24a0bf92f00501e5",
    "X-Timestamp": "1768491193",
    "X-Nonce": "2759f7656e579b29d16c27496768c15f",
    "X-Sign": "42056756...",
    "Accept": "application/json"
  },
  "body": null,
  "params": {
    "page": 28
  }
}
================================================================================

{
  "timestamp": "2026-01-15T15:33:13.680Z",
  "type": "request",
  "endpoint": "GET /games",
  "fullUrl": "https://staging.slotegrator.com/api/index.php/v1/games?page=29",
  "headers": {
    "X-Merchant-Id": "dbb46701285c1a2e24a0bf92f00501e5",
    "X-Timestamp": "1768491193",
    "X-Nonce": "586d787c1a3fc1d6471463a21256745f",
    "X-Sign": "01ed94bb...",
    "Accept": "application/json"
  },
  "body": null,
  "params": {
    "page": 29
  }
}
================================================================================

{
  "timestamp": "2026-01-15T15:33:14.147Z",
  "type": "request",
  "endpoint": "GET /games",
  "fullUrl": "https://staging.slotegrator.com/api/index.php/v1/games?page=30",
  "headers": {
    "X-Merchant-Id": "dbb46701285c1a2e24a0bf92f00501e5",
    "X-Timestamp": "1768491194",
    "X-Nonce": "f4a6bd6bfc4c8350a03132c814e8403e",
    "X-Sign": "0c3747c2...",
    "Accept": "application/json"
  },
  "body": null,
  "params": {
    "page": 30
  }
}
================================================================================

{
  "timestamp": "2026-01-15T15:33:18.606Z",
  "type": "request",
  "endpoint": "GET /limits",
  "fullUrl": "https://staging.slotegrator.com/api/index.php/v1/limits",
  "headers": {
    "X-Merchant-Id": "dbb46701285c1a2e24a0bf92f00501e5",
    "X-Timestamp": "1768491198",
    "X-Nonce": "b50a85c365c8b10fe7edbb81af3aa88d",
    "X-Sign": "65000253...",
    "Accept": "application/json"
  },
  "body": null,
  "params": null
}
================================================================================

{
  "timestamp": "2026-01-15T15:33:18.751Z",
  "type": "request",
  "endpoint": "GET /games",
  "fullUrl": "https://staging.slotegrator.com/api/index.php/v1/games",
  "headers": {
    "X-Merchant-Id": "dbb46701285c1a2e24a0bf92f00501e5",
    "X-Timestamp": "1768491198",
    "X-Nonce": "6b91d3a084eda5f0f2f3172fe9541752",
    "X-Sign": "a906eb8c...",
    "Accept": "application/json"
  },
  "body": null,
  "params": null
}
================================================================================

{
  "timestamp": "2026-01-15T15:33:18.756Z",
  "type": "request",
  "endpoint": "GET /games",
  "fullUrl": "https://staging.slotegrator.com/api/index.php/v1/games",
  "headers": {
    "X-Merchant-Id": "dbb46701285c1a2e24a0bf92f00501e5",
    "X-Timestamp": "1768491198",
    "X-Nonce": "285d010835d56f28759b2ee19fc7de2c",
    "X-Sign": "aa280ce3...",
    "Accept": "application/json"
  },
  "body": null,
  "params": null
}
================================================================================

{
  "timestamp": "2026-01-15T15:33:19.198Z",
  "type": "request",
  "endpoint": "GET /games",
  "fullUrl": "https://staging.slotegrator.com/api/index.php/v1/games?page=2",
  "headers": {
    "X-Merchant-Id": "dbb46701285c1a2e24a0bf92f00501e5",
    "X-Timestamp": "1768491199",
    "X-Nonce": "6b800efdb60be87d1308d4ee31a49dee",
    "X-Sign": "e368ef27...",
    "Accept": "application/json"
  },
  "body": null,
  "params": {
    "page": 2
  }
}
================================================================================

{
  "timestamp": "2026-01-15T15:33:19.739Z",
  "type": "request",
  "endpoint": "GET /games",
  "fullUrl": "https://staging.slotegrator.com/api/index.php/v1/games?page=3",
  "headers": {
    "X-Merchant-Id": "dbb46701285c1a2e24a0bf92f00501e5",
    "X-Timestamp": "1768491199",
    "X-Nonce": "aa5a82e5f38de59895e82b59e7fd7228",
    "X-Sign": "fb8fab33...",
    "Accept": "application/json"
  },
  "body": null,
  "params": {
    "page": 3
  }
}
================================================================================

{
  "timestamp": "2026-01-15T15:33:19.818Z",
  "type": "request",
  "endpoint": "GET /games",
  "fullUrl": "https://staging.slotegrator.com/api/index.php/v1/games?page=2",
  "headers": {
    "X-Merchant-Id": "dbb46701285c1a2e24a0bf92f00501e5",
    "X-Timestamp": "1768491199",
    "X-Nonce": "6c6ad5de3bdaa4776f32d7978eb085f4",
    "X-Sign": "d198135a...",
    "Accept": "application/json"
  },
  "body": null,
  "params": {
    "page": 2
  }
}
================================================================================

{
  "timestamp": "2026-01-15T15:33:20.363Z",
  "type": "request",
  "endpoint": "GET /games",
  "fullUrl": "https://staging.slotegrator.com/api/index.php/v1/games?page=4",
  "headers": {
    "X-Merchant-Id": "dbb46701285c1a2e24a0bf92f00501e5",
    "X-Timestamp": "1768491200",
    "X-Nonce": "0fd9c26b63e24a66a373c062485a30eb",
    "X-Sign": "c8eb7c99...",
    "Accept": "application/json"
  },
  "body": null,
  "params": {
    "page": 4
  }
}
================================================================================

{
  "timestamp": "2026-01-15T15:33:20.411Z",
  "type": "request",
  "endpoint": "GET /games",
  "fullUrl": "https://staging.slotegrator.com/api/index.php/v1/games?page=3",
  "headers": {
    "X-Merchant-Id": "dbb46701285c1a2e24a0bf92f00501e5",
    "X-Timestamp": "1768491200",
    "X-Nonce": "827c7b2393e2baeef0130944f2b1d4c7",
    "X-Sign": "e6161f11...",
    "Accept": "application/json"
  },
  "body": null,
  "params": {
    "page": 3
  }
}
================================================================================

{
  "timestamp": "2026-01-15T15:33:20.858Z",
  "type": "request",
  "endpoint": "GET /games",
  "fullUrl": "https://staging.slotegrator.com/api/index.php/v1/games?page=5",
  "headers": {
    "X-Merchant-Id": "dbb46701285c1a2e24a0bf92f00501e5",
    "X-Timestamp": "1768491200",
    "X-Nonce": "e46417735eb1006ea7a39567acca25cb",
    "X-Sign": "7f558bba...",
    "Accept": "application/json"
  },
  "body": null,
  "params": {
    "page": 5
  }
}
================================================================================

{
  "timestamp": "2026-01-15T15:33:21.001Z",
  "type": "request",
  "endpoint": "GET /games",
  "fullUrl": "https://staging.slotegrator.com/api/index.php/v1/games?page=4",
  "headers": {
    "X-Merchant-Id": "dbb46701285c1a2e24a0bf92f00501e5",
    "X-Timestamp": "1768491201",
    "X-Nonce": "e334510210bdf283d20189eb46f5cfbf",
    "X-Sign": "4688a5f9...",
    "Accept": "application/json"
  },
  "body": null,
  "params": {
    "page": 4
  }
}
================================================================================

{
  "timestamp": "2026-01-15T15:33:21.336Z",
  "type": "request",
  "endpoint": "GET /games",
  "fullUrl": "https://staging.slotegrator.com/api/index.php/v1/games",
  "headers": {
    "X-Merchant-Id": "dbb46701285c1a2e24a0bf92f00501e5",
    "X-Timestamp": "1768491201",
    "X-Nonce": "98c70f8d9150b355f4a1e825b4ef3413",
    "X-Sign": "d4010fd1...",
    "Accept": "application/json"
  },
  "body": null,
  "params": null
}
================================================================================

{
  "timestamp": "2026-01-15T15:33:21.565Z",
  "type": "request",
  "endpoint": "GET /games",
  "fullUrl": "https://staging.slotegrator.com/api/index.php/v1/games?page=5",
  "headers": {
    "X-Merchant-Id": "dbb46701285c1a2e24a0bf92f00501e5",
    "X-Timestamp": "1768491201",
    "X-Nonce": "54a868d453bf0917f7e46f15baa2ba22",
    "X-Sign": "02231927...",
    "Accept": "application/json"
  },
  "body": null,
  "params": {
    "page": 5
  }
}
================================================================================

{
  "timestamp": "2026-01-15T15:33:21.830Z",
  "type": "request",
  "endpoint": "GET /games",
  "fullUrl": "https://staging.slotegrator.com/api/index.php/v1/games?page=2",
  "headers": {
    "X-Merchant-Id": "dbb46701285c1a2e24a0bf92f00501e5",
    "X-Timestamp": "1768491201",
    "X-Nonce": "af79d53e26bb3bda7a438977a22924d0",
    "X-Sign": "e5532275...",
    "Accept": "application/json"
  },
  "body": null,
  "params": {
    "page": 2
  }
}
================================================================================

{
  "timestamp": "2026-01-15T15:33:22.090Z",
  "type": "request",
  "endpoint": "GET /games",
  "fullUrl": "https://staging.slotegrator.com/api/index.php/v1/games",
  "headers": {
    "X-Merchant-Id": "dbb46701285c1a2e24a0bf92f00501e5",
    "X-Timestamp": "1768491202",
    "X-Nonce": "52f602c6473d68423cf463808d2cc8a3",
    "X-Sign": "52ae3343...",
    "Accept": "application/json"
  },
  "body": null,
  "params": null
}
================================================================================

{
  "timestamp": "2026-01-15T15:33:22.286Z",
  "type": "request",
  "endpoint": "GET /games",
  "fullUrl": "https://staging.slotegrator.com/api/index.php/v1/games?page=3",
  "headers": {
    "X-Merchant-Id": "dbb46701285c1a2e24a0bf92f00501e5",
    "X-Timestamp": "1768491202",
    "X-Nonce": "057cd092224d539a6aaad39daa91b7a4",
    "X-Sign": "aeb98eb2...",
    "Accept": "application/json"
  },
  "body": null,
  "params": {
    "page": 3
  }
}
================================================================================

{
  "timestamp": "2026-01-15T15:33:22.633Z",
  "type": "request",
  "endpoint": "GET /games",
  "fullUrl": "https://staging.slotegrator.com/api/index.php/v1/games?page=2",
  "headers": {
    "X-Merchant-Id": "dbb46701285c1a2e24a0bf92f00501e5",
    "X-Timestamp": "1768491202",
    "X-Nonce": "003681cf22c3cef4a0c9aac21daa7709",
    "X-Sign": "d1d696e0...",
    "Accept": "application/json"
  },
  "body": null,
  "params": {
    "page": 2
  }
}
================================================================================

{
  "timestamp": "2026-01-15T15:33:22.731Z",
  "type": "request",
  "endpoint": "GET /games",
  "fullUrl": "https://staging.slotegrator.com/api/index.php/v1/games?page=4",
  "headers": {
    "X-Merchant-Id": "dbb46701285c1a2e24a0bf92f00501e5",
    "X-Timestamp": "1768491202",
    "X-Nonce": "9daee2dfcad05a4a836fe917fe3943e3",
    "X-Sign": "286c12af...",
    "Accept": "application/json"
  },
  "body": null,
  "params": {
    "page": 4
  }
}
================================================================================

{
  "timestamp": "2026-01-15T15:33:23.212Z",
  "type": "request",
  "endpoint": "GET /games",
  "fullUrl": "https://staging.slotegrator.com/api/index.php/v1/games?page=3",
  "headers": {
    "X-Merchant-Id": "dbb46701285c1a2e24a0bf92f00501e5",
    "X-Timestamp": "1768491203",
    "X-Nonce": "4f8568faa2d0d81c9558eacd32db0bdc",
    "X-Sign": "85eb3231...",
    "Accept": "application/json"
  },
  "body": null,
  "params": {
    "page": 3
  }
}
================================================================================

{
  "timestamp": "2026-01-15T15:33:23.266Z",
  "type": "request",
  "endpoint": "GET /games",
  "fullUrl": "https://staging.slotegrator.com/api/index.php/v1/games?page=5",
  "headers": {
    "X-Merchant-Id": "dbb46701285c1a2e24a0bf92f00501e5",
    "X-Timestamp": "1768491203",
    "X-Nonce": "96deb99b60c8be1c26e5f3ff2e3bebed",
    "X-Sign": "7598f5d0...",
    "Accept": "application/json"
  },
  "body": null,
  "params": {
    "page": 5
  }
}
================================================================================

{
  "timestamp": "2026-01-15T15:33:23.666Z",
  "type": "request",
  "endpoint": "GET /games",
  "fullUrl": "https://staging.slotegrator.com/api/index.php/v1/games?page=4",
  "headers": {
    "X-Merchant-Id": "dbb46701285c1a2e24a0bf92f00501e5",
    "X-Timestamp": "1768491203",
    "X-Nonce": "a4cbde35fc686365499c5189b07c821f",
    "X-Sign": "8cf99a2e...",
    "Accept": "application/json"
  },
  "body": null,
  "params": {
    "page": 4
  }
}
================================================================================

{
  "timestamp": "2026-01-15T15:33:23.848Z",
  "type": "request",
  "endpoint": "GET /games",
  "fullUrl": "https://staging.slotegrator.com/api/index.php/v1/games?page=6",
  "headers": {
    "X-Merchant-Id": "dbb46701285c1a2e24a0bf92f00501e5",
    "X-Timestamp": "1768491203",
    "X-Nonce": "fbe7defe8ebb7902ca9baeb68f62bb10",
    "X-Sign": "6d027f76...",
    "Accept": "application/json"
  },
  "body": null,
  "params": {
    "page": 6
  }
}
================================================================================

{
  "timestamp": "2026-01-15T15:33:24.117Z",
  "type": "request",
  "endpoint": "GET /games",
  "fullUrl": "https://staging.slotegrator.com/api/index.php/v1/games?page=5",
  "headers": {
    "X-Merchant-Id": "dbb46701285c1a2e24a0bf92f00501e5",
    "X-Timestamp": "1768491204",
    "X-Nonce": "913a3cd9b652e46b893f0f2284a37fb2",
    "X-Sign": "73f50d52...",
    "Accept": "application/json"
  },
  "body": null,
  "params": {
    "page": 5
  }
}
================================================================================

{
  "timestamp": "2026-01-15T15:33:24.366Z",
  "type": "request",
  "endpoint": "GET /games",
  "fullUrl": "https://staging.slotegrator.com/api/index.php/v1/games?page=7",
  "headers": {
    "X-Merchant-Id": "dbb46701285c1a2e24a0bf92f00501e5",
    "X-Timestamp": "1768491204",
    "X-Nonce": "a09241c6dabd578411e3f2ec08a45c1d",
    "X-Sign": "f93d5ee5...",
    "Accept": "application/json"
  },
  "body": null,
  "params": {
    "page": 7
  }
}
================================================================================

{
  "timestamp": "2026-01-15T15:33:24.551Z",
  "type": "request",
  "endpoint": "GET /games",
  "fullUrl": "https://staging.slotegrator.com/api/index.php/v1/games?page=6",
  "headers": {
    "X-Merchant-Id": "dbb46701285c1a2e24a0bf92f00501e5",
    "X-Timestamp": "1768491204",
    "X-Nonce": "4638045ba549e15cf4c4f0d3fb66d0a8",
    "X-Sign": "c9a4047b...",
    "Accept": "application/json"
  },
  "body": null,
  "params": {
    "page": 6
  }
}
================================================================================

{
  "timestamp": "2026-01-15T15:33:24.864Z",
  "type": "request",
  "endpoint": "GET /games",
  "fullUrl": "https://staging.slotegrator.com/api/index.php/v1/games?page=8",
  "headers": {
    "X-Merchant-Id": "dbb46701285c1a2e24a0bf92f00501e5",
    "X-Timestamp": "1768491204",
    "X-Nonce": "6163aa635353de4400fabf20df455c8d",
    "X-Sign": "8fea9d12...",
    "Accept": "application/json"
  },
  "body": null,
  "params": {
    "page": 8
  }
}
================================================================================

{
  "timestamp": "2026-01-15T15:33:25.014Z",
  "type": "request",
  "endpoint": "GET /games",
  "fullUrl": "https://staging.slotegrator.com/api/index.php/v1/games?page=7",
  "headers": {
    "X-Merchant-Id": "dbb46701285c1a2e24a0bf92f00501e5",
    "X-Timestamp": "1768491205",
    "X-Nonce": "835a8d00be9232341757635a4d332235",
    "X-Sign": "518ae008...",
    "Accept": "application/json"
  },
  "body": null,
  "params": {
    "page": 7
  }
}
================================================================================

{
  "timestamp": "2026-01-15T15:33:25.505Z",
  "type": "request",
  "endpoint": "GET /games",
  "fullUrl": "https://staging.slotegrator.com/api/index.php/v1/games?page=9",
  "headers": {
    "X-Merchant-Id": "dbb46701285c1a2e24a0bf92f00501e5",
    "X-Timestamp": "1768491205",
    "X-Nonce": "9695e7d9208881748ddfd0e2d33ba554",
    "X-Sign": "3e6b495a...",
    "Accept": "application/json"
  },
  "body": null,
  "params": {
    "page": 9
  }
}
================================================================================

{
  "timestamp": "2026-01-15T15:33:25.608Z",
  "type": "request",
  "endpoint": "GET /games",
  "fullUrl": "https://staging.slotegrator.com/api/index.php/v1/games?page=8",
  "headers": {
    "X-Merchant-Id": "dbb46701285c1a2e24a0bf92f00501e5",
    "X-Timestamp": "1768491205",
    "X-Nonce": "b8cdbe99e52c4c0df5f295a445b7341e",
    "X-Sign": "00d9a507...",
    "Accept": "application/json"
  },
  "body": null,
  "params": {
    "page": 8
  }
}
================================================================================

{
  "timestamp": "2026-01-15T15:33:26.076Z",
  "type": "request",
  "endpoint": "GET /games",
  "fullUrl": "https://staging.slotegrator.com/api/index.php/v1/games?page=10",
  "headers": {
    "X-Merchant-Id": "dbb46701285c1a2e24a0bf92f00501e5",
    "X-Timestamp": "1768491206",
    "X-Nonce": "cf96c21b4d518c2f4982e78a2ec82887",
    "X-Sign": "019cbd25...",
    "Accept": "application/json"
  },
  "body": null,
  "params": {
    "page": 10
  }
}
================================================================================

{
  "timestamp": "2026-01-15T15:33:26.115Z",
  "type": "request",
  "endpoint": "GET /games",
  "fullUrl": "https://staging.slotegrator.com/api/index.php/v1/games?page=9",
  "headers": {
    "X-Merchant-Id": "dbb46701285c1a2e24a0bf92f00501e5",
    "X-Timestamp": "1768491206",
    "X-Nonce": "1f8b8408fa1e0bd03bdff01b7c90a9c4",
    "X-Sign": "dc3139a6...",
    "Accept": "application/json"
  },
  "body": null,
  "params": {
    "page": 9
  }
}
================================================================================

{
  "timestamp": "2026-01-15T15:33:26.521Z",
  "type": "request",
  "endpoint": "POST /games/init",
  "fullUrl": "https://staging.slotegrator.com/api/index.php/v1/games/init",
  "headers": {
    "X-Merchant-Id": "dbb46701285c1a2e24a0bf92f00501e5",
    "X-Timestamp": "1768491206",
    "X-Nonce": "1f1f332be61d4340247164f0e6fb504f",
    "X-Sign": "85facdcf...",
    "Accept": "application/json",
    "Content-Type": "application/x-www-form-urlencoded"
  },
  "body": "game_uuid=7487f0fac9049c9ee0dd0635a8ce5f5bfe04cd15&player_id=q92o3gyn8kOF5pE7BW-pk&player_name=wissal&currency=USD&session_id=session_q92o3gyn8kOF5pE7BW-pk_1768491206497_c2wx6&device=desktop&return_url=https%3A%2F%2Fboztestarea.ngrok.app&language=fr&email=wissal%40gmail.com",
  "params": {
    "game_uuid": "7487f0fac9049c9ee0dd0635a8ce5f5bfe04cd15",
    "player_id": "q92o3gyn8kOF5pE7BW-pk",
    "player_name": "wissal",
    "currency": "USD",
    "session_id": "session_q92o3gyn8kOF5pE7BW-pk_1768491206497_c2wx6",
    "device": "desktop",
    "return_url": "https://boztestarea.ngrok.app",
    "language": "fr",
    "email": "wissal@gmail.com"
  }
}
================================================================================

{
  "timestamp": "2026-01-15T15:33:26.631Z",
  "type": "request",
  "endpoint": "GET /games",
  "fullUrl": "https://staging.slotegrator.com/api/index.php/v1/games?page=10",
  "headers": {
    "X-Merchant-Id": "dbb46701285c1a2e24a0bf92f00501e5",
    "X-Timestamp": "1768491206",
    "X-Nonce": "e897ee11b19dbfd71cdf3ad665b1e367",
    "X-Sign": "fb4fff82...",
    "Accept": "application/json"
  },
  "body": null,
  "params": {
    "page": 10
  }
}
================================================================================

{
  "timestamp": "2026-01-15T15:33:27.134Z",
  "type": "request",
  "endpoint": "POST /games/init",
  "fullUrl": "https://staging.slotegrator.com/api/index.php/v1/games/init",
  "headers": {
    "X-Merchant-Id": "dbb46701285c1a2e24a0bf92f00501e5",
    "X-Timestamp": "1768491207",
    "X-Nonce": "4a28ecca42bcb986319bdf7f9d2522f5",
    "X-Sign": "bf6ca37a...",
    "Accept": "application/json",
    "Content-Type": "application/x-www-form-urlencoded"
  },
  "body": "game_uuid=7487f0fac9049c9ee0dd0635a8ce5f5bfe04cd15&player_id=q92o3gyn8kOF5pE7BW-pk&player_name=wissal&currency=USD&session_id=session_q92o3gyn8kOF5pE7BW-pk_1768491207133_1rt4bt&device=desktop&return_url=https%3A%2F%2Fboztestarea.ngrok.app&language=fr&email=wissal%40gmail.com",
  "params": {
    "game_uuid": "7487f0fac9049c9ee0dd0635a8ce5f5bfe04cd15",
    "player_id": "q92o3gyn8kOF5pE7BW-pk",
    "player_name": "wissal",
    "currency": "USD",
    "session_id": "session_q92o3gyn8kOF5pE7BW-pk_1768491207133_1rt4bt",
    "device": "desktop",
    "return_url": "https://boztestarea.ngrok.app",
    "language": "fr",
    "email": "wissal@gmail.com"
  }
}
================================================================================

{
  "timestamp": "2026-01-15T15:33:54.705Z",
  "type": "request",
  "endpoint": "GET /limits",
  "fullUrl": "https://staging.slotegrator.com/api/index.php/v1/limits",
  "headers": {
    "X-Merchant-Id": "dbb46701285c1a2e24a0bf92f00501e5",
    "X-Timestamp": "1768491234",
    "X-Nonce": "e7e34266a3fa3224c5754bca5fe6491e",
    "X-Sign": "9e157ae4...",
    "Accept": "application/json"
  },
  "body": null,
  "params": null
}
================================================================================

{
  "timestamp": "2026-01-15T15:33:55.138Z",
  "type": "request",
  "endpoint": "GET /games",
  "fullUrl": "https://staging.slotegrator.com/api/index.php/v1/games",
  "headers": {
    "X-Merchant-Id": "dbb46701285c1a2e24a0bf92f00501e5",
    "X-Timestamp": "1768491235",
    "X-Nonce": "f0d0630dcb4f924ed920a2bc29983105",
    "X-Sign": "74f12e0f...",
    "Accept": "application/json"
  },
  "body": null,
  "params": null
}
================================================================================

{
  "timestamp": "2026-01-15T15:33:55.142Z",
  "type": "request",
  "endpoint": "GET /games",
  "fullUrl": "https://staging.slotegrator.com/api/index.php/v1/games",
  "headers": {
    "X-Merchant-Id": "dbb46701285c1a2e24a0bf92f00501e5",
    "X-Timestamp": "1768491235",
    "X-Nonce": "e204dd13db529df038918f7f58a21172",
    "X-Sign": "4af382ac...",
    "Accept": "application/json"
  },
  "body": null,
  "params": null
}
================================================================================

{
  "timestamp": "2026-01-15T15:33:55.612Z",
  "type": "request",
  "endpoint": "GET /games",
  "fullUrl": "https://staging.slotegrator.com/api/index.php/v1/games?page=2",
  "headers": {
    "X-Merchant-Id": "dbb46701285c1a2e24a0bf92f00501e5",
    "X-Timestamp": "1768491235",
    "X-Nonce": "49e5bd42ab1563f959ddfd0413490d35",
    "X-Sign": "f3821683...",
    "Accept": "application/json"
  },
  "body": null,
  "params": {
    "page": 2
  }
}
================================================================================

{
  "timestamp": "2026-01-15T15:33:55.815Z",
  "type": "request",
  "endpoint": "GET /games",
  "fullUrl": "https://staging.slotegrator.com/api/index.php/v1/games?page=2",
  "headers": {
    "X-Merchant-Id": "dbb46701285c1a2e24a0bf92f00501e5",
    "X-Timestamp": "1768491235",
    "X-Nonce": "0a9bec8caa19cbca48a78d30cb38cd28",
    "X-Sign": "74b5ecf0...",
    "Accept": "application/json"
  },
  "body": null,
  "params": {
    "page": 2
  }
}
================================================================================

{
  "timestamp": "2026-01-15T15:33:56.125Z",
  "type": "request",
  "endpoint": "GET /games",
  "fullUrl": "https://staging.slotegrator.com/api/index.php/v1/games?page=3",
  "headers": {
    "X-Merchant-Id": "dbb46701285c1a2e24a0bf92f00501e5",
    "X-Timestamp": "1768491236",
    "X-Nonce": "ca33abc59e5e8b814bd2dbd3db4ddec5",
    "X-Sign": "49a2b3cb...",
    "Accept": "application/json"
  },
  "body": null,
  "params": {
    "page": 3
  }
}
================================================================================

{
  "timestamp": "2026-01-15T15:33:56.281Z",
  "type": "request",
  "endpoint": "GET /games",
  "fullUrl": "https://staging.slotegrator.com/api/index.php/v1/games?page=3",
  "headers": {
    "X-Merchant-Id": "dbb46701285c1a2e24a0bf92f00501e5",
    "X-Timestamp": "1768491236",
    "X-Nonce": "74f802eb552e9d1cbe42dfaa00bb6fcb",
    "X-Sign": "d82c74e9...",
    "Accept": "application/json"
  },
  "body": null,
  "params": {
    "page": 3
  }
}
================================================================================

{
  "timestamp": "2026-01-15T15:33:56.658Z",
  "type": "request",
  "endpoint": "GET /games",
  "fullUrl": "https://staging.slotegrator.com/api/index.php/v1/games?page=4",
  "headers": {
    "X-Merchant-Id": "dbb46701285c1a2e24a0bf92f00501e5",
    "X-Timestamp": "1768491236",
    "X-Nonce": "e3680bbd73f1fc72fa17d8d316087c25",
    "X-Sign": "dd8a028e...",
    "Accept": "application/json"
  },
  "body": null,
  "params": {
    "page": 4
  }
}
================================================================================

{
  "timestamp": "2026-01-15T15:33:56.808Z",
  "type": "request",
  "endpoint": "GET /games",
  "fullUrl": "https://staging.slotegrator.com/api/index.php/v1/games?page=4",
  "headers": {
    "X-Merchant-Id": "dbb46701285c1a2e24a0bf92f00501e5",
    "X-Timestamp": "1768491236",
    "X-Nonce": "419d987c5f729a0580257f3511b5fa3f",
    "X-Sign": "e52b8720...",
    "Accept": "application/json"
  },
  "body": null,
  "params": {
    "page": 4
  }
}
================================================================================

{
  "timestamp": "2026-01-15T15:33:57.108Z",
  "type": "request",
  "endpoint": "GET /games",
  "fullUrl": "https://staging.slotegrator.com/api/index.php/v1/games?page=5",
  "headers": {
    "X-Merchant-Id": "dbb46701285c1a2e24a0bf92f00501e5",
    "X-Timestamp": "1768491237",
    "X-Nonce": "bf3d8bd63a35aff58393c436cc4448b2",
    "X-Sign": "363b65f7...",
    "Accept": "application/json"
  },
  "body": null,
  "params": {
    "page": 5
  }
}
================================================================================

{
  "timestamp": "2026-01-15T15:33:57.408Z",
  "type": "request",
  "endpoint": "GET /games",
  "fullUrl": "https://staging.slotegrator.com/api/index.php/v1/games?page=5",
  "headers": {
    "X-Merchant-Id": "dbb46701285c1a2e24a0bf92f00501e5",
    "X-Timestamp": "1768491237",
    "X-Nonce": "f88dba7f47c797ba24371871639afa78",
    "X-Sign": "2c88b010...",
    "Accept": "application/json"
  },
  "body": null,
  "params": {
    "page": 5
  }
}
================================================================================

{
  "timestamp": "2026-01-15T15:33:57.566Z",
  "type": "request",
  "endpoint": "GET /games",
  "fullUrl": "https://staging.slotegrator.com/api/index.php/v1/games",
  "headers": {
    "X-Merchant-Id": "dbb46701285c1a2e24a0bf92f00501e5",
    "X-Timestamp": "1768491237",
    "X-Nonce": "cd65d76e9ce279cc3de336d185d5e295",
    "X-Sign": "b91fbb11...",
    "Accept": "application/json"
  },
  "body": null,
  "params": null
}
================================================================================

{
  "timestamp": "2026-01-15T15:33:57.876Z",
  "type": "request",
  "endpoint": "GET /games",
  "fullUrl": "https://staging.slotegrator.com/api/index.php/v1/games",
  "headers": {
    "X-Merchant-Id": "dbb46701285c1a2e24a0bf92f00501e5",
    "X-Timestamp": "1768491237",
    "X-Nonce": "96262603424e7c8d3952d0232362ff9d",
    "X-Sign": "75d533e5...",
    "Accept": "application/json"
  },
  "body": null,
  "params": null
}
================================================================================

{
  "timestamp": "2026-01-15T15:33:58.059Z",
  "type": "request",
  "endpoint": "GET /games",
  "fullUrl": "https://staging.slotegrator.com/api/index.php/v1/games?page=2",
  "headers": {
    "X-Merchant-Id": "dbb46701285c1a2e24a0bf92f00501e5",
    "X-Timestamp": "1768491238",
    "X-Nonce": "c449600658ef44d4380e62b8620cbeab",
    "X-Sign": "bbf1a2a2...",
    "Accept": "application/json"
  },
  "body": null,
  "params": {
    "page": 2
  }
}
================================================================================

{
  "timestamp": "2026-01-15T15:33:58.324Z",
  "type": "request",
  "endpoint": "GET /games",
  "fullUrl": "https://staging.slotegrator.com/api/index.php/v1/games?page=2",
  "headers": {
    "X-Merchant-Id": "dbb46701285c1a2e24a0bf92f00501e5",
    "X-Timestamp": "1768491238",
    "X-Nonce": "b8bc2ba196e7b3797a9ccef28029fbf4",
    "X-Sign": "785999b6...",
    "Accept": "application/json"
  },
  "body": null,
  "params": {
    "page": 2
  }
}
================================================================================

{
  "timestamp": "2026-01-15T15:33:58.591Z",
  "type": "request",
  "endpoint": "GET /games",
  "fullUrl": "https://staging.slotegrator.com/api/index.php/v1/games?page=3",
  "headers": {
    "X-Merchant-Id": "dbb46701285c1a2e24a0bf92f00501e5",
    "X-Timestamp": "1768491238",
    "X-Nonce": "63ef1c142328b581a7cd82b3c44f5793",
    "X-Sign": "10010e16...",
    "Accept": "application/json"
  },
  "body": null,
  "params": {
    "page": 3
  }
}
================================================================================

{
  "timestamp": "2026-01-15T15:33:58.841Z",
  "type": "request",
  "endpoint": "GET /games",
  "fullUrl": "https://staging.slotegrator.com/api/index.php/v1/games?page=3",
  "headers": {
    "X-Merchant-Id": "dbb46701285c1a2e24a0bf92f00501e5",
    "X-Timestamp": "1768491238",
    "X-Nonce": "b082b6b7aad8f8a5bdc1a1d9abb598dc",
    "X-Sign": "9a596304...",
    "Accept": "application/json"
  },
  "body": null,
  "params": {
    "page": 3
  }
}
================================================================================

{
  "timestamp": "2026-01-15T15:33:59.057Z",
  "type": "request",
  "endpoint": "GET /games",
  "fullUrl": "https://staging.slotegrator.com/api/index.php/v1/games?page=4",
  "headers": {
    "X-Merchant-Id": "dbb46701285c1a2e24a0bf92f00501e5",
    "X-Timestamp": "1768491239",
    "X-Nonce": "8c829fa8a21a0663d59d3c884a28fa10",
    "X-Sign": "a4850cca...",
    "Accept": "application/json"
  },
  "body": null,
  "params": {
    "page": 4
  }
}
================================================================================

{
  "timestamp": "2026-01-15T15:33:59.357Z",
  "type": "request",
  "endpoint": "GET /games",
  "fullUrl": "https://staging.slotegrator.com/api/index.php/v1/games?page=4",
  "headers": {
    "X-Merchant-Id": "dbb46701285c1a2e24a0bf92f00501e5",
    "X-Timestamp": "1768491239",
    "X-Nonce": "59c3c394f0359c0e625267affd433561",
    "X-Sign": "b2a10d44...",
    "Accept": "application/json"
  },
  "body": null,
  "params": {
    "page": 4
  }
}
================================================================================

{
  "timestamp": "2026-01-15T15:33:59.591Z",
  "type": "request",
  "endpoint": "GET /games",
  "fullUrl": "https://staging.slotegrator.com/api/index.php/v1/games?page=5",
  "headers": {
    "X-Merchant-Id": "dbb46701285c1a2e24a0bf92f00501e5",
    "X-Timestamp": "1768491239",
    "X-Nonce": "f1b836cb860283c0a257baeb5c533d32",
    "X-Sign": "731a31d9...",
    "Accept": "application/json"
  },
  "body": null,
  "params": {
    "page": 5
  }
}
================================================================================

{
  "timestamp": "2026-01-15T15:33:59.858Z",
  "type": "request",
  "endpoint": "GET /games",
  "fullUrl": "https://staging.slotegrator.com/api/index.php/v1/games?page=5",
  "headers": {
    "X-Merchant-Id": "dbb46701285c1a2e24a0bf92f00501e5",
    "X-Timestamp": "1768491239",
    "X-Nonce": "a86dd2c914f12706bd4cd44942532417",
    "X-Sign": "36e4483a...",
    "Accept": "application/json"
  },
  "body": null,
  "params": {
    "page": 5
  }
}
================================================================================

{
  "timestamp": "2026-01-15T15:34:00.078Z",
  "type": "request",
  "endpoint": "GET /games",
  "fullUrl": "https://staging.slotegrator.com/api/index.php/v1/games?page=6",
  "headers": {
    "X-Merchant-Id": "dbb46701285c1a2e24a0bf92f00501e5",
    "X-Timestamp": "1768491240",
    "X-Nonce": "5f2e70f19a5ccc74b486b0f6f1db4646",
    "X-Sign": "d9c153de...",
    "Accept": "application/json"
  },
  "body": null,
  "params": {
    "page": 6
  }
}
================================================================================

{
  "timestamp": "2026-01-15T15:34:00.354Z",
  "type": "request",
  "endpoint": "GET /games",
  "fullUrl": "https://staging.slotegrator.com/api/index.php/v1/games?page=6",
  "headers": {
    "X-Merchant-Id": "dbb46701285c1a2e24a0bf92f00501e5",
    "X-Timestamp": "1768491240",
    "X-Nonce": "aa7707e87f6891a3d306c424d2d357f2",
    "X-Sign": "564221f2...",
    "Accept": "application/json"
  },
  "body": null,
  "params": {
    "page": 6
  }
}
================================================================================

{
  "timestamp": "2026-01-15T15:34:00.569Z",
  "type": "request",
  "endpoint": "GET /games",
  "fullUrl": "https://staging.slotegrator.com/api/index.php/v1/games?page=7",
  "headers": {
    "X-Merchant-Id": "dbb46701285c1a2e24a0bf92f00501e5",
    "X-Timestamp": "1768491240",
    "X-Nonce": "6cf982cc29d292741e2d040e887ed908",
    "X-Sign": "bc7c2a35...",
    "Accept": "application/json"
  },
  "body": null,
  "params": {
    "page": 7
  }
}
================================================================================

{
  "timestamp": "2026-01-15T15:34:00.808Z",
  "type": "request",
  "endpoint": "GET /games",
  "fullUrl": "https://staging.slotegrator.com/api/index.php/v1/games?page=7",
  "headers": {
    "X-Merchant-Id": "dbb46701285c1a2e24a0bf92f00501e5",
    "X-Timestamp": "1768491240",
    "X-Nonce": "7976ae67c02eb03b88c64a6553a22843",
    "X-Sign": "71552bf3...",
    "Accept": "application/json"
  },
  "body": null,
  "params": {
    "page": 7
  }
}
================================================================================

{
  "timestamp": "2026-01-15T15:34:01.058Z",
  "type": "request",
  "endpoint": "GET /games",
  "fullUrl": "https://staging.slotegrator.com/api/index.php/v1/games?page=8",
  "headers": {
    "X-Merchant-Id": "dbb46701285c1a2e24a0bf92f00501e5",
    "X-Timestamp": "1768491241",
    "X-Nonce": "ab0cdc06ec366ff41e67e3cedb2025ca",
    "X-Sign": "4384cf4c...",
    "Accept": "application/json"
  },
  "body": null,
  "params": {
    "page": 8
  }
}
================================================================================

{
  "timestamp": "2026-01-15T15:34:01.309Z",
  "type": "request",
  "endpoint": "GET /games",
  "fullUrl": "https://staging.slotegrator.com/api/index.php/v1/games?page=8",
  "headers": {
    "X-Merchant-Id": "dbb46701285c1a2e24a0bf92f00501e5",
    "X-Timestamp": "1768491241",
    "X-Nonce": "2e6ef812a45a8ddb00b9749ba892f719",
    "X-Sign": "3c8609b9...",
    "Accept": "application/json"
  },
  "body": null,
  "params": {
    "page": 8
  }
}
================================================================================

{
  "timestamp": "2026-01-15T15:34:01.542Z",
  "type": "request",
  "endpoint": "GET /games",
  "fullUrl": "https://staging.slotegrator.com/api/index.php/v1/games?page=9",
  "headers": {
    "X-Merchant-Id": "dbb46701285c1a2e24a0bf92f00501e5",
    "X-Timestamp": "1768491241",
    "X-Nonce": "046df2e6df41307df1aeee0199822c6d",
    "X-Sign": "b3c24342...",
    "Accept": "application/json"
  },
  "body": null,
  "params": {
    "page": 9
  }
}
================================================================================

{
  "timestamp": "2026-01-15T15:34:01.826Z",
  "type": "request",
  "endpoint": "GET /games",
  "fullUrl": "https://staging.slotegrator.com/api/index.php/v1/games?page=9",
  "headers": {
    "X-Merchant-Id": "dbb46701285c1a2e24a0bf92f00501e5",
    "X-Timestamp": "1768491241",
    "X-Nonce": "e1e736b9cea0902111217a37c28fe5ca",
    "X-Sign": "6dfd17fc...",
    "Accept": "application/json"
  },
  "body": null,
  "params": {
    "page": 9
  }
}
================================================================================

{
  "timestamp": "2026-01-15T15:34:02.007Z",
  "type": "request",
  "endpoint": "GET /games",
  "fullUrl": "https://staging.slotegrator.com/api/index.php/v1/games?page=10",
  "headers": {
    "X-Merchant-Id": "dbb46701285c1a2e24a0bf92f00501e5",
    "X-Timestamp": "1768491242",
    "X-Nonce": "2f4e0e999d07705fd1ef6b3484cac0d9",
    "X-Sign": "1393e93f...",
    "Accept": "application/json"
  },
  "body": null,
  "params": {
    "page": 10
  }
}
================================================================================

{
  "timestamp": "2026-01-15T15:34:02.294Z",
  "type": "request",
  "endpoint": "GET /games",
  "fullUrl": "https://staging.slotegrator.com/api/index.php/v1/games?page=10",
  "headers": {
    "X-Merchant-Id": "dbb46701285c1a2e24a0bf92f00501e5",
    "X-Timestamp": "1768491242",
    "X-Nonce": "2f50aebe9821353df10ed472787c7703",
    "X-Sign": "1df84b04...",
    "Accept": "application/json"
  },
  "body": null,
  "params": {
    "page": 10
  }
}
================================================================================

{
  "timestamp": "2026-01-15T15:34:02.454Z",
  "type": "request",
  "endpoint": "POST /games/init",
  "fullUrl": "https://staging.slotegrator.com/api/index.php/v1/games/init",
  "headers": {
    "X-Merchant-Id": "dbb46701285c1a2e24a0bf92f00501e5",
    "X-Timestamp": "1768491242",
    "X-Nonce": "c6b03ca601838404b5bba88aa778a04b",
    "X-Sign": "03603867...",
    "Accept": "application/json",
    "Content-Type": "application/x-www-form-urlencoded"
  },
  "body": "game_uuid=7487f0fac9049c9ee0dd0635a8ce5f5bfe04cd15&player_id=q92o3gyn8kOF5pE7BW-pk&player_name=wissal&currency=EUR&session_id=session_q92o3gyn8kOF5pE7BW-pk_1768491242452_zqalx9&device=desktop&return_url=https%3A%2F%2Fboztestarea.ngrok.app&language=fr&email=wissal%40gmail.com",
  "params": {
    "game_uuid": "7487f0fac9049c9ee0dd0635a8ce5f5bfe04cd15",
    "player_id": "q92o3gyn8kOF5pE7BW-pk",
    "player_name": "wissal",
    "currency": "EUR",
    "session_id": "session_q92o3gyn8kOF5pE7BW-pk_1768491242452_zqalx9",
    "device": "desktop",
    "return_url": "https://boztestarea.ngrok.app",
    "language": "fr",
    "email": "wissal@gmail.com"
  }
}
================================================================================

{
  "timestamp": "2026-01-15T15:34:02.711Z",
  "type": "request",
  "endpoint": "POST /games/init",
  "fullUrl": "https://staging.slotegrator.com/api/index.php/v1/games/init",
  "headers": {
    "X-Merchant-Id": "dbb46701285c1a2e24a0bf92f00501e5",
    "X-Timestamp": "1768491242",
    "X-Nonce": "798f07b9e2d7c1d784c69639f3ca1a33",
    "X-Sign": "cf7c48c1...",
    "Accept": "application/json",
    "Content-Type": "application/x-www-form-urlencoded"
  },
  "body": "game_uuid=7487f0fac9049c9ee0dd0635a8ce5f5bfe04cd15&player_id=q92o3gyn8kOF5pE7BW-pk&player_name=wissal&currency=EUR&session_id=session_q92o3gyn8kOF5pE7BW-pk_1768491242709_7uhp8w&device=desktop&return_url=https%3A%2F%2Fboztestarea.ngrok.app&language=fr&email=wissal%40gmail.com",
  "params": {
    "game_uuid": "7487f0fac9049c9ee0dd0635a8ce5f5bfe04cd15",
    "player_id": "q92o3gyn8kOF5pE7BW-pk",
    "player_name": "wissal",
    "currency": "EUR",
    "session_id": "session_q92o3gyn8kOF5pE7BW-pk_1768491242709_7uhp8w",
    "device": "desktop",
    "return_url": "https://boztestarea.ngrok.app",
    "language": "fr",
    "email": "wissal@gmail.com"
  }
}
================================================================================

{
  "timestamp": "2026-01-15T15:41:18.290Z",
  "type": "request",
  "endpoint": "GET /limits",
  "fullUrl": "https://staging.slotegrator.com/api/index.php/v1/limits",
  "headers": {
    "X-Merchant-Id": "dbb46701285c1a2e24a0bf92f00501e5",
    "X-Timestamp": "1768491678",
    "X-Nonce": "9352e3e5226ee768cadb9a7cb0645ca6",
    "X-Sign": "f6c4424c...",
    "Accept": "application/json"
  },
  "body": null,
  "params": null
}
================================================================================

{
  "timestamp": "2026-01-15T15:41:19.140Z",
  "type": "request",
  "endpoint": "GET /games",
  "fullUrl": "https://staging.slotegrator.com/api/index.php/v1/games",
  "headers": {
    "X-Merchant-Id": "dbb46701285c1a2e24a0bf92f00501e5",
    "X-Timestamp": "1768491679",
    "X-Nonce": "41e594c2abf8544d0d60a030f48c2ae9",
    "X-Sign": "bc759e41...",
    "Accept": "application/json"
  },
  "body": null,
  "params": null
}
================================================================================

{
  "timestamp": "2026-01-15T15:41:19.142Z",
  "type": "request",
  "endpoint": "GET /games",
  "fullUrl": "https://staging.slotegrator.com/api/index.php/v1/games",
  "headers": {
    "X-Merchant-Id": "dbb46701285c1a2e24a0bf92f00501e5",
    "X-Timestamp": "1768491679",
    "X-Nonce": "9ff2bec9a4876507886ccdbb4dd77cd3",
    "X-Sign": "54b78100...",
    "Accept": "application/json"
  },
  "body": null,
  "params": null
}
================================================================================

{
  "timestamp": "2026-01-15T15:41:19.723Z",
  "type": "request",
  "endpoint": "GET /games",
  "fullUrl": "https://staging.slotegrator.com/api/index.php/v1/games?page=2",
  "headers": {
    "X-Merchant-Id": "dbb46701285c1a2e24a0bf92f00501e5",
    "X-Timestamp": "1768491679",
    "X-Nonce": "51ce58fe5c024c857d55396cfcc38e56",
    "X-Sign": "0708189d...",
    "Accept": "application/json"
  },
  "body": null,
  "params": {
    "page": 2
  }
}
================================================================================

{
  "timestamp": "2026-01-15T15:41:19.955Z",
  "type": "request",
  "endpoint": "GET /games",
  "fullUrl": "https://staging.slotegrator.com/api/index.php/v1/games?page=2",
  "headers": {
    "X-Merchant-Id": "dbb46701285c1a2e24a0bf92f00501e5",
    "X-Timestamp": "1768491679",
    "X-Nonce": "e8ba4cc0a859e21f64ae11f7ca5d95e8",
    "X-Sign": "3ba660d0...",
    "Accept": "application/json"
  },
  "body": null,
  "params": {
    "page": 2
  }
}
================================================================================

{
  "timestamp": "2026-01-15T15:41:20.454Z",
  "type": "request",
  "endpoint": "GET /games",
  "fullUrl": "https://staging.slotegrator.com/api/index.php/v1/games?page=3",
  "headers": {
    "X-Merchant-Id": "dbb46701285c1a2e24a0bf92f00501e5",
    "X-Timestamp": "1768491680",
    "X-Nonce": "9bd22c87a0ad4cb46cb7133abd722b76",
    "X-Sign": "b7e1e109...",
    "Accept": "application/json"
  },
  "body": null,
  "params": {
    "page": 3
  }
}
================================================================================

{
  "timestamp": "2026-01-15T15:41:20.505Z",
  "type": "request",
  "endpoint": "GET /games",
  "fullUrl": "https://staging.slotegrator.com/api/index.php/v1/games?page=3",
  "headers": {
    "X-Merchant-Id": "dbb46701285c1a2e24a0bf92f00501e5",
    "X-Timestamp": "1768491680",
    "X-Nonce": "35b393806cee40d174043776257a2065",
    "X-Sign": "67ea61ab...",
    "Accept": "application/json"
  },
  "body": null,
  "params": {
    "page": 3
  }
}
================================================================================

{
  "timestamp": "2026-01-15T15:41:21.058Z",
  "type": "request",
  "endpoint": "GET /games",
  "fullUrl": "https://staging.slotegrator.com/api/index.php/v1/games?page=4",
  "headers": {
    "X-Merchant-Id": "dbb46701285c1a2e24a0bf92f00501e5",
    "X-Timestamp": "1768491681",
    "X-Nonce": "c879ca611c9da1baae0236b47f4b0fd5",
    "X-Sign": "063e4401...",
    "Accept": "application/json"
  },
  "body": null,
  "params": {
    "page": 4
  }
}
================================================================================

{
  "timestamp": "2026-01-15T15:41:21.072Z",
  "type": "request",
  "endpoint": "GET /games",
  "fullUrl": "https://staging.slotegrator.com/api/index.php/v1/games?page=4",
  "headers": {
    "X-Merchant-Id": "dbb46701285c1a2e24a0bf92f00501e5",
    "X-Timestamp": "1768491681",
    "X-Nonce": "c63522ab44209eb3189088903a36e93e",
    "X-Sign": "e636e0af...",
    "Accept": "application/json"
  },
  "body": null,
  "params": {
    "page": 4
  }
}
================================================================================

{
  "timestamp": "2026-01-15T15:41:21.601Z",
  "type": "request",
  "endpoint": "GET /games",
  "fullUrl": "https://staging.slotegrator.com/api/index.php/v1/games?page=5",
  "headers": {
    "X-Merchant-Id": "dbb46701285c1a2e24a0bf92f00501e5",
    "X-Timestamp": "1768491681",
    "X-Nonce": "1023243decbcb98c244d8bde8207d273",
    "X-Sign": "809a1459...",
    "Accept": "application/json"
  },
  "body": null,
  "params": {
    "page": 5
  }
}
================================================================================

{
  "timestamp": "2026-01-15T15:41:21.621Z",
  "type": "request",
  "endpoint": "GET /games",
  "fullUrl": "https://staging.slotegrator.com/api/index.php/v1/games?page=5",
  "headers": {
    "X-Merchant-Id": "dbb46701285c1a2e24a0bf92f00501e5",
    "X-Timestamp": "1768491681",
    "X-Nonce": "2bc5cbcb4ba74141ff2e978175722b72",
    "X-Sign": "d5bc2cb8...",
    "Accept": "application/json"
  },
  "body": null,
  "params": {
    "page": 5
  }
}
================================================================================

{
  "timestamp": "2026-01-15T15:41:22.167Z",
  "type": "request",
  "endpoint": "GET /games",
  "fullUrl": "https://staging.slotegrator.com/api/index.php/v1/games",
  "headers": {
    "X-Merchant-Id": "dbb46701285c1a2e24a0bf92f00501e5",
    "X-Timestamp": "1768491682",
    "X-Nonce": "a95a8b5b97a5c588f2f624c1d008b5c7",
    "X-Sign": "fc7dcdfc...",
    "Accept": "application/json"
  },
  "body": null,
  "params": null
}
================================================================================

{
  "timestamp": "2026-01-15T15:41:22.215Z",
  "type": "request",
  "endpoint": "GET /games",
  "fullUrl": "https://staging.slotegrator.com/api/index.php/v1/games",
  "headers": {
    "X-Merchant-Id": "dbb46701285c1a2e24a0bf92f00501e5",
    "X-Timestamp": "1768491682",
    "X-Nonce": "6238eb052764163577728dc8e26074ed",
    "X-Sign": "f449d26d...",
    "Accept": "application/json"
  },
  "body": null,
  "params": null
}
================================================================================

{
  "timestamp": "2026-01-15T15:41:22.722Z",
  "type": "request",
  "endpoint": "GET /games",
  "fullUrl": "https://staging.slotegrator.com/api/index.php/v1/games?page=2",
  "headers": {
    "X-Merchant-Id": "dbb46701285c1a2e24a0bf92f00501e5",
    "X-Timestamp": "1768491682",
    "X-Nonce": "79c32a6998d2b74b6e6c0bbadfed5c9a",
    "X-Sign": "8c2dc667...",
    "Accept": "application/json"
  },
  "body": null,
  "params": {
    "page": 2
  }
}
================================================================================

{
  "timestamp": "2026-01-15T15:41:22.805Z",
  "type": "request",
  "endpoint": "GET /games",
  "fullUrl": "https://staging.slotegrator.com/api/index.php/v1/games?page=2",
  "headers": {
    "X-Merchant-Id": "dbb46701285c1a2e24a0bf92f00501e5",
    "X-Timestamp": "1768491682",
    "X-Nonce": "1c1e5dbc101e5f229bdef982b3510d0a",
    "X-Sign": "e1f23a1c...",
    "Accept": "application/json"
  },
  "body": null,
  "params": {
    "page": 2
  }
}
================================================================================

{
  "timestamp": "2026-01-15T15:41:23.273Z",
  "type": "request",
  "endpoint": "GET /games",
  "fullUrl": "https://staging.slotegrator.com/api/index.php/v1/games?page=3",
  "headers": {
    "X-Merchant-Id": "dbb46701285c1a2e24a0bf92f00501e5",
    "X-Timestamp": "1768491683",
    "X-Nonce": "eadfe264081592cf341ddc8022d6ca8e",
    "X-Sign": "5f706c18...",
    "Accept": "application/json"
  },
  "body": null,
  "params": {
    "page": 3
  }
}
================================================================================

{
  "timestamp": "2026-01-15T15:41:23.421Z",
  "type": "request",
  "endpoint": "GET /games",
  "fullUrl": "https://staging.slotegrator.com/api/index.php/v1/games?page=3",
  "headers": {
    "X-Merchant-Id": "dbb46701285c1a2e24a0bf92f00501e5",
    "X-Timestamp": "1768491683",
    "X-Nonce": "2a7400f82e9918d68fd5e13f50ccd0d5",
    "X-Sign": "6e8c5ebb...",
    "Accept": "application/json"
  },
  "body": null,
  "params": {
    "page": 3
  }
}
================================================================================

{
  "timestamp": "2026-01-15T15:41:23.771Z",
  "type": "request",
  "endpoint": "GET /games",
  "fullUrl": "https://staging.slotegrator.com/api/index.php/v1/games?page=4",
  "headers": {
    "X-Merchant-Id": "dbb46701285c1a2e24a0bf92f00501e5",
    "X-Timestamp": "1768491683",
    "X-Nonce": "b5c11a925b1830f27ece42091ec86d4b",
    "X-Sign": "a84b34d5...",
    "Accept": "application/json"
  },
  "body": null,
  "params": {
    "page": 4
  }
}
================================================================================

{
  "timestamp": "2026-01-15T15:41:23.971Z",
  "type": "request",
  "endpoint": "GET /games",
  "fullUrl": "https://staging.slotegrator.com/api/index.php/v1/games?page=4",
  "headers": {
    "X-Merchant-Id": "dbb46701285c1a2e24a0bf92f00501e5",
    "X-Timestamp": "1768491683",
    "X-Nonce": "2d866a1845213755f5b16310eb54b3e0",
    "X-Sign": "b2685ad8...",
    "Accept": "application/json"
  },
  "body": null,
  "params": {
    "page": 4
  }
}
================================================================================

{
  "timestamp": "2026-01-15T15:41:24.255Z",
  "type": "request",
  "endpoint": "GET /games",
  "fullUrl": "https://staging.slotegrator.com/api/index.php/v1/games?page=5",
  "headers": {
    "X-Merchant-Id": "dbb46701285c1a2e24a0bf92f00501e5",
    "X-Timestamp": "1768491684",
    "X-Nonce": "c1595c31afd0c90d9daf8b3c150e64dd",
    "X-Sign": "275f41bf...",
    "Accept": "application/json"
  },
  "body": null,
  "params": {
    "page": 5
  }
}
================================================================================

{
  "timestamp": "2026-01-15T15:41:24.588Z",
  "type": "request",
  "endpoint": "GET /games",
  "fullUrl": "https://staging.slotegrator.com/api/index.php/v1/games?page=5",
  "headers": {
    "X-Merchant-Id": "dbb46701285c1a2e24a0bf92f00501e5",
    "X-Timestamp": "1768491684",
    "X-Nonce": "494d7c3af2e92a792be302b795d84077",
    "X-Sign": "a9b18006...",
    "Accept": "application/json"
  },
  "body": null,
  "params": {
    "page": 5
  }
}
================================================================================

{
  "timestamp": "2026-01-15T15:41:24.755Z",
  "type": "request",
  "endpoint": "GET /games",
  "fullUrl": "https://staging.slotegrator.com/api/index.php/v1/games?page=6",
  "headers": {
    "X-Merchant-Id": "dbb46701285c1a2e24a0bf92f00501e5",
    "X-Timestamp": "1768491684",
    "X-Nonce": "d76c127cb1c3387089777a6f83cee431",
    "X-Sign": "731dc003...",
    "Accept": "application/json"
  },
  "body": null,
  "params": {
    "page": 6
  }
}
================================================================================

{
  "timestamp": "2026-01-15T15:41:25.138Z",
  "type": "request",
  "endpoint": "GET /games",
  "fullUrl": "https://staging.slotegrator.com/api/index.php/v1/games?page=6",
  "headers": {
    "X-Merchant-Id": "dbb46701285c1a2e24a0bf92f00501e5",
    "X-Timestamp": "1768491685",
    "X-Nonce": "177b7a85511743bc1f00de229e2348e9",
    "X-Sign": "6b6cdee3...",
    "Accept": "application/json"
  },
  "body": null,
  "params": {
    "page": 6
  }
}
================================================================================

{
  "timestamp": "2026-01-15T15:41:25.272Z",
  "type": "request",
  "endpoint": "GET /games",
  "fullUrl": "https://staging.slotegrator.com/api/index.php/v1/games?page=7",
  "headers": {
    "X-Merchant-Id": "dbb46701285c1a2e24a0bf92f00501e5",
    "X-Timestamp": "1768491685",
    "X-Nonce": "3ed1840c1d61f3f1f9a1464ff1e3d28e",
    "X-Sign": "a711b327...",
    "Accept": "application/json"
  },
  "body": null,
  "params": {
    "page": 7
  }
}
================================================================================

{
  "timestamp": "2026-01-15T15:41:25.738Z",
  "type": "request",
  "endpoint": "GET /games",
  "fullUrl": "https://staging.slotegrator.com/api/index.php/v1/games?page=7",
  "headers": {
    "X-Merchant-Id": "dbb46701285c1a2e24a0bf92f00501e5",
    "X-Timestamp": "1768491685",
    "X-Nonce": "ce628030f2a6f88879a68ef295810664",
    "X-Sign": "238fe300...",
    "Accept": "application/json"
  },
  "body": null,
  "params": {
    "page": 7
  }
}
================================================================================

{
  "timestamp": "2026-01-15T15:41:25.838Z",
  "type": "request",
  "endpoint": "GET /games",
  "fullUrl": "https://staging.slotegrator.com/api/index.php/v1/games?page=8",
  "headers": {
    "X-Merchant-Id": "dbb46701285c1a2e24a0bf92f00501e5",
    "X-Timestamp": "1768491685",
    "X-Nonce": "710758e29e348898ce9ca28de0cff137",
    "X-Sign": "9b9fcb87...",
    "Accept": "application/json"
  },
  "body": null,
  "params": {
    "page": 8
  }
}
================================================================================

{
  "timestamp": "2026-01-15T15:41:26.321Z",
  "type": "request",
  "endpoint": "GET /games",
  "fullUrl": "https://staging.slotegrator.com/api/index.php/v1/games?page=8",
  "headers": {
    "X-Merchant-Id": "dbb46701285c1a2e24a0bf92f00501e5",
    "X-Timestamp": "1768491686",
    "X-Nonce": "0d496ddc0c4dc3fd6e88188b2916b7d8",
    "X-Sign": "d5d8258c...",
    "Accept": "application/json"
  },
  "body": null,
  "params": {
    "page": 8
  }
}
================================================================================

{
  "timestamp": "2026-01-15T15:41:26.338Z",
  "type": "request",
  "endpoint": "GET /games",
  "fullUrl": "https://staging.slotegrator.com/api/index.php/v1/games?page=9",
  "headers": {
    "X-Merchant-Id": "dbb46701285c1a2e24a0bf92f00501e5",
    "X-Timestamp": "1768491686",
    "X-Nonce": "6e0a2c9c3c8f5aa6fa8f2c0be47ab895",
    "X-Sign": "b5526a44...",
    "Accept": "application/json"
  },
  "body": null,
  "params": {
    "page": 9
  }
}
================================================================================

{
  "timestamp": "2026-01-15T15:41:26.872Z",
  "type": "request",
  "endpoint": "GET /games",
  "fullUrl": "https://staging.slotegrator.com/api/index.php/v1/games?page=10",
  "headers": {
    "X-Merchant-Id": "dbb46701285c1a2e24a0bf92f00501e5",
    "X-Timestamp": "1768491686",
    "X-Nonce": "0f8618ed81391ba3399d53dbad9afed6",
    "X-Sign": "9033e49b...",
    "Accept": "application/json"
  },
  "body": null,
  "params": {
    "page": 10
  }
}
================================================================================

{
  "timestamp": "2026-01-15T15:41:26.921Z",
  "type": "request",
  "endpoint": "GET /games",
  "fullUrl": "https://staging.slotegrator.com/api/index.php/v1/games?page=9",
  "headers": {
    "X-Merchant-Id": "dbb46701285c1a2e24a0bf92f00501e5",
    "X-Timestamp": "1768491686",
    "X-Nonce": "5179b8b6f5c2ad96402ebf923555d19a",
    "X-Sign": "c30d332b...",
    "Accept": "application/json"
  },
  "body": null,
  "params": {
    "page": 9
  }
}
================================================================================

{
  "timestamp": "2026-01-15T15:41:27.356Z",
  "type": "request",
  "endpoint": "POST /games/init",
  "fullUrl": "https://staging.slotegrator.com/api/index.php/v1/games/init",
  "headers": {
    "X-Merchant-Id": "dbb46701285c1a2e24a0bf92f00501e5",
    "X-Timestamp": "1768491687",
    "X-Nonce": "1af158fc3b3758e96f8adc25231c3207",
    "X-Sign": "b0a658e4...",
    "Accept": "application/json",
    "Content-Type": "application/x-www-form-urlencoded"
  },
  "body": "game_uuid=7487f0fac9049c9ee0dd0635a8ce5f5bfe04cd15&player_id=q92o3gyn8kOF5pE7BW-pk&player_name=wissal&currency=EUR&session_id=session_q92o3gyn8kOF5pE7BW-pk_1768491687354_ocblok&device=desktop&return_url=https%3A%2F%2Fboztestarea.ngrok.app&language=fr&email=wissal%40gmail.com",
  "params": {
    "game_uuid": "7487f0fac9049c9ee0dd0635a8ce5f5bfe04cd15",
    "player_id": "q92o3gyn8kOF5pE7BW-pk",
    "player_name": "wissal",
    "currency": "EUR",
    "session_id": "session_q92o3gyn8kOF5pE7BW-pk_1768491687354_ocblok",
    "device": "desktop",
    "return_url": "https://boztestarea.ngrok.app",
    "language": "fr",
    "email": "wissal@gmail.com"
  }
}
================================================================================

{
  "timestamp": "2026-01-15T15:41:27.505Z",
  "type": "request",
  "endpoint": "GET /games",
  "fullUrl": "https://staging.slotegrator.com/api/index.php/v1/games?page=10",
  "headers": {
    "X-Merchant-Id": "dbb46701285c1a2e24a0bf92f00501e5",
    "X-Timestamp": "1768491687",
    "X-Nonce": "29431b9b3c399ea754f356cd6bde6a46",
    "X-Sign": "db0cd898...",
    "Accept": "application/json"
  },
  "body": null,
  "params": {
    "page": 10
  }
}
================================================================================

{
  "timestamp": "2026-01-15T15:41:28.037Z",
  "type": "request",
  "endpoint": "POST /games/init",
  "fullUrl": "https://staging.slotegrator.com/api/index.php/v1/games/init",
  "headers": {
    "X-Merchant-Id": "dbb46701285c1a2e24a0bf92f00501e5",
    "X-Timestamp": "1768491688",
    "X-Nonce": "f51c171badeadecfb1be0d8ef789ba5b",
    "X-Sign": "3ab0a587...",
    "Accept": "application/json",
    "Content-Type": "application/x-www-form-urlencoded"
  },
  "body": "game_uuid=7487f0fac9049c9ee0dd0635a8ce5f5bfe04cd15&player_id=q92o3gyn8kOF5pE7BW-pk&player_name=wissal&currency=EUR&session_id=session_q92o3gyn8kOF5pE7BW-pk_1768491688036_0ez1aeu&device=desktop&return_url=https%3A%2F%2Fboztestarea.ngrok.app&language=fr&email=wissal%40gmail.com",
  "params": {
    "game_uuid": "7487f0fac9049c9ee0dd0635a8ce5f5bfe04cd15",
    "player_id": "q92o3gyn8kOF5pE7BW-pk",
    "player_name": "wissal",
    "currency": "EUR",
    "session_id": "session_q92o3gyn8kOF5pE7BW-pk_1768491688036_0ez1aeu",
    "device": "desktop",
    "return_url": "https://boztestarea.ngrok.app",
    "language": "fr",
    "email": "wissal@gmail.com"
  }
}
================================================================================

{
  "timestamp": "2026-01-15T15:43:13.324Z",
  "type": "request",
  "endpoint": "GET /games",
  "fullUrl": "https://staging.slotegrator.com/api/index.php/v1/games",
  "headers": {
    "X-Merchant-Id": "dbb46701285c1a2e24a0bf92f00501e5",
    "X-Timestamp": "1768491793",
    "X-Nonce": "2d9b4cbbb43149b6b1c2534ca1383a6d",
    "X-Sign": "a40934e7...",
    "Accept": "application/json"
  },
  "body": null,
  "params": null
}
================================================================================

{
  "timestamp": "2026-01-15T15:43:13.352Z",
  "type": "request",
  "endpoint": "GET /games",
  "fullUrl": "https://staging.slotegrator.com/api/index.php/v1/games",
  "headers": {
    "X-Merchant-Id": "dbb46701285c1a2e24a0bf92f00501e5",
    "X-Timestamp": "1768491793",
    "X-Nonce": "aa7d10a2fb800baf6e0e72a47a0a0e98",
    "X-Sign": "b54401f8...",
    "Accept": "application/json"
  },
  "body": null,
  "params": null
}
================================================================================

{
  "timestamp": "2026-01-15T15:43:14.017Z",
  "type": "request",
  "endpoint": "GET /games",
  "fullUrl": "https://staging.slotegrator.com/api/index.php/v1/games?page=2",
  "headers": {
    "X-Merchant-Id": "dbb46701285c1a2e24a0bf92f00501e5",
    "X-Timestamp": "1768491794",
    "X-Nonce": "3218022f5db3cba55fcfb2b18a8bd866",
    "X-Sign": "7e79983a...",
    "Accept": "application/json"
  },
  "body": null,
  "params": {
    "page": 2
  }
}
================================================================================

{
  "timestamp": "2026-01-15T15:43:14.065Z",
  "type": "request",
  "endpoint": "GET /games",
  "fullUrl": "https://staging.slotegrator.com/api/index.php/v1/games?page=2",
  "headers": {
    "X-Merchant-Id": "dbb46701285c1a2e24a0bf92f00501e5",
    "X-Timestamp": "1768491794",
    "X-Nonce": "0176c20db049066d26e6b4d2a4d9e805",
    "X-Sign": "ad539304...",
    "Accept": "application/json"
  },
  "body": null,
  "params": {
    "page": 2
  }
}
================================================================================

{
  "timestamp": "2026-01-15T15:43:14.612Z",
  "type": "request",
  "endpoint": "GET /games",
  "fullUrl": "https://staging.slotegrator.com/api/index.php/v1/games?page=3",
  "headers": {
    "X-Merchant-Id": "dbb46701285c1a2e24a0bf92f00501e5",
    "X-Timestamp": "1768491794",
    "X-Nonce": "bc9c4d5efe13fee437c3956d90ead7db",
    "X-Sign": "170bc170...",
    "Accept": "application/json"
  },
  "body": null,
  "params": {
    "page": 3
  }
}
================================================================================

{
  "timestamp": "2026-01-15T15:43:14.630Z",
  "type": "request",
  "endpoint": "GET /games",
  "fullUrl": "https://staging.slotegrator.com/api/index.php/v1/games?page=3",
  "headers": {
    "X-Merchant-Id": "dbb46701285c1a2e24a0bf92f00501e5",
    "X-Timestamp": "1768491794",
    "X-Nonce": "e712bd0131da5bfeca1820e770797c94",
    "X-Sign": "e7dd83be...",
    "Accept": "application/json"
  },
  "body": null,
  "params": {
    "page": 3
  }
}
================================================================================

{
  "timestamp": "2026-01-15T15:43:15.163Z",
  "type": "request",
  "endpoint": "GET /games",
  "fullUrl": "https://staging.slotegrator.com/api/index.php/v1/games?page=4",
  "headers": {
    "X-Merchant-Id": "dbb46701285c1a2e24a0bf92f00501e5",
    "X-Timestamp": "1768491795",
    "X-Nonce": "1ff55e92af751afc18d819754106dccf",
    "X-Sign": "e8fe0fd7...",
    "Accept": "application/json"
  },
  "body": null,
  "params": {
    "page": 4
  }
}
================================================================================

{
  "timestamp": "2026-01-15T15:43:15.181Z",
  "type": "request",
  "endpoint": "GET /games",
  "fullUrl": "https://staging.slotegrator.com/api/index.php/v1/games?page=4",
  "headers": {
    "X-Merchant-Id": "dbb46701285c1a2e24a0bf92f00501e5",
    "X-Timestamp": "1768491795",
    "X-Nonce": "a03a3ee250344df50afad95d6ea51019",
    "X-Sign": "cd2784a4...",
    "Accept": "application/json"
  },
  "body": null,
  "params": {
    "page": 4
  }
}
================================================================================

{
  "timestamp": "2026-01-15T15:43:15.721Z",
  "type": "request",
  "endpoint": "GET /games",
  "fullUrl": "https://staging.slotegrator.com/api/index.php/v1/games?page=5",
  "headers": {
    "X-Merchant-Id": "dbb46701285c1a2e24a0bf92f00501e5",
    "X-Timestamp": "1768491795",
    "X-Nonce": "66cde98224de04f459ad9f2f3eb675e8",
    "X-Sign": "4298e07c...",
    "Accept": "application/json"
  },
  "body": null,
  "params": {
    "page": 5
  }
}
================================================================================

{
  "timestamp": "2026-01-15T15:43:15.742Z",
  "type": "request",
  "endpoint": "GET /games",
  "fullUrl": "https://staging.slotegrator.com/api/index.php/v1/games?page=5",
  "headers": {
    "X-Merchant-Id": "dbb46701285c1a2e24a0bf92f00501e5",
    "X-Timestamp": "1768491795",
    "X-Nonce": "8ba5dcefe2633759bdd64c6c662dcfd1",
    "X-Sign": "3d8b2d5e...",
    "Accept": "application/json"
  },
  "body": null,
  "params": {
    "page": 5
  }
}
================================================================================

{
  "timestamp": "2026-01-15T15:43:16.233Z",
  "type": "request",
  "endpoint": "GET /games",
  "fullUrl": "https://staging.slotegrator.com/api/index.php/v1/games",
  "headers": {
    "X-Merchant-Id": "dbb46701285c1a2e24a0bf92f00501e5",
    "X-Timestamp": "1768491796",
    "X-Nonce": "6b356d898e07713e7246b7e268bb08e1",
    "X-Sign": "f249a21f...",
    "Accept": "application/json"
  },
  "body": null,
  "params": null
}
================================================================================

{
  "timestamp": "2026-01-15T15:43:16.283Z",
  "type": "request",
  "endpoint": "GET /games",
  "fullUrl": "https://staging.slotegrator.com/api/index.php/v1/games",
  "headers": {
    "X-Merchant-Id": "dbb46701285c1a2e24a0bf92f00501e5",
    "X-Timestamp": "1768491796",
    "X-Nonce": "4960319b6a2f2e3c4b5657e14c34214f",
    "X-Sign": "57c900ca...",
    "Accept": "application/json"
  },
  "body": null,
  "params": null
}
================================================================================

{
  "timestamp": "2026-01-15T15:43:16.714Z",
  "type": "request",
  "endpoint": "GET /games",
  "fullUrl": "https://staging.slotegrator.com/api/index.php/v1/games?page=2",
  "headers": {
    "X-Merchant-Id": "dbb46701285c1a2e24a0bf92f00501e5",
    "X-Timestamp": "1768491796",
    "X-Nonce": "69ce5ee5cb9b68ed5d49e454cc9f7285",
    "X-Sign": "355365e5...",
    "Accept": "application/json"
  },
  "body": null,
  "params": {
    "page": 2
  }
}
================================================================================

{
  "timestamp": "2026-01-15T15:43:16.776Z",
  "type": "request",
  "endpoint": "GET /games",
  "fullUrl": "https://staging.slotegrator.com/api/index.php/v1/games?page=2",
  "headers": {
    "X-Merchant-Id": "dbb46701285c1a2e24a0bf92f00501e5",
    "X-Timestamp": "1768491796",
    "X-Nonce": "bad8e2ab3c048daf9354b7858e104c65",
    "X-Sign": "315819b0...",
    "Accept": "application/json"
  },
  "body": null,
  "params": {
    "page": 2
  }
}
================================================================================

{
  "timestamp": "2026-01-15T15:43:17.184Z",
  "type": "request",
  "endpoint": "GET /games",
  "fullUrl": "https://staging.slotegrator.com/api/index.php/v1/games?page=3",
  "headers": {
    "X-Merchant-Id": "dbb46701285c1a2e24a0bf92f00501e5",
    "X-Timestamp": "1768491797",
    "X-Nonce": "758654aedfa66ae156595553a63cb856",
    "X-Sign": "76530ab7...",
    "Accept": "application/json"
  },
  "body": null,
  "params": {
    "page": 3
  }
}
================================================================================

{
  "timestamp": "2026-01-15T15:43:17.294Z",
  "type": "request",
  "endpoint": "GET /games",
  "fullUrl": "https://staging.slotegrator.com/api/index.php/v1/games?page=3",
  "headers": {
    "X-Merchant-Id": "dbb46701285c1a2e24a0bf92f00501e5",
    "X-Timestamp": "1768491797",
    "X-Nonce": "6d71bac595c4d1e5eded0620fcac9730",
    "X-Sign": "40fd9004...",
    "Accept": "application/json"
  },
  "body": null,
  "params": {
    "page": 3
  }
}
================================================================================

{
  "timestamp": "2026-01-15T15:43:17.735Z",
  "type": "request",
  "endpoint": "GET /games",
  "fullUrl": "https://staging.slotegrator.com/api/index.php/v1/games?page=4",
  "headers": {
    "X-Merchant-Id": "dbb46701285c1a2e24a0bf92f00501e5",
    "X-Timestamp": "1768491797",
    "X-Nonce": "ed65ffc799de164b8857c72a8bc1f18f",
    "X-Sign": "45a2f0e4...",
    "Accept": "application/json"
  },
  "body": null,
  "params": {
    "page": 4
  }
}
================================================================================

{
  "timestamp": "2026-01-15T15:43:17.876Z",
  "type": "request",
  "endpoint": "GET /games",
  "fullUrl": "https://staging.slotegrator.com/api/index.php/v1/games?page=4",
  "headers": {
    "X-Merchant-Id": "dbb46701285c1a2e24a0bf92f00501e5",
    "X-Timestamp": "1768491797",
    "X-Nonce": "b6a60c5b7c42a375a0b077a2113755e7",
    "X-Sign": "f0b42686...",
    "Accept": "application/json"
  },
  "body": null,
  "params": {
    "page": 4
  }
}
================================================================================

{
  "timestamp": "2026-01-15T15:43:18.205Z",
  "type": "request",
  "endpoint": "GET /games",
  "fullUrl": "https://staging.slotegrator.com/api/index.php/v1/games?page=5",
  "headers": {
    "X-Merchant-Id": "dbb46701285c1a2e24a0bf92f00501e5",
    "X-Timestamp": "1768491798",
    "X-Nonce": "ebf9180508e31d67cbbeb7017677594a",
    "X-Sign": "d6c36eb1...",
    "Accept": "application/json"
  },
  "body": null,
  "params": {
    "page": 5
  }
}
================================================================================

{
  "timestamp": "2026-01-15T15:43:18.330Z",
  "type": "request",
  "endpoint": "GET /games",
  "fullUrl": "https://staging.slotegrator.com/api/index.php/v1/games?page=5",
  "headers": {
    "X-Merchant-Id": "dbb46701285c1a2e24a0bf92f00501e5",
    "X-Timestamp": "1768491798",
    "X-Nonce": "08bdc8607c513aa7e8c765a2c9e20ddf",
    "X-Sign": "615818f4...",
    "Accept": "application/json"
  },
  "body": null,
  "params": {
    "page": 5
  }
}
================================================================================

{
  "timestamp": "2026-01-15T15:43:18.692Z",
  "type": "request",
  "endpoint": "GET /games",
  "fullUrl": "https://staging.slotegrator.com/api/index.php/v1/games?page=6",
  "headers": {
    "X-Merchant-Id": "dbb46701285c1a2e24a0bf92f00501e5",
    "X-Timestamp": "1768491798",
    "X-Nonce": "15f91a296c7601f206c7f68ea5d8cbc9",
    "X-Sign": "2b4d5385...",
    "Accept": "application/json"
  },
  "body": null,
  "params": {
    "page": 6
  }
}
================================================================================

{
  "timestamp": "2026-01-15T15:43:18.802Z",
  "type": "request",
  "endpoint": "GET /games",
  "fullUrl": "https://staging.slotegrator.com/api/index.php/v1/games?page=6",
  "headers": {
    "X-Merchant-Id": "dbb46701285c1a2e24a0bf92f00501e5",
    "X-Timestamp": "1768491798",
    "X-Nonce": "7c3cedc69c7e3157c5ad4704b4ceb820",
    "X-Sign": "c889ffe6...",
    "Accept": "application/json"
  },
  "body": null,
  "params": {
    "page": 6
  }
}
================================================================================

{
  "timestamp": "2026-01-15T15:43:19.194Z",
  "type": "request",
  "endpoint": "GET /games",
  "fullUrl": "https://staging.slotegrator.com/api/index.php/v1/games?page=7",
  "headers": {
    "X-Merchant-Id": "dbb46701285c1a2e24a0bf92f00501e5",
    "X-Timestamp": "1768491799",
    "X-Nonce": "cf5ea5e2ab0abfd747f533283457b5c6",
    "X-Sign": "8fc2bf2e...",
    "Accept": "application/json"
  },
  "body": null,
  "params": {
    "page": 7
  }
}
================================================================================

{
  "timestamp": "2026-01-15T15:43:19.288Z",
  "type": "request",
  "endpoint": "GET /games",
  "fullUrl": "https://staging.slotegrator.com/api/index.php/v1/games?page=7",
  "headers": {
    "X-Merchant-Id": "dbb46701285c1a2e24a0bf92f00501e5",
    "X-Timestamp": "1768491799",
    "X-Nonce": "181ca4c46a4b2b3727f65ecc5987142e",
    "X-Sign": "58adb86b...",
    "Accept": "application/json"
  },
  "body": null,
  "params": {
    "page": 7
  }
}
================================================================================

{
  "timestamp": "2026-01-15T15:43:19.716Z",
  "type": "request",
  "endpoint": "GET /games",
  "fullUrl": "https://staging.slotegrator.com/api/index.php/v1/games?page=8",
  "headers": {
    "X-Merchant-Id": "dbb46701285c1a2e24a0bf92f00501e5",
    "X-Timestamp": "1768491799",
    "X-Nonce": "791d5f744207f4e2aedadae7d24eea65",
    "X-Sign": "74707acd...",
    "Accept": "application/json"
  },
  "body": null,
  "params": {
    "page": 8
  }
}
================================================================================

{
  "timestamp": "2026-01-15T15:43:19.831Z",
  "type": "request",
  "endpoint": "GET /games",
  "fullUrl": "https://staging.slotegrator.com/api/index.php/v1/games?page=8",
  "headers": {
    "X-Merchant-Id": "dbb46701285c1a2e24a0bf92f00501e5",
    "X-Timestamp": "1768491799",
    "X-Nonce": "453592e1d5bdc293a57431574aaa8c7b",
    "X-Sign": "8201d3aa...",
    "Accept": "application/json"
  },
  "body": null,
  "params": {
    "page": 8
  }
}
================================================================================

{
  "timestamp": "2026-01-15T15:43:20.198Z",
  "type": "request",
  "endpoint": "GET /games",
  "fullUrl": "https://staging.slotegrator.com/api/index.php/v1/games?page=9",
  "headers": {
    "X-Merchant-Id": "dbb46701285c1a2e24a0bf92f00501e5",
    "X-Timestamp": "1768491800",
    "X-Nonce": "2fd116c81fa43c2b2a7fb8782a739a34",
    "X-Sign": "1130854b...",
    "Accept": "application/json"
  },
  "body": null,
  "params": {
    "page": 9
  }
}
================================================================================

{
  "timestamp": "2026-01-15T15:43:20.380Z",
  "type": "request",
  "endpoint": "GET /games",
  "fullUrl": "https://staging.slotegrator.com/api/index.php/v1/games?page=9",
  "headers": {
    "X-Merchant-Id": "dbb46701285c1a2e24a0bf92f00501e5",
    "X-Timestamp": "1768491800",
    "X-Nonce": "4d9359d025faf080fcb2ece119bcb958",
    "X-Sign": "24ad6360...",
    "Accept": "application/json"
  },
  "body": null,
  "params": {
    "page": 9
  }
}
================================================================================

{
  "timestamp": "2026-01-15T15:43:20.653Z",
  "type": "request",
  "endpoint": "GET /games",
  "fullUrl": "https://staging.slotegrator.com/api/index.php/v1/games?page=10",
  "headers": {
    "X-Merchant-Id": "dbb46701285c1a2e24a0bf92f00501e5",
    "X-Timestamp": "1768491800",
    "X-Nonce": "7c6312c5d4bfbbbee922129dfeae38a9",
    "X-Sign": "9d913b65...",
    "Accept": "application/json"
  },
  "body": null,
  "params": {
    "page": 10
  }
}
================================================================================

{
  "timestamp": "2026-01-15T15:43:20.857Z",
  "type": "request",
  "endpoint": "GET /games",
  "fullUrl": "https://staging.slotegrator.com/api/index.php/v1/games?page=10",
  "headers": {
    "X-Merchant-Id": "dbb46701285c1a2e24a0bf92f00501e5",
    "X-Timestamp": "1768491800",
    "X-Nonce": "e3c2c1a8481bf1e08b7bced1c053e719",
    "X-Sign": "e5c18a2b...",
    "Accept": "application/json"
  },
  "body": null,
  "params": {
    "page": 10
  }
}
================================================================================

{
  "timestamp": "2026-01-15T15:43:21.141Z",
  "type": "request",
  "endpoint": "POST /games/init",
  "fullUrl": "https://staging.slotegrator.com/api/index.php/v1/games/init",
  "headers": {
    "X-Merchant-Id": "dbb46701285c1a2e24a0bf92f00501e5",
    "X-Timestamp": "1768491801",
    "X-Nonce": "05c4a62eafe659c6b94a91d05b7fddf1",
    "X-Sign": "1df56607...",
    "Accept": "application/json",
    "Content-Type": "application/x-www-form-urlencoded"
  },
  "body": "game_uuid=397f96eb2f0b70a51a3524ab6e2a4344ee717a3c&player_id=q92o3gyn8kOF5pE7BW-pk&player_name=wissal&currency=EUR&session_id=session_q92o3gyn8kOF5pE7BW-pk_1768491801140_benet&device=desktop&return_url=https%3A%2F%2Fboztestarea.ngrok.app&language=fr&email=wissal%40gmail.com",
  "params": {
    "game_uuid": "397f96eb2f0b70a51a3524ab6e2a4344ee717a3c",
    "player_id": "q92o3gyn8kOF5pE7BW-pk",
    "player_name": "wissal",
    "currency": "EUR",
    "session_id": "session_q92o3gyn8kOF5pE7BW-pk_1768491801140_benet",
    "device": "desktop",
    "return_url": "https://boztestarea.ngrok.app",
    "language": "fr",
    "email": "wissal@gmail.com"
  }
}
================================================================================

{
  "timestamp": "2026-01-15T15:43:21.344Z",
  "type": "request",
  "endpoint": "POST /games/init",
  "fullUrl": "https://staging.slotegrator.com/api/index.php/v1/games/init",
  "headers": {
    "X-Merchant-Id": "dbb46701285c1a2e24a0bf92f00501e5",
    "X-Timestamp": "1768491801",
    "X-Nonce": "e91ccf080e0efd5d2104284e4f7f01f3",
    "X-Sign": "55a979a8...",
    "Accept": "application/json",
    "Content-Type": "application/x-www-form-urlencoded"
  },
  "body": "game_uuid=397f96eb2f0b70a51a3524ab6e2a4344ee717a3c&player_id=q92o3gyn8kOF5pE7BW-pk&player_name=wissal&currency=EUR&session_id=session_q92o3gyn8kOF5pE7BW-pk_1768491801343_yi7f1j&device=desktop&return_url=https%3A%2F%2Fboztestarea.ngrok.app&language=fr&email=wissal%40gmail.com",
  "params": {
    "game_uuid": "397f96eb2f0b70a51a3524ab6e2a4344ee717a3c",
    "player_id": "q92o3gyn8kOF5pE7BW-pk",
    "player_name": "wissal",
    "currency": "EUR",
    "session_id": "session_q92o3gyn8kOF5pE7BW-pk_1768491801343_yi7f1j",
    "device": "desktop",
    "return_url": "https://boztestarea.ngrok.app",
    "language": "fr",
    "email": "wissal@gmail.com"
  }
}
================================================================================

{
  "timestamp": "2026-01-15T15:44:22.255Z",
  "type": "request",
  "endpoint": "GET /games",
  "fullUrl": "https://staging.slotegrator.com/api/index.php/v1/games",
  "headers": {
    "X-Merchant-Id": "dbb46701285c1a2e24a0bf92f00501e5",
    "X-Timestamp": "1768491862",
    "X-Nonce": "22481a2a3e1488c3067e89437dedeb51",
    "X-Sign": "be977b06...",
    "Accept": "application/json"
  },
  "body": null,
  "params": null
}
================================================================================

{
  "timestamp": "2026-01-15T15:44:22.283Z",
  "type": "request",
  "endpoint": "GET /games",
  "fullUrl": "https://staging.slotegrator.com/api/index.php/v1/games",
  "headers": {
    "X-Merchant-Id": "dbb46701285c1a2e24a0bf92f00501e5",
    "X-Timestamp": "1768491862",
    "X-Nonce": "577ce223f01e819384fc08807c17ee67",
    "X-Sign": "5f22af36...",
    "Accept": "application/json"
  },
  "body": null,
  "params": null
}
================================================================================

{
  "timestamp": "2026-01-15T15:44:22.874Z",
  "type": "request",
  "endpoint": "GET /games",
  "fullUrl": "https://staging.slotegrator.com/api/index.php/v1/games?page=2",
  "headers": {
    "X-Merchant-Id": "dbb46701285c1a2e24a0bf92f00501e5",
    "X-Timestamp": "1768491862",
    "X-Nonce": "8017e6ea665ec70152c616e53c85ff80",
    "X-Sign": "2f72e1f9...",
    "Accept": "application/json"
  },
  "body": null,
  "params": {
    "page": 2
  }
}
================================================================================

{
  "timestamp": "2026-01-15T15:44:22.914Z",
  "type": "request",
  "endpoint": "GET /games",
  "fullUrl": "https://staging.slotegrator.com/api/index.php/v1/games?page=2",
  "headers": {
    "X-Merchant-Id": "dbb46701285c1a2e24a0bf92f00501e5",
    "X-Timestamp": "1768491862",
    "X-Nonce": "f92bf62fe5b2589559f896f6401db472",
    "X-Sign": "25bb755e...",
    "Accept": "application/json"
  },
  "body": null,
  "params": {
    "page": 2
  }
}
================================================================================

{
  "timestamp": "2026-01-15T15:44:23.374Z",
  "type": "request",
  "endpoint": "GET /games",
  "fullUrl": "https://staging.slotegrator.com/api/index.php/v1/games?page=3",
  "headers": {
    "X-Merchant-Id": "dbb46701285c1a2e24a0bf92f00501e5",
    "X-Timestamp": "1768491863",
    "X-Nonce": "27fda230ec23b28b11317ea52553afc5",
    "X-Sign": "13918ebb...",
    "Accept": "application/json"
  },
  "body": null,
  "params": {
    "page": 3
  }
}
================================================================================

{
  "timestamp": "2026-01-15T15:44:23.414Z",
  "type": "request",
  "endpoint": "GET /games",
  "fullUrl": "https://staging.slotegrator.com/api/index.php/v1/games?page=3",
  "headers": {
    "X-Merchant-Id": "dbb46701285c1a2e24a0bf92f00501e5",
    "X-Timestamp": "1768491863",
    "X-Nonce": "9697062961cf4493e732fe7f10c20495",
    "X-Sign": "36b8c9b9...",
    "Accept": "application/json"
  },
  "body": null,
  "params": {
    "page": 3
  }
}
================================================================================

{
  "timestamp": "2026-01-15T15:44:23.868Z",
  "type": "request",
  "endpoint": "GET /games",
  "fullUrl": "https://staging.slotegrator.com/api/index.php/v1/games?page=4",
  "headers": {
    "X-Merchant-Id": "dbb46701285c1a2e24a0bf92f00501e5",
    "X-Timestamp": "1768491863",
    "X-Nonce": "2675fcda760a337f3a59bcbc10527bc3",
    "X-Sign": "c8843fc5...",
    "Accept": "application/json"
  },
  "body": null,
  "params": {
    "page": 4
  }
}
================================================================================

{
  "timestamp": "2026-01-15T15:44:23.880Z",
  "type": "request",
  "endpoint": "GET /games",
  "fullUrl": "https://staging.slotegrator.com/api/index.php/v1/games?page=4",
  "headers": {
    "X-Merchant-Id": "dbb46701285c1a2e24a0bf92f00501e5",
    "X-Timestamp": "1768491863",
    "X-Nonce": "28668163b47fdbf0ae054c8dfb67fe27",
    "X-Sign": "40562e89...",
    "Accept": "application/json"
  },
  "body": null,
  "params": {
    "page": 4
  }
}
================================================================================

{
  "timestamp": "2026-01-15T15:44:24.348Z",
  "type": "request",
  "endpoint": "GET /games",
  "fullUrl": "https://staging.slotegrator.com/api/index.php/v1/games?page=5",
  "headers": {
    "X-Merchant-Id": "dbb46701285c1a2e24a0bf92f00501e5",
    "X-Timestamp": "1768491864",
    "X-Nonce": "64135d9e6ae991a26c5d38f522318ffa",
    "X-Sign": "085a2e82...",
    "Accept": "application/json"
  },
  "body": null,
  "params": {
    "page": 5
  }
}
================================================================================

{
  "timestamp": "2026-01-15T15:44:24.380Z",
  "type": "request",
  "endpoint": "GET /games",
  "fullUrl": "https://staging.slotegrator.com/api/index.php/v1/games?page=5",
  "headers": {
    "X-Merchant-Id": "dbb46701285c1a2e24a0bf92f00501e5",
    "X-Timestamp": "1768491864",
    "X-Nonce": "dfb973befedf5bde48399ad520608614",
    "X-Sign": "1a6dc75d...",
    "Accept": "application/json"
  },
  "body": null,
  "params": {
    "page": 5
  }
}
================================================================================

{
  "timestamp": "2026-01-15T15:44:24.859Z",
  "type": "request",
  "endpoint": "GET /games",
  "fullUrl": "https://staging.slotegrator.com/api/index.php/v1/games",
  "headers": {
    "X-Merchant-Id": "dbb46701285c1a2e24a0bf92f00501e5",
    "X-Timestamp": "1768491864",
    "X-Nonce": "c465d2a0a2f84aa86733f2fc78028bc4",
    "X-Sign": "270f17fd...",
    "Accept": "application/json"
  },
  "body": null,
  "params": null
}
================================================================================

{
  "timestamp": "2026-01-15T15:44:24.880Z",
  "type": "request",
  "endpoint": "GET /games",
  "fullUrl": "https://staging.slotegrator.com/api/index.php/v1/games",
  "headers": {
    "X-Merchant-Id": "dbb46701285c1a2e24a0bf92f00501e5",
    "X-Timestamp": "1768491864",
    "X-Nonce": "c16762201b898aba5d9dd073a67d2657",
    "X-Sign": "06f2db47...",
    "Accept": "application/json"
  },
  "body": null,
  "params": null
}
================================================================================

{
  "timestamp": "2026-01-15T15:44:25.368Z",
  "type": "request",
  "endpoint": "GET /games",
  "fullUrl": "https://staging.slotegrator.com/api/index.php/v1/games?page=2",
  "headers": {
    "X-Merchant-Id": "dbb46701285c1a2e24a0bf92f00501e5",
    "X-Timestamp": "1768491865",
    "X-Nonce": "e71bb2cc016a61e478472ebdb46fdc4b",
    "X-Sign": "b326daf2...",
    "Accept": "application/json"
  },
  "body": null,
  "params": {
    "page": 2
  }
}
================================================================================

{
  "timestamp": "2026-01-15T15:44:25.380Z",
  "type": "request",
  "endpoint": "GET /games",
  "fullUrl": "https://staging.slotegrator.com/api/index.php/v1/games?page=2",
  "headers": {
    "X-Merchant-Id": "dbb46701285c1a2e24a0bf92f00501e5",
    "X-Timestamp": "1768491865",
    "X-Nonce": "44fcd02fc81c4cacea7f005242f5bb88",
    "X-Sign": "9ad52c22...",
    "Accept": "application/json"
  },
  "body": null,
  "params": {
    "page": 2
  }
}
================================================================================

{
  "timestamp": "2026-01-15T15:44:25.847Z",
  "type": "request",
  "endpoint": "GET /games",
  "fullUrl": "https://staging.slotegrator.com/api/index.php/v1/games?page=3",
  "headers": {
    "X-Merchant-Id": "dbb46701285c1a2e24a0bf92f00501e5",
    "X-Timestamp": "1768491865",
    "X-Nonce": "5485e1786a65f0bfd323d24519d360ed",
    "X-Sign": "e877cfa7...",
    "Accept": "application/json"
  },
  "body": null,
  "params": {
    "page": 3
  }
}
================================================================================

{
  "timestamp": "2026-01-15T15:44:25.913Z",
  "type": "request",
  "endpoint": "GET /games",
  "fullUrl": "https://staging.slotegrator.com/api/index.php/v1/games?page=3",
  "headers": {
    "X-Merchant-Id": "dbb46701285c1a2e24a0bf92f00501e5",
    "X-Timestamp": "1768491865",
    "X-Nonce": "f90e5b5e4a4498a030769f2a4fcb5e68",
    "X-Sign": "6a509352...",
    "Accept": "application/json"
  },
  "body": null,
  "params": {
    "page": 3
  }
}
================================================================================

{
  "timestamp": "2026-01-15T15:44:26.349Z",
  "type": "request",
  "endpoint": "GET /games",
  "fullUrl": "https://staging.slotegrator.com/api/index.php/v1/games?page=4",
  "headers": {
    "X-Merchant-Id": "dbb46701285c1a2e24a0bf92f00501e5",
    "X-Timestamp": "1768491866",
    "X-Nonce": "339b78535514b5bdb1ec879710399927",
    "X-Sign": "097fdce9...",
    "Accept": "application/json"
  },
  "body": null,
  "params": {
    "page": 4
  }
}
================================================================================

{
  "timestamp": "2026-01-15T15:44:26.463Z",
  "type": "request",
  "endpoint": "GET /games",
  "fullUrl": "https://staging.slotegrator.com/api/index.php/v1/games?page=4",
  "headers": {
    "X-Merchant-Id": "dbb46701285c1a2e24a0bf92f00501e5",
    "X-Timestamp": "1768491866",
    "X-Nonce": "fcee22332b0e813de6fdf09d142bf3f6",
    "X-Sign": "a24c051c...",
    "Accept": "application/json"
  },
  "body": null,
  "params": {
    "page": 4
  }
}
================================================================================

{
  "timestamp": "2026-01-15T15:44:26.814Z",
  "type": "request",
  "endpoint": "GET /games",
  "fullUrl": "https://staging.slotegrator.com/api/index.php/v1/games?page=5",
  "headers": {
    "X-Merchant-Id": "dbb46701285c1a2e24a0bf92f00501e5",
    "X-Timestamp": "1768491866",
    "X-Nonce": "ed667d1f50df1e943aab8019b73bb9cd",
    "X-Sign": "118e5b67...",
    "Accept": "application/json"
  },
  "body": null,
  "params": {
    "page": 5
  }
}
================================================================================

{
  "timestamp": "2026-01-15T15:44:26.930Z",
  "type": "request",
  "endpoint": "GET /games",
  "fullUrl": "https://staging.slotegrator.com/api/index.php/v1/games?page=5",
  "headers": {
    "X-Merchant-Id": "dbb46701285c1a2e24a0bf92f00501e5",
    "X-Timestamp": "1768491866",
    "X-Nonce": "e080ddbb110781772cf59fb792631387",
    "X-Sign": "7d24e7de...",
    "Accept": "application/json"
  },
  "body": null,
  "params": {
    "page": 5
  }
}
================================================================================

{
  "timestamp": "2026-01-15T15:44:27.281Z",
  "type": "request",
  "endpoint": "GET /games",
  "fullUrl": "https://staging.slotegrator.com/api/index.php/v1/games?page=6",
  "headers": {
    "X-Merchant-Id": "dbb46701285c1a2e24a0bf92f00501e5",
    "X-Timestamp": "1768491867",
    "X-Nonce": "1b8041d82650e806d1a69f55857c8bfd",
    "X-Sign": "7651c4df...",
    "Accept": "application/json"
  },
  "body": null,
  "params": {
    "page": 6
  }
}
================================================================================

{
  "timestamp": "2026-01-15T15:44:27.380Z",
  "type": "request",
  "endpoint": "GET /games",
  "fullUrl": "https://staging.slotegrator.com/api/index.php/v1/games?page=6",
  "headers": {
    "X-Merchant-Id": "dbb46701285c1a2e24a0bf92f00501e5",
    "X-Timestamp": "1768491867",
    "X-Nonce": "732e80606e6dd0cbe0087ae65cb817f6",
    "X-Sign": "150e8891...",
    "Accept": "application/json"
  },
  "body": null,
  "params": {
    "page": 6
  }
}
================================================================================

{
  "timestamp": "2026-01-15T15:44:27.731Z",
  "type": "request",
  "endpoint": "GET /games",
  "fullUrl": "https://staging.slotegrator.com/api/index.php/v1/games?page=7",
  "headers": {
    "X-Merchant-Id": "dbb46701285c1a2e24a0bf92f00501e5",
    "X-Timestamp": "1768491867",
    "X-Nonce": "972592a0779d596568230ab8cd69f59b",
    "X-Sign": "653f0e7e...",
    "Accept": "application/json"
  },
  "body": null,
  "params": {
    "page": 7
  }
}
================================================================================

{
  "timestamp": "2026-01-15T15:44:27.865Z",
  "type": "request",
  "endpoint": "GET /games",
  "fullUrl": "https://staging.slotegrator.com/api/index.php/v1/games?page=7",
  "headers": {
    "X-Merchant-Id": "dbb46701285c1a2e24a0bf92f00501e5",
    "X-Timestamp": "1768491867",
    "X-Nonce": "2852535161f314884258f8ef933d9ddb",
    "X-Sign": "ad86077b...",
    "Accept": "application/json"
  },
  "body": null,
  "params": {
    "page": 7
  }
}
================================================================================

{
  "timestamp": "2026-01-15T15:44:28.214Z",
  "type": "request",
  "endpoint": "GET /games",
  "fullUrl": "https://staging.slotegrator.com/api/index.php/v1/games?page=8",
  "headers": {
    "X-Merchant-Id": "dbb46701285c1a2e24a0bf92f00501e5",
    "X-Timestamp": "1768491868",
    "X-Nonce": "f83457b5ac92c0058fe7bde3383f8410",
    "X-Sign": "964aaaa4...",
    "Accept": "application/json"
  },
  "body": null,
  "params": {
    "page": 8
  }
}
================================================================================

{
  "timestamp": "2026-01-15T15:44:28.380Z",
  "type": "request",
  "endpoint": "GET /games",
  "fullUrl": "https://staging.slotegrator.com/api/index.php/v1/games?page=8",
  "headers": {
    "X-Merchant-Id": "dbb46701285c1a2e24a0bf92f00501e5",
    "X-Timestamp": "1768491868",
    "X-Nonce": "c80fcbe17916926d6f9309ba3b537074",
    "X-Sign": "83d21fd4...",
    "Accept": "application/json"
  },
  "body": null,
  "params": {
    "page": 8
  }
}
================================================================================

{
  "timestamp": "2026-01-15T15:44:28.747Z",
  "type": "request",
  "endpoint": "GET /games",
  "fullUrl": "https://staging.slotegrator.com/api/index.php/v1/games?page=9",
  "headers": {
    "X-Merchant-Id": "dbb46701285c1a2e24a0bf92f00501e5",
    "X-Timestamp": "1768491868",
    "X-Nonce": "8f20829acf3a9fcfb66befd6053a6cb3",
    "X-Sign": "7dca2c51...",
    "Accept": "application/json"
  },
  "body": null,
  "params": {
    "page": 9
  }
}
================================================================================

{
  "timestamp": "2026-01-15T15:44:28.880Z",
  "type": "request",
  "endpoint": "GET /games",
  "fullUrl": "https://staging.slotegrator.com/api/index.php/v1/games?page=9",
  "headers": {
    "X-Merchant-Id": "dbb46701285c1a2e24a0bf92f00501e5",
    "X-Timestamp": "1768491868",
    "X-Nonce": "89832b1c9a76c20e18db38dfa1467447",
    "X-Sign": "b8660616...",
    "Accept": "application/json"
  },
  "body": null,
  "params": {
    "page": 9
  }
}
================================================================================

{
  "timestamp": "2026-01-15T15:44:29.213Z",
  "type": "request",
  "endpoint": "GET /games",
  "fullUrl": "https://staging.slotegrator.com/api/index.php/v1/games?page=10",
  "headers": {
    "X-Merchant-Id": "dbb46701285c1a2e24a0bf92f00501e5",
    "X-Timestamp": "1768491869",
    "X-Nonce": "2466bccf5c1fb0cb5aaa26c4f52db953",
    "X-Sign": "8a6ba411...",
    "Accept": "application/json"
  },
  "body": null,
  "params": {
    "page": 10
  }
}
================================================================================

{
  "timestamp": "2026-01-15T15:44:29.347Z",
  "type": "request",
  "endpoint": "GET /games",
  "fullUrl": "https://staging.slotegrator.com/api/index.php/v1/games?page=10",
  "headers": {
    "X-Merchant-Id": "dbb46701285c1a2e24a0bf92f00501e5",
    "X-Timestamp": "1768491869",
    "X-Nonce": "64760f58386b9336ee35d7facb428a8f",
    "X-Sign": "062771cf...",
    "Accept": "application/json"
  },
  "body": null,
  "params": {
    "page": 10
  }
}
================================================================================

{
  "timestamp": "2026-01-15T15:44:29.654Z",
  "type": "request",
  "endpoint": "POST /games/init",
  "fullUrl": "https://staging.slotegrator.com/api/index.php/v1/games/init",
  "headers": {
    "X-Merchant-Id": "dbb46701285c1a2e24a0bf92f00501e5",
    "X-Timestamp": "1768491869",
    "X-Nonce": "f02adf1f9296ae0434b2cdc6c32f967e",
    "X-Sign": "d37bd5ac...",
    "Accept": "application/json",
    "Content-Type": "application/x-www-form-urlencoded"
  },
  "body": "game_uuid=642a1f708beae26a11e31fdae2df2f0fa32973ec&player_id=q92o3gyn8kOF5pE7BW-pk&player_name=wissal&currency=EUR&session_id=session_q92o3gyn8kOF5pE7BW-pk_1768491869652_0kmr9i&device=desktop&return_url=https%3A%2F%2Fboztestarea.ngrok.app&language=fr&email=wissal%40gmail.com",
  "params": {
    "game_uuid": "642a1f708beae26a11e31fdae2df2f0fa32973ec",
    "player_id": "q92o3gyn8kOF5pE7BW-pk",
    "player_name": "wissal",
    "currency": "EUR",
    "session_id": "session_q92o3gyn8kOF5pE7BW-pk_1768491869652_0kmr9i",
    "device": "desktop",
    "return_url": "https://boztestarea.ngrok.app",
    "language": "fr",
    "email": "wissal@gmail.com"
  }
}
================================================================================

{
  "timestamp": "2026-01-15T15:44:29.816Z",
  "type": "request",
  "endpoint": "POST /games/init",
  "fullUrl": "https://staging.slotegrator.com/api/index.php/v1/games/init",
  "headers": {
    "X-Merchant-Id": "dbb46701285c1a2e24a0bf92f00501e5",
    "X-Timestamp": "1768491869",
    "X-Nonce": "4d1da9625410c3db40b29acd3a2c63a4",
    "X-Sign": "ab0a2096...",
    "Accept": "application/json",
    "Content-Type": "application/x-www-form-urlencoded"
  },
  "body": "game_uuid=642a1f708beae26a11e31fdae2df2f0fa32973ec&player_id=q92o3gyn8kOF5pE7BW-pk&player_name=wissal&currency=EUR&session_id=session_q92o3gyn8kOF5pE7BW-pk_1768491869814_rtbda&device=desktop&return_url=https%3A%2F%2Fboztestarea.ngrok.app&language=fr&email=wissal%40gmail.com",
  "params": {
    "game_uuid": "642a1f708beae26a11e31fdae2df2f0fa32973ec",
    "player_id": "q92o3gyn8kOF5pE7BW-pk",
    "player_name": "wissal",
    "currency": "EUR",
    "session_id": "session_q92o3gyn8kOF5pE7BW-pk_1768491869814_rtbda",
    "device": "desktop",
    "return_url": "https://boztestarea.ngrok.app",
    "language": "fr",
    "email": "wissal@gmail.com"
  }
}
================================================================================

{
  "timestamp": "2026-01-15T15:45:48.270Z",
  "type": "request",
  "endpoint": "GET /games",
  "fullUrl": "https://staging.slotegrator.com/api/index.php/v1/games",
  "headers": {
    "X-Merchant-Id": "dbb46701285c1a2e24a0bf92f00501e5",
    "X-Timestamp": "1768491948",
    "X-Nonce": "449c6048a02898226ee63838cf6005f7",
    "X-Sign": "dbf727f4...",
    "Accept": "application/json"
  },
  "body": null,
  "params": null
}
================================================================================

{
  "timestamp": "2026-01-15T15:45:48.290Z",
  "type": "request",
  "endpoint": "GET /games",
  "fullUrl": "https://staging.slotegrator.com/api/index.php/v1/games",
  "headers": {
    "X-Merchant-Id": "dbb46701285c1a2e24a0bf92f00501e5",
    "X-Timestamp": "1768491948",
    "X-Nonce": "700ec4def4a6805fabe9635c54c7a39a",
    "X-Sign": "43428980...",
    "Accept": "application/json"
  },
  "body": null,
  "params": null
}
================================================================================

{
  "timestamp": "2026-01-15T15:45:48.876Z",
  "type": "request",
  "endpoint": "GET /games",
  "fullUrl": "https://staging.slotegrator.com/api/index.php/v1/games?page=2",
  "headers": {
    "X-Merchant-Id": "dbb46701285c1a2e24a0bf92f00501e5",
    "X-Timestamp": "1768491948",
    "X-Nonce": "3279abfe811d846e1163833fb8ce3443",
    "X-Sign": "ff7fb59c...",
    "Accept": "application/json"
  },
  "body": null,
  "params": {
    "page": 2
  }
}
================================================================================

{
  "timestamp": "2026-01-15T15:45:48.885Z",
  "type": "request",
  "endpoint": "GET /games",
  "fullUrl": "https://staging.slotegrator.com/api/index.php/v1/games?page=2",
  "headers": {
    "X-Merchant-Id": "dbb46701285c1a2e24a0bf92f00501e5",
    "X-Timestamp": "1768491948",
    "X-Nonce": "8b177480e0042f08334ad56e6a822bde",
    "X-Sign": "0b2329d0...",
    "Accept": "application/json"
  },
  "body": null,
  "params": {
    "page": 2
  }
}
================================================================================

{
  "timestamp": "2026-01-15T15:45:49.354Z",
  "type": "request",
  "endpoint": "GET /games",
  "fullUrl": "https://staging.slotegrator.com/api/index.php/v1/games?page=3",
  "headers": {
    "X-Merchant-Id": "dbb46701285c1a2e24a0bf92f00501e5",
    "X-Timestamp": "1768491949",
    "X-Nonce": "acfaa3c0539a7589ff416d391bcea86b",
    "X-Sign": "1e2495f0...",
    "Accept": "application/json"
  },
  "body": null,
  "params": {
    "page": 3
  }
}
================================================================================

{
  "timestamp": "2026-01-15T15:45:49.413Z",
  "type": "request",
  "endpoint": "GET /games",
  "fullUrl": "https://staging.slotegrator.com/api/index.php/v1/games?page=3",
  "headers": {
    "X-Merchant-Id": "dbb46701285c1a2e24a0bf92f00501e5",
    "X-Timestamp": "1768491949",
    "X-Nonce": "cdb24d8e20e0acfb95c46327d4010bce",
    "X-Sign": "9a645a84...",
    "Accept": "application/json"
  },
  "body": null,
  "params": {
    "page": 3
  }
}
================================================================================

{
  "timestamp": "2026-01-15T15:45:49.873Z",
  "type": "request",
  "endpoint": "GET /games",
  "fullUrl": "https://staging.slotegrator.com/api/index.php/v1/games?page=4",
  "headers": {
    "X-Merchant-Id": "dbb46701285c1a2e24a0bf92f00501e5",
    "X-Timestamp": "1768491949",
    "X-Nonce": "2d8409e8303e9ca223e1e3abcfef6deb",
    "X-Sign": "f0a4ca1b...",
    "Accept": "application/json"
  },
  "body": null,
  "params": {
    "page": 4
  }
}
================================================================================

{
  "timestamp": "2026-01-15T15:45:49.912Z",
  "type": "request",
  "endpoint": "GET /games",
  "fullUrl": "https://staging.slotegrator.com/api/index.php/v1/games?page=4",
  "headers": {
    "X-Merchant-Id": "dbb46701285c1a2e24a0bf92f00501e5",
    "X-Timestamp": "1768491949",
    "X-Nonce": "c2774ced0720e27a890bfce183c0d536",
    "X-Sign": "58d51957...",
    "Accept": "application/json"
  },
  "body": null,
  "params": {
    "page": 4
  }
}
================================================================================

{
  "timestamp": "2026-01-15T15:45:50.398Z",
  "type": "request",
  "endpoint": "GET /games",
  "fullUrl": "https://staging.slotegrator.com/api/index.php/v1/games?page=5",
  "headers": {
    "X-Merchant-Id": "dbb46701285c1a2e24a0bf92f00501e5",
    "X-Timestamp": "1768491950",
    "X-Nonce": "fb67ea03daac06116680c360cb628fa1",
    "X-Sign": "88d1b6e3...",
    "Accept": "application/json"
  },
  "body": null,
  "params": {
    "page": 5
  }
}
================================================================================

{
  "timestamp": "2026-01-15T15:45:50.446Z",
  "type": "request",
  "endpoint": "GET /games",
  "fullUrl": "https://staging.slotegrator.com/api/index.php/v1/games?page=5",
  "headers": {
    "X-Merchant-Id": "dbb46701285c1a2e24a0bf92f00501e5",
    "X-Timestamp": "1768491950",
    "X-Nonce": "e58fa20654e2f0c46872939e1d40dd99",
    "X-Sign": "728bcd95...",
    "Accept": "application/json"
  },
  "body": null,
  "params": {
    "page": 5
  }
}
================================================================================

{
  "timestamp": "2026-01-15T15:45:50.873Z",
  "type": "request",
  "endpoint": "GET /games",
  "fullUrl": "https://staging.slotegrator.com/api/index.php/v1/games",
  "headers": {
    "X-Merchant-Id": "dbb46701285c1a2e24a0bf92f00501e5",
    "X-Timestamp": "1768491950",
    "X-Nonce": "2f0f1395d6a484fe5ef83d277855ce41",
    "X-Sign": "bbd55386...",
    "Accept": "application/json"
  },
  "body": null,
  "params": null
}
================================================================================

{
  "timestamp": "2026-01-15T15:45:50.913Z",
  "type": "request",
  "endpoint": "GET /games",
  "fullUrl": "https://staging.slotegrator.com/api/index.php/v1/games",
  "headers": {
    "X-Merchant-Id": "dbb46701285c1a2e24a0bf92f00501e5",
    "X-Timestamp": "1768491950",
    "X-Nonce": "8d1fcb353bdcd567ac388c9fa7bdbfe4",
    "X-Sign": "785f13c3...",
    "Accept": "application/json"
  },
  "body": null,
  "params": null
}
================================================================================

{
  "timestamp": "2026-01-15T15:45:51.346Z",
  "type": "request",
  "endpoint": "GET /games",
  "fullUrl": "https://staging.slotegrator.com/api/index.php/v1/games?page=2",
  "headers": {
    "X-Merchant-Id": "dbb46701285c1a2e24a0bf92f00501e5",
    "X-Timestamp": "1768491951",
    "X-Nonce": "84df0e5a9e4d2512b4cbf92881f7c1d6",
    "X-Sign": "16ccfd01...",
    "Accept": "application/json"
  },
  "body": null,
  "params": {
    "page": 2
  }
}
================================================================================

{
  "timestamp": "2026-01-15T15:45:51.395Z",
  "type": "request",
  "endpoint": "GET /games",
  "fullUrl": "https://staging.slotegrator.com/api/index.php/v1/games?page=2",
  "headers": {
    "X-Merchant-Id": "dbb46701285c1a2e24a0bf92f00501e5",
    "X-Timestamp": "1768491951",
    "X-Nonce": "83bf31c7a86dd347aa10f82b04b2a293",
    "X-Sign": "6fecbd58...",
    "Accept": "application/json"
  },
  "body": null,
  "params": {
    "page": 2
  }
}
================================================================================

{
  "timestamp": "2026-01-15T15:45:51.885Z",
  "type": "request",
  "endpoint": "GET /games",
  "fullUrl": "https://staging.slotegrator.com/api/index.php/v1/games?page=3",
  "headers": {
    "X-Merchant-Id": "dbb46701285c1a2e24a0bf92f00501e5",
    "X-Timestamp": "1768491951",
    "X-Nonce": "9b5b8e162210d3198707a26d49d8b28e",
    "X-Sign": "b7b8f37f...",
    "Accept": "application/json"
  },
  "body": null,
  "params": {
    "page": 3
  }
}
================================================================================

{
  "timestamp": "2026-01-15T15:45:51.909Z",
  "type": "request",
  "endpoint": "GET /games",
  "fullUrl": "https://staging.slotegrator.com/api/index.php/v1/games?page=3",
  "headers": {
    "X-Merchant-Id": "dbb46701285c1a2e24a0bf92f00501e5",
    "X-Timestamp": "1768491951",
    "X-Nonce": "b35ec682867ad69375b13ecf0ab49923",
    "X-Sign": "ef12c13f...",
    "Accept": "application/json"
  },
  "body": null,
  "params": {
    "page": 3
  }
}
================================================================================

{
  "timestamp": "2026-01-15T15:45:52.446Z",
  "type": "request",
  "endpoint": "GET /games",
  "fullUrl": "https://staging.slotegrator.com/api/index.php/v1/games?page=4",
  "headers": {
    "X-Merchant-Id": "dbb46701285c1a2e24a0bf92f00501e5",
    "X-Timestamp": "1768491952",
    "X-Nonce": "fadba1f2dcc8b9882c72b6061bd79309",
    "X-Sign": "a4cc17c0...",
    "Accept": "application/json"
  },
  "body": null,
  "params": {
    "page": 4
  }
}
================================================================================

{
  "timestamp": "2026-01-15T15:45:52.461Z",
  "type": "request",
  "endpoint": "GET /games",
  "fullUrl": "https://staging.slotegrator.com/api/index.php/v1/games?page=4",
  "headers": {
    "X-Merchant-Id": "dbb46701285c1a2e24a0bf92f00501e5",
    "X-Timestamp": "1768491952",
    "X-Nonce": "705a5852147229383bee4116afd7953e",
    "X-Sign": "2a596a27...",
    "Accept": "application/json"
  },
  "body": null,
  "params": {
    "page": 4
  }
}
================================================================================

{
  "timestamp": "2026-01-15T15:45:52.943Z",
  "type": "request",
  "endpoint": "GET /games",
  "fullUrl": "https://staging.slotegrator.com/api/index.php/v1/games?page=5",
  "headers": {
    "X-Merchant-Id": "dbb46701285c1a2e24a0bf92f00501e5",
    "X-Timestamp": "1768491952",
    "X-Nonce": "79a60ae6e14d5f3f95aefb3b42325e1c",
    "X-Sign": "81584a10...",
    "Accept": "application/json"
  },
  "body": null,
  "params": {
    "page": 5
  }
}
================================================================================

{
  "timestamp": "2026-01-15T15:45:52.962Z",
  "type": "request",
  "endpoint": "GET /games",
  "fullUrl": "https://staging.slotegrator.com/api/index.php/v1/games?page=5",
  "headers": {
    "X-Merchant-Id": "dbb46701285c1a2e24a0bf92f00501e5",
    "X-Timestamp": "1768491952",
    "X-Nonce": "e3fc3abce52d3948ae17d3d53cd764fa",
    "X-Sign": "f211f98c...",
    "Accept": "application/json"
  },
  "body": null,
  "params": {
    "page": 5
  }
}
================================================================================

{
  "timestamp": "2026-01-15T15:45:53.480Z",
  "type": "request",
  "endpoint": "GET /games",
  "fullUrl": "https://staging.slotegrator.com/api/index.php/v1/games?page=6",
  "headers": {
    "X-Merchant-Id": "dbb46701285c1a2e24a0bf92f00501e5",
    "X-Timestamp": "1768491953",
    "X-Nonce": "2f0a5a10463a91bffd25a748d1405233",
    "X-Sign": "0fcc98db...",
    "Accept": "application/json"
  },
  "body": null,
  "params": {
    "page": 6
  }
}
================================================================================

{
  "timestamp": "2026-01-15T15:45:53.499Z",
  "type": "request",
  "endpoint": "GET /games",
  "fullUrl": "https://staging.slotegrator.com/api/index.php/v1/games?page=6",
  "headers": {
    "X-Merchant-Id": "dbb46701285c1a2e24a0bf92f00501e5",
    "X-Timestamp": "1768491953",
    "X-Nonce": "3126de24736e7bae29db37f4f0a35cd0",
    "X-Sign": "9c7534ec...",
    "Accept": "application/json"
  },
  "body": null,
  "params": {
    "page": 6
  }
}
================================================================================

{
  "timestamp": "2026-01-15T15:45:54.104Z",
  "type": "request",
  "endpoint": "GET /games",
  "fullUrl": "https://staging.slotegrator.com/api/index.php/v1/games?page=7",
  "headers": {
    "X-Merchant-Id": "dbb46701285c1a2e24a0bf92f00501e5",
    "X-Timestamp": "1768491954",
    "X-Nonce": "eb953bb8d398778a75bc7e946cb2db3e",
    "X-Sign": "2f63bd26...",
    "Accept": "application/json"
  },
  "body": null,
  "params": {
    "page": 7
  }
}
================================================================================

{
  "timestamp": "2026-01-15T15:45:54.126Z",
  "type": "request",
  "endpoint": "GET /games",
  "fullUrl": "https://staging.slotegrator.com/api/index.php/v1/games?page=7",
  "headers": {
    "X-Merchant-Id": "dbb46701285c1a2e24a0bf92f00501e5",
    "X-Timestamp": "1768491954",
    "X-Nonce": "2f794bec4a36e52d71f7cc6efe41a216",
    "X-Sign": "8025ee1f...",
    "Accept": "application/json"
  },
  "body": null,
  "params": {
    "page": 7
  }
}
================================================================================

{
  "timestamp": "2026-01-15T15:45:54.586Z",
  "type": "request",
  "endpoint": "GET /games",
  "fullUrl": "https://staging.slotegrator.com/api/index.php/v1/games?page=8",
  "headers": {
    "X-Merchant-Id": "dbb46701285c1a2e24a0bf92f00501e5",
    "X-Timestamp": "1768491954",
    "X-Nonce": "6fc5979bfe2f55a9c5566d2d6f349afb",
    "X-Sign": "e9de9caa...",
    "Accept": "application/json"
  },
  "body": null,
  "params": {
    "page": 8
  }
}
================================================================================

{
  "timestamp": "2026-01-15T15:45:54.629Z",
  "type": "request",
  "endpoint": "GET /games",
  "fullUrl": "https://staging.slotegrator.com/api/index.php/v1/games?page=8",
  "headers": {
    "X-Merchant-Id": "dbb46701285c1a2e24a0bf92f00501e5",
    "X-Timestamp": "1768491954",
    "X-Nonce": "83c7231d622a51d24ae9db7f9139beb0",
    "X-Sign": "2966b3ff...",
    "Accept": "application/json"
  },
  "body": null,
  "params": {
    "page": 8
  }
}
================================================================================

{
  "timestamp": "2026-01-15T15:45:55.088Z",
  "type": "request",
  "endpoint": "GET /games",
  "fullUrl": "https://staging.slotegrator.com/api/index.php/v1/games?page=9",
  "headers": {
    "X-Merchant-Id": "dbb46701285c1a2e24a0bf92f00501e5",
    "X-Timestamp": "1768491955",
    "X-Nonce": "d2bc98f04ddf030e46098b2b4bb36caa",
    "X-Sign": "1fc453cb...",
    "Accept": "application/json"
  },
  "body": null,
  "params": {
    "page": 9
  }
}
================================================================================

{
  "timestamp": "2026-01-15T15:45:55.114Z",
  "type": "request",
  "endpoint": "GET /games",
  "fullUrl": "https://staging.slotegrator.com/api/index.php/v1/games?page=9",
  "headers": {
    "X-Merchant-Id": "dbb46701285c1a2e24a0bf92f00501e5",
    "X-Timestamp": "1768491955",
    "X-Nonce": "cdd760339368e9bd362f3ee46760e9fb",
    "X-Sign": "2c6464fc...",
    "Accept": "application/json"
  },
  "body": null,
  "params": {
    "page": 9
  }
}
================================================================================

{
  "timestamp": "2026-01-15T15:45:55.615Z",
  "type": "request",
  "endpoint": "GET /games",
  "fullUrl": "https://staging.slotegrator.com/api/index.php/v1/games?page=10",
  "headers": {
    "X-Merchant-Id": "dbb46701285c1a2e24a0bf92f00501e5",
    "X-Timestamp": "1768491955",
    "X-Nonce": "95c8c473048444604b83ed0003611fd6",
    "X-Sign": "176c3c35...",
    "Accept": "application/json"
  },
  "body": null,
  "params": {
    "page": 10
  }
}
================================================================================

{
  "timestamp": "2026-01-15T15:45:55.680Z",
  "type": "request",
  "endpoint": "GET /games",
  "fullUrl": "https://staging.slotegrator.com/api/index.php/v1/games?page=10",
  "headers": {
    "X-Merchant-Id": "dbb46701285c1a2e24a0bf92f00501e5",
    "X-Timestamp": "1768491955",
    "X-Nonce": "abd88cfbb0162e2086edf3fcab06a030",
    "X-Sign": "b1de18c4...",
    "Accept": "application/json"
  },
  "body": null,
  "params": {
    "page": 10
  }
}
================================================================================

{
  "timestamp": "2026-01-15T15:45:56.058Z",
  "type": "request",
  "endpoint": "POST /games/init",
  "fullUrl": "https://staging.slotegrator.com/api/index.php/v1/games/init",
  "headers": {
    "X-Merchant-Id": "dbb46701285c1a2e24a0bf92f00501e5",
    "X-Timestamp": "1768491956",
    "X-Nonce": "f3d90ba0899f51319a16f118520e4c77",
    "X-Sign": "6cd81144...",
    "Accept": "application/json",
    "Content-Type": "application/x-www-form-urlencoded"
  },
  "body": "game_uuid=7487f0fac9049c9ee0dd0635a8ce5f5bfe04cd15&player_id=q92o3gyn8kOF5pE7BW-pk&player_name=wissal&currency=EUR&session_id=session_q92o3gyn8kOF5pE7BW-pk_1768491956055_p9gkl&device=desktop&return_url=https%3A%2F%2Fboztestarea.ngrok.app&language=fr&email=wissal%40gmail.com",
  "params": {
    "game_uuid": "7487f0fac9049c9ee0dd0635a8ce5f5bfe04cd15",
    "player_id": "q92o3gyn8kOF5pE7BW-pk",
    "player_name": "wissal",
    "currency": "EUR",
    "session_id": "session_q92o3gyn8kOF5pE7BW-pk_1768491956055_p9gkl",
    "device": "desktop",
    "return_url": "https://boztestarea.ngrok.app",
    "language": "fr",
    "email": "wissal@gmail.com"
  }
}
================================================================================

{
  "timestamp": "2026-01-15T15:45:56.292Z",
  "type": "request",
  "endpoint": "POST /games/init",
  "fullUrl": "https://staging.slotegrator.com/api/index.php/v1/games/init",
  "headers": {
    "X-Merchant-Id": "dbb46701285c1a2e24a0bf92f00501e5",
    "X-Timestamp": "1768491956",
    "X-Nonce": "043e6a9411844afb1951dda9d1ffe3d5",
    "X-Sign": "2cd250de...",
    "Accept": "application/json",
    "Content-Type": "application/x-www-form-urlencoded"
  },
  "body": "game_uuid=7487f0fac9049c9ee0dd0635a8ce5f5bfe04cd15&player_id=q92o3gyn8kOF5pE7BW-pk&player_name=wissal&currency=EUR&session_id=session_q92o3gyn8kOF5pE7BW-pk_1768491956287_xaeii&device=desktop&return_url=https%3A%2F%2Fboztestarea.ngrok.app&language=fr&email=wissal%40gmail.com",
  "params": {
    "game_uuid": "7487f0fac9049c9ee0dd0635a8ce5f5bfe04cd15",
    "player_id": "q92o3gyn8kOF5pE7BW-pk",
    "player_name": "wissal",
    "currency": "EUR",
    "session_id": "session_q92o3gyn8kOF5pE7BW-pk_1768491956287_xaeii",
    "device": "desktop",
    "return_url": "https://boztestarea.ngrok.app",
    "language": "fr",
    "email": "wissal@gmail.com"
  }
}
================================================================================

{
  "timestamp": "2026-01-15T15:46:21.008Z",
  "type": "request",
  "endpoint": "GET /games",
  "fullUrl": "https://staging.slotegrator.com/api/index.php/v1/games",
  "headers": {
    "X-Merchant-Id": "dbb46701285c1a2e24a0bf92f00501e5",
    "X-Timestamp": "1768491981",
    "X-Nonce": "a87e40767249eaaa1a1b7c929b2c6442",
    "X-Sign": "098e8421...",
    "Accept": "application/json"
  },
  "body": null,
  "params": null
}
================================================================================

{
  "timestamp": "2026-01-15T15:46:21.029Z",
  "type": "request",
  "endpoint": "GET /games",
  "fullUrl": "https://staging.slotegrator.com/api/index.php/v1/games",
  "headers": {
    "X-Merchant-Id": "dbb46701285c1a2e24a0bf92f00501e5",
    "X-Timestamp": "1768491981",
    "X-Nonce": "726184ed80f94b80059e753557f1dcb9",
    "X-Sign": "670914ce...",
    "Accept": "application/json"
  },
  "body": null,
  "params": null
}
================================================================================

{
  "timestamp": "2026-01-15T15:46:21.776Z",
  "type": "request",
  "endpoint": "GET /games",
  "fullUrl": "https://staging.slotegrator.com/api/index.php/v1/games?page=2",
  "headers": {
    "X-Merchant-Id": "dbb46701285c1a2e24a0bf92f00501e5",
    "X-Timestamp": "1768491981",
    "X-Nonce": "70482a6989f456d629dee6aa9692f518",
    "X-Sign": "44463af3...",
    "Accept": "application/json"
  },
  "body": null,
  "params": {
    "page": 2
  }
}
================================================================================

{
  "timestamp": "2026-01-15T15:46:22.212Z",
  "type": "request",
  "endpoint": "GET /games",
  "fullUrl": "https://staging.slotegrator.com/api/index.php/v1/games?page=2",
  "headers": {
    "X-Merchant-Id": "dbb46701285c1a2e24a0bf92f00501e5",
    "X-Timestamp": "1768491982",
    "X-Nonce": "207cce4618c33f97f6c0bede19ddc41f",
    "X-Sign": "9905e909...",
    "Accept": "application/json"
  },
  "body": null,
  "params": {
    "page": 2
  }
}
================================================================================

{
  "timestamp": "2026-01-15T15:46:22.263Z",
  "type": "request",
  "endpoint": "GET /games",
  "fullUrl": "https://staging.slotegrator.com/api/index.php/v1/games?page=3",
  "headers": {
    "X-Merchant-Id": "dbb46701285c1a2e24a0bf92f00501e5",
    "X-Timestamp": "1768491982",
    "X-Nonce": "8d89c284acb219cb2af03d17fb9ee1c2",
    "X-Sign": "899a85ac...",
    "Accept": "application/json"
  },
  "body": null,
  "params": {
    "page": 3
  }
}
================================================================================

{
  "timestamp": "2026-01-15T15:46:22.710Z",
  "type": "request",
  "endpoint": "GET /games",
  "fullUrl": "https://staging.slotegrator.com/api/index.php/v1/games?page=3",
  "headers": {
    "X-Merchant-Id": "dbb46701285c1a2e24a0bf92f00501e5",
    "X-Timestamp": "1768491982",
    "X-Nonce": "1cf6d6dab718fd5a1dfaee98b47b78da",
    "X-Sign": "b43d7fec...",
    "Accept": "application/json"
  },
  "body": null,
  "params": {
    "page": 3
  }
}
================================================================================

{
  "timestamp": "2026-01-15T15:46:22.812Z",
  "type": "request",
  "endpoint": "GET /games",
  "fullUrl": "https://staging.slotegrator.com/api/index.php/v1/games?page=4",
  "headers": {
    "X-Merchant-Id": "dbb46701285c1a2e24a0bf92f00501e5",
    "X-Timestamp": "1768491982",
    "X-Nonce": "ce6f2db0d572f077466db0cfc1ba585f",
    "X-Sign": "649f1882...",
    "Accept": "application/json"
  },
  "body": null,
  "params": {
    "page": 4
  }
}
================================================================================

{
  "timestamp": "2026-01-15T15:46:23.245Z",
  "type": "request",
  "endpoint": "GET /games",
  "fullUrl": "https://staging.slotegrator.com/api/index.php/v1/games?page=4",
  "headers": {
    "X-Merchant-Id": "dbb46701285c1a2e24a0bf92f00501e5",
    "X-Timestamp": "1768491983",
    "X-Nonce": "17ebe919c151cdb30b7eada14e3d8d74",
    "X-Sign": "b813a8ec...",
    "Accept": "application/json"
  },
  "body": null,
  "params": {
    "page": 4
  }
}
================================================================================

{
  "timestamp": "2026-01-15T15:46:23.360Z",
  "type": "request",
  "endpoint": "GET /games",
  "fullUrl": "https://staging.slotegrator.com/api/index.php/v1/games?page=5",
  "headers": {
    "X-Merchant-Id": "dbb46701285c1a2e24a0bf92f00501e5",
    "X-Timestamp": "1768491983",
    "X-Nonce": "1af005a4454ecb4c0b6b6ce2b72e6657",
    "X-Sign": "ec25c411...",
    "Accept": "application/json"
  },
  "body": null,
  "params": {
    "page": 5
  }
}
================================================================================

{
  "timestamp": "2026-01-15T15:46:23.794Z",
  "type": "request",
  "endpoint": "GET /games",
  "fullUrl": "https://staging.slotegrator.com/api/index.php/v1/games?page=5",
  "headers": {
    "X-Merchant-Id": "dbb46701285c1a2e24a0bf92f00501e5",
    "X-Timestamp": "1768491983",
    "X-Nonce": "b688c4d41fd793584699c1c9f3b16bd2",
    "X-Sign": "bd01426d...",
    "Accept": "application/json"
  },
  "body": null,
  "params": {
    "page": 5
  }
}
================================================================================

{
  "timestamp": "2026-01-15T15:46:23.907Z",
  "type": "request",
  "endpoint": "GET /games",
  "fullUrl": "https://staging.slotegrator.com/api/index.php/v1/games",
  "headers": {
    "X-Merchant-Id": "dbb46701285c1a2e24a0bf92f00501e5",
    "X-Timestamp": "1768491983",
    "X-Nonce": "fdd3fe2398d83e78e8a6cbbbad57db4b",
    "X-Sign": "52711746...",
    "Accept": "application/json"
  },
  "body": null,
  "params": null
}
================================================================================

{
  "timestamp": "2026-01-15T15:46:24.239Z",
  "type": "request",
  "endpoint": "GET /games",
  "fullUrl": "https://staging.slotegrator.com/api/index.php/v1/games",
  "headers": {
    "X-Merchant-Id": "dbb46701285c1a2e24a0bf92f00501e5",
    "X-Timestamp": "1768491984",
    "X-Nonce": "bd7f9279cf3b65522b0149f1eeec414d",
    "X-Sign": "fbac9b8d...",
    "Accept": "application/json"
  },
  "body": null,
  "params": null
}
================================================================================

{
  "timestamp": "2026-01-15T15:46:24.409Z",
  "type": "request",
  "endpoint": "GET /games",
  "fullUrl": "https://staging.slotegrator.com/api/index.php/v1/games?page=2",
  "headers": {
    "X-Merchant-Id": "dbb46701285c1a2e24a0bf92f00501e5",
    "X-Timestamp": "1768491984",
    "X-Nonce": "a0dd0c37645420dfd7924b52a264f3fb",
    "X-Sign": "8a65d264...",
    "Accept": "application/json"
  },
  "body": null,
  "params": {
    "page": 2
  }
}
================================================================================

{
  "timestamp": "2026-01-15T15:46:24.709Z",
  "type": "request",
  "endpoint": "GET /games",
  "fullUrl": "https://staging.slotegrator.com/api/index.php/v1/games?page=2",
  "headers": {
    "X-Merchant-Id": "dbb46701285c1a2e24a0bf92f00501e5",
    "X-Timestamp": "1768491984",
    "X-Nonce": "acfd57982dced867242535d5dd5496d4",
    "X-Sign": "60a2af79...",
    "Accept": "application/json"
  },
  "body": null,
  "params": {
    "page": 2
  }
}
================================================================================

{
  "timestamp": "2026-01-15T15:46:24.960Z",
  "type": "request",
  "endpoint": "GET /games",
  "fullUrl": "https://staging.slotegrator.com/api/index.php/v1/games?page=3",
  "headers": {
    "X-Merchant-Id": "dbb46701285c1a2e24a0bf92f00501e5",
    "X-Timestamp": "1768491984",
    "X-Nonce": "48a18852c5045ac8fac04a52cc50fad9",
    "X-Sign": "e12f264f...",
    "Accept": "application/json"
  },
  "body": null,
  "params": {
    "page": 3
  }
}
================================================================================

{
  "timestamp": "2026-01-15T15:46:25.194Z",
  "type": "request",
  "endpoint": "GET /games",
  "fullUrl": "https://staging.slotegrator.com/api/index.php/v1/games?page=3",
  "headers": {
    "X-Merchant-Id": "dbb46701285c1a2e24a0bf92f00501e5",
    "X-Timestamp": "1768491985",
    "X-Nonce": "ec064ee16e245c445d56aff150bcac58",
    "X-Sign": "0feea03d...",
    "Accept": "application/json"
  },
  "body": null,
  "params": {
    "page": 3
  }
}
================================================================================

{
  "timestamp": "2026-01-15T15:46:25.475Z",
  "type": "request",
  "endpoint": "GET /games",
  "fullUrl": "https://staging.slotegrator.com/api/index.php/v1/games?page=4",
  "headers": {
    "X-Merchant-Id": "dbb46701285c1a2e24a0bf92f00501e5",
    "X-Timestamp": "1768491985",
    "X-Nonce": "30561bec24e7b0f5b6abdd36e0c7fee2",
    "X-Sign": "f201fd8d...",
    "Accept": "application/json"
  },
  "body": null,
  "params": {
    "page": 4
  }
}
================================================================================

{
  "timestamp": "2026-01-15T15:46:25.661Z",
  "type": "request",
  "endpoint": "GET /games",
  "fullUrl": "https://staging.slotegrator.com/api/index.php/v1/games?page=4",
  "headers": {
    "X-Merchant-Id": "dbb46701285c1a2e24a0bf92f00501e5",
    "X-Timestamp": "1768491985",
    "X-Nonce": "d1db5d7216fe323d64cfebdd3bc22914",
    "X-Sign": "72c4b649...",
    "Accept": "application/json"
  },
  "body": null,
  "params": {
    "page": 4
  }
}
================================================================================

{
  "timestamp": "2026-01-15T15:46:26.044Z",
  "type": "request",
  "endpoint": "GET /games",
  "fullUrl": "https://staging.slotegrator.com/api/index.php/v1/games?page=5",
  "headers": {
    "X-Merchant-Id": "dbb46701285c1a2e24a0bf92f00501e5",
    "X-Timestamp": "1768491986",
    "X-Nonce": "e47d575ecbe9b9e77507f951335298e0",
    "X-Sign": "2caa2f53...",
    "Accept": "application/json"
  },
  "body": null,
  "params": {
    "page": 5
  }
}
================================================================================

{
  "timestamp": "2026-01-15T15:46:26.094Z",
  "type": "request",
  "endpoint": "GET /games",
  "fullUrl": "https://staging.slotegrator.com/api/index.php/v1/games?page=5",
  "headers": {
    "X-Merchant-Id": "dbb46701285c1a2e24a0bf92f00501e5",
    "X-Timestamp": "1768491986",
    "X-Nonce": "757eed1c33a153afcc8f28d9a1522d28",
    "X-Sign": "509cf43c...",
    "Accept": "application/json"
  },
  "body": null,
  "params": {
    "page": 5
  }
}
================================================================================

{
  "timestamp": "2026-01-15T15:46:26.537Z",
  "type": "request",
  "endpoint": "GET /games",
  "fullUrl": "https://staging.slotegrator.com/api/index.php/v1/games?page=6",
  "headers": {
    "X-Merchant-Id": "dbb46701285c1a2e24a0bf92f00501e5",
    "X-Timestamp": "1768491986",
    "X-Nonce": "7307963b345602584aa724871432b9c7",
    "X-Sign": "83a2fbbc...",
    "Accept": "application/json"
  },
  "body": null,
  "params": {
    "page": 6
  }
}
================================================================================

{
  "timestamp": "2026-01-15T15:46:26.578Z",
  "type": "request",
  "endpoint": "GET /games",
  "fullUrl": "https://staging.slotegrator.com/api/index.php/v1/games?page=6",
  "headers": {
    "X-Merchant-Id": "dbb46701285c1a2e24a0bf92f00501e5",
    "X-Timestamp": "1768491986",
    "X-Nonce": "6b173d2ad932615d8b049b596efe1e72",
    "X-Sign": "56bd50e5...",
    "Accept": "application/json"
  },
  "body": null,
  "params": {
    "page": 6
  }
}
================================================================================

{
  "timestamp": "2026-01-15T15:46:27.029Z",
  "type": "request",
  "endpoint": "GET /games",
  "fullUrl": "https://staging.slotegrator.com/api/index.php/v1/games?page=7",
  "headers": {
    "X-Merchant-Id": "dbb46701285c1a2e24a0bf92f00501e5",
    "X-Timestamp": "1768491987",
    "X-Nonce": "d4def23cc44cf7f64c769ab6ad18f063",
    "X-Sign": "32c71699...",
    "Accept": "application/json"
  },
  "body": null,
  "params": {
    "page": 7
  }
}
================================================================================

{
  "timestamp": "2026-01-15T15:46:27.160Z",
  "type": "request",
  "endpoint": "GET /games",
  "fullUrl": "https://staging.slotegrator.com/api/index.php/v1/games?page=7",
  "headers": {
    "X-Merchant-Id": "dbb46701285c1a2e24a0bf92f00501e5",
    "X-Timestamp": "1768491987",
    "X-Nonce": "0798d7d24bc6d4c27f615715ff8d4852",
    "X-Sign": "fd91934b...",
    "Accept": "application/json"
  },
  "body": null,
  "params": {
    "page": 7
  }
}
================================================================================

{
  "timestamp": "2026-01-15T15:46:27.493Z",
  "type": "request",
  "endpoint": "GET /games",
  "fullUrl": "https://staging.slotegrator.com/api/index.php/v1/games?page=8",
  "headers": {
    "X-Merchant-Id": "dbb46701285c1a2e24a0bf92f00501e5",
    "X-Timestamp": "1768491987",
    "X-Nonce": "370f41ea7223298dad6ab70a38f4d7c3",
    "X-Sign": "39b78ee2...",
    "Accept": "application/json"
  },
  "body": null,
  "params": {
    "page": 8
  }
}
================================================================================

{
  "timestamp": "2026-01-15T15:46:27.694Z",
  "type": "request",
  "endpoint": "GET /games",
  "fullUrl": "https://staging.slotegrator.com/api/index.php/v1/games?page=8",
  "headers": {
    "X-Merchant-Id": "dbb46701285c1a2e24a0bf92f00501e5",
    "X-Timestamp": "1768491987",
    "X-Nonce": "535b173c93a91c32c23375fa1a58c1c1",
    "X-Sign": "7b3525b1...",
    "Accept": "application/json"
  },
  "body": null,
  "params": {
    "page": 8
  }
}
================================================================================

{
  "timestamp": "2026-01-15T15:46:27.979Z",
  "type": "request",
  "endpoint": "GET /games",
  "fullUrl": "https://staging.slotegrator.com/api/index.php/v1/games?page=9",
  "headers": {
    "X-Merchant-Id": "dbb46701285c1a2e24a0bf92f00501e5",
    "X-Timestamp": "1768491987",
    "X-Nonce": "c788f4f761c75081a19171e8cc34c2e4",
    "X-Sign": "2822cc7e...",
    "Accept": "application/json"
  },
  "body": null,
  "params": {
    "page": 9
  }
}
================================================================================

{
  "timestamp": "2026-01-15T15:46:28.210Z",
  "type": "request",
  "endpoint": "GET /games",
  "fullUrl": "https://staging.slotegrator.com/api/index.php/v1/games?page=9",
  "headers": {
    "X-Merchant-Id": "dbb46701285c1a2e24a0bf92f00501e5",
    "X-Timestamp": "1768491988",
    "X-Nonce": "44e01b63977cb6221931360bfca44bf2",
    "X-Sign": "107873f2...",
    "Accept": "application/json"
  },
  "body": null,
  "params": {
    "page": 9
  }
}
================================================================================

{
  "timestamp": "2026-01-15T15:46:28.427Z",
  "type": "request",
  "endpoint": "GET /games",
  "fullUrl": "https://staging.slotegrator.com/api/index.php/v1/games?page=10",
  "headers": {
    "X-Merchant-Id": "dbb46701285c1a2e24a0bf92f00501e5",
    "X-Timestamp": "1768491988",
    "X-Nonce": "14aa9cb4d751bb5fb8e2b6700d4bbc0e",
    "X-Sign": "0aecb13f...",
    "Accept": "application/json"
  },
  "body": null,
  "params": {
    "page": 10
  }
}
================================================================================

{
  "timestamp": "2026-01-15T15:46:28.693Z",
  "type": "request",
  "endpoint": "GET /games",
  "fullUrl": "https://staging.slotegrator.com/api/index.php/v1/games?page=10",
  "headers": {
    "X-Merchant-Id": "dbb46701285c1a2e24a0bf92f00501e5",
    "X-Timestamp": "1768491988",
    "X-Nonce": "4f4df30429b71a397db4040fba217efb",
    "X-Sign": "97425114...",
    "Accept": "application/json"
  },
  "body": null,
  "params": {
    "page": 10
  }
}
================================================================================

{
  "timestamp": "2026-01-15T15:46:28.900Z",
  "type": "request",
  "endpoint": "POST /games/init",
  "fullUrl": "https://staging.slotegrator.com/api/index.php/v1/games/init",
  "headers": {
    "X-Merchant-Id": "dbb46701285c1a2e24a0bf92f00501e5",
    "X-Timestamp": "1768491988",
    "X-Nonce": "1fba241c016c75aa54b35a001c4259fc",
    "X-Sign": "f72c954e...",
    "Accept": "application/json",
    "Content-Type": "application/x-www-form-urlencoded"
  },
  "body": "game_uuid=642a1f708beae26a11e31fdae2df2f0fa32973ec&player_id=q92o3gyn8kOF5pE7BW-pk&player_name=wissal&currency=EUR&session_id=session_q92o3gyn8kOF5pE7BW-pk_1768491988898_gfte2p&device=desktop&return_url=https%3A%2F%2Fboztestarea.ngrok.app&language=fr&email=wissal%40gmail.com",
  "params": {
    "game_uuid": "642a1f708beae26a11e31fdae2df2f0fa32973ec",
    "player_id": "q92o3gyn8kOF5pE7BW-pk",
    "player_name": "wissal",
    "currency": "EUR",
    "session_id": "session_q92o3gyn8kOF5pE7BW-pk_1768491988898_gfte2p",
    "device": "desktop",
    "return_url": "https://boztestarea.ngrok.app",
    "language": "fr",
    "email": "wissal@gmail.com"
  }
}
================================================================================

{
  "timestamp": "2026-01-15T15:46:29.214Z",
  "type": "request",
  "endpoint": "POST /games/init",
  "fullUrl": "https://staging.slotegrator.com/api/index.php/v1/games/init",
  "headers": {
    "X-Merchant-Id": "dbb46701285c1a2e24a0bf92f00501e5",
    "X-Timestamp": "1768491989",
    "X-Nonce": "c36557ed62c5c2176939cb62c8654bc1",
    "X-Sign": "f98226f6...",
    "Accept": "application/json",
    "Content-Type": "application/x-www-form-urlencoded"
  },
  "body": "game_uuid=642a1f708beae26a11e31fdae2df2f0fa32973ec&player_id=q92o3gyn8kOF5pE7BW-pk&player_name=wissal&currency=EUR&session_id=session_q92o3gyn8kOF5pE7BW-pk_1768491989212_8azixa&device=desktop&return_url=https%3A%2F%2Fboztestarea.ngrok.app&language=fr&email=wissal%40gmail.com",
  "params": {
    "game_uuid": "642a1f708beae26a11e31fdae2df2f0fa32973ec",
    "player_id": "q92o3gyn8kOF5pE7BW-pk",
    "player_name": "wissal",
    "currency": "EUR",
    "session_id": "session_q92o3gyn8kOF5pE7BW-pk_1768491989212_8azixa",
    "device": "desktop",
    "return_url": "https://boztestarea.ngrok.app",
    "language": "fr",
    "email": "wissal@gmail.com"
  }
}
================================================================================

{
  "timestamp": "2026-01-15T15:46:42.215Z",
  "type": "request",
  "endpoint": "GET /games",
  "fullUrl": "https://staging.slotegrator.com/api/index.php/v1/games",
  "headers": {
    "X-Merchant-Id": "dbb46701285c1a2e24a0bf92f00501e5",
    "X-Timestamp": "1768492002",
    "X-Nonce": "7d70e246c56dead09e475d6ac093b95d",
    "X-Sign": "f309560a...",
    "Accept": "application/json"
  },
  "body": null,
  "params": null
}
================================================================================

{
  "timestamp": "2026-01-15T15:46:42.275Z",
  "type": "request",
  "endpoint": "GET /games",
  "fullUrl": "https://staging.slotegrator.com/api/index.php/v1/games",
  "headers": {
    "X-Merchant-Id": "dbb46701285c1a2e24a0bf92f00501e5",
    "X-Timestamp": "1768492002",
    "X-Nonce": "81b399b3567b03d5debbbf8b34c70322",
    "X-Sign": "cd9ff99c...",
    "Accept": "application/json"
  },
  "body": null,
  "params": null
}
================================================================================

{
  "timestamp": "2026-01-15T15:46:42.989Z",
  "type": "request",
  "endpoint": "GET /games",
  "fullUrl": "https://staging.slotegrator.com/api/index.php/v1/games?page=2",
  "headers": {
    "X-Merchant-Id": "dbb46701285c1a2e24a0bf92f00501e5",
    "X-Timestamp": "1768492002",
    "X-Nonce": "33231cd272daaa921ce35a8f842843d8",
    "X-Sign": "3176dbd7...",
    "Accept": "application/json"
  },
  "body": null,
  "params": {
    "page": 2
  }
}
================================================================================

{
  "timestamp": "2026-01-15T15:46:43.043Z",
  "type": "request",
  "endpoint": "GET /games",
  "fullUrl": "https://staging.slotegrator.com/api/index.php/v1/games?page=2",
  "headers": {
    "X-Merchant-Id": "dbb46701285c1a2e24a0bf92f00501e5",
    "X-Timestamp": "1768492003",
    "X-Nonce": "50f7db85bf74ef7d7e6e90d07c340020",
    "X-Sign": "329069ee...",
    "Accept": "application/json"
  },
  "body": null,
  "params": {
    "page": 2
  }
}
================================================================================

{
  "timestamp": "2026-01-15T15:46:43.528Z",
  "type": "request",
  "endpoint": "GET /games",
  "fullUrl": "https://staging.slotegrator.com/api/index.php/v1/games?page=3",
  "headers": {
    "X-Merchant-Id": "dbb46701285c1a2e24a0bf92f00501e5",
    "X-Timestamp": "1768492003",
    "X-Nonce": "94e14ee107bb820c413b068ae91ec897",
    "X-Sign": "0191c562...",
    "Accept": "application/json"
  },
  "body": null,
  "params": {
    "page": 3
  }
}
================================================================================

{
  "timestamp": "2026-01-15T15:46:43.609Z",
  "type": "request",
  "endpoint": "GET /games",
  "fullUrl": "https://staging.slotegrator.com/api/index.php/v1/games?page=3",
  "headers": {
    "X-Merchant-Id": "dbb46701285c1a2e24a0bf92f00501e5",
    "X-Timestamp": "1768492003",
    "X-Nonce": "43211c54f4a91cc161656d587f63c33f",
    "X-Sign": "8ebb6305...",
    "Accept": "application/json"
  },
  "body": null,
  "params": {
    "page": 3
  }
}
================================================================================

{
  "timestamp": "2026-01-15T15:46:44.010Z",
  "type": "request",
  "endpoint": "GET /games",
  "fullUrl": "https://staging.slotegrator.com/api/index.php/v1/games?page=4",
  "headers": {
    "X-Merchant-Id": "dbb46701285c1a2e24a0bf92f00501e5",
    "X-Timestamp": "1768492004",
    "X-Nonce": "aea59c82a1ccf3c4e32841a92efc9bcd",
    "X-Sign": "9dbea4e2...",
    "Accept": "application/json"
  },
  "body": null,
  "params": {
    "page": 4
  }
}
================================================================================

{
  "timestamp": "2026-01-15T15:46:44.178Z",
  "type": "request",
  "endpoint": "GET /games",
  "fullUrl": "https://staging.slotegrator.com/api/index.php/v1/games?page=4",
  "headers": {
    "X-Merchant-Id": "dbb46701285c1a2e24a0bf92f00501e5",
    "X-Timestamp": "1768492004",
    "X-Nonce": "463ad10c127fcf0c9d4a970213dec164",
    "X-Sign": "474e581c...",
    "Accept": "application/json"
  },
  "body": null,
  "params": {
    "page": 4
  }
}
================================================================================

{
  "timestamp": "2026-01-15T15:46:44.525Z",
  "type": "request",
  "endpoint": "GET /games",
  "fullUrl": "https://staging.slotegrator.com/api/index.php/v1/games?page=5",
  "headers": {
    "X-Merchant-Id": "dbb46701285c1a2e24a0bf92f00501e5",
    "X-Timestamp": "1768492004",
    "X-Nonce": "c0d5a52a487b1e57ee8f77cb2a02989d",
    "X-Sign": "60f0ce1c...",
    "Accept": "application/json"
  },
  "body": null,
  "params": {
    "page": 5
  }
}
================================================================================

{
  "timestamp": "2026-01-15T15:46:44.810Z",
  "type": "request",
  "endpoint": "GET /games",
  "fullUrl": "https://staging.slotegrator.com/api/index.php/v1/games?page=5",
  "headers": {
    "X-Merchant-Id": "dbb46701285c1a2e24a0bf92f00501e5",
    "X-Timestamp": "1768492004",
    "X-Nonce": "29d847cc0fcf38b61b295207a1a24fcb",
    "X-Sign": "88f4eb27...",
    "Accept": "application/json"
  },
  "body": null,
  "params": {
    "page": 5
  }
}
================================================================================

{
  "timestamp": "2026-01-15T15:46:44.955Z",
  "type": "request",
  "endpoint": "GET /games",
  "fullUrl": "https://staging.slotegrator.com/api/index.php/v1/games",
  "headers": {
    "X-Merchant-Id": "dbb46701285c1a2e24a0bf92f00501e5",
    "X-Timestamp": "1768492004",
    "X-Nonce": "06b0940f25978446695b972919d63be5",
    "X-Sign": "5aeecd5d...",
    "Accept": "application/json"
  },
  "body": null,
  "params": null
}
================================================================================

{
  "timestamp": "2026-01-15T15:46:45.427Z",
  "type": "request",
  "endpoint": "GET /games",
  "fullUrl": "https://staging.slotegrator.com/api/index.php/v1/games",
  "headers": {
    "X-Merchant-Id": "dbb46701285c1a2e24a0bf92f00501e5",
    "X-Timestamp": "1768492005",
    "X-Nonce": "175c129e117770cffed78248a8c0bd9c",
    "X-Sign": "da3a43cc...",
    "Accept": "application/json"
  },
  "body": null,
  "params": null
}
================================================================================

{
  "timestamp": "2026-01-15T15:46:45.478Z",
  "type": "request",
  "endpoint": "GET /games",
  "fullUrl": "https://staging.slotegrator.com/api/index.php/v1/games?page=2",
  "headers": {
    "X-Merchant-Id": "dbb46701285c1a2e24a0bf92f00501e5",
    "X-Timestamp": "1768492005",
    "X-Nonce": "453fbf527e9a8b6670ccf8d05ee5e6d8",
    "X-Sign": "2df59cb8...",
    "Accept": "application/json"
  },
  "body": null,
  "params": {
    "page": 2
  }
}
================================================================================

{
  "timestamp": "2026-01-15T15:46:46.032Z",
  "type": "request",
  "endpoint": "GET /games",
  "fullUrl": "https://staging.slotegrator.com/api/index.php/v1/games?page=3",
  "headers": {
    "X-Merchant-Id": "dbb46701285c1a2e24a0bf92f00501e5",
    "X-Timestamp": "1768492006",
    "X-Nonce": "5026bc2beb5c2415c609bb06c0269ac0",
    "X-Sign": "27b79d6d...",
    "Accept": "application/json"
  },
  "body": null,
  "params": {
    "page": 3
  }
}
================================================================================

{
  "timestamp": "2026-01-15T15:46:46.045Z",
  "type": "request",
  "endpoint": "GET /games",
  "fullUrl": "https://staging.slotegrator.com/api/index.php/v1/games?page=2",
  "headers": {
    "X-Merchant-Id": "dbb46701285c1a2e24a0bf92f00501e5",
    "X-Timestamp": "1768492006",
    "X-Nonce": "3c16cbedeb6340a588dcf716f3946140",
    "X-Sign": "8a9caf1e...",
    "Accept": "application/json"
  },
  "body": null,
  "params": {
    "page": 2
  }
}
================================================================================

{
  "timestamp": "2026-01-15T15:46:46.595Z",
  "type": "request",
  "endpoint": "GET /games",
  "fullUrl": "https://staging.slotegrator.com/api/index.php/v1/games?page=4",
  "headers": {
    "X-Merchant-Id": "dbb46701285c1a2e24a0bf92f00501e5",
    "X-Timestamp": "1768492006",
    "X-Nonce": "0cb8ff142f26f4d42645da544c5061ce",
    "X-Sign": "f8504d75...",
    "Accept": "application/json"
  },
  "body": null,
  "params": {
    "page": 4
  }
}
================================================================================

{
  "timestamp": "2026-01-15T15:46:46.661Z",
  "type": "request",
  "endpoint": "GET /games",
  "fullUrl": "https://staging.slotegrator.com/api/index.php/v1/games?page=3",
  "headers": {
    "X-Merchant-Id": "dbb46701285c1a2e24a0bf92f00501e5",
    "X-Timestamp": "1768492006",
    "X-Nonce": "eb9198798f19e3049103e46184a434f4",
    "X-Sign": "b23fc016...",
    "Accept": "application/json"
  },
  "body": null,
  "params": {
    "page": 3
  }
}
================================================================================

{
  "timestamp": "2026-01-15T15:46:47.045Z",
  "type": "request",
  "endpoint": "GET /games",
  "fullUrl": "https://staging.slotegrator.com/api/index.php/v1/games?page=5",
  "headers": {
    "X-Merchant-Id": "dbb46701285c1a2e24a0bf92f00501e5",
    "X-Timestamp": "1768492007",
    "X-Nonce": "35d1005afc8c4976fca802078d1ddd3b",
    "X-Sign": "3a4ecc3a...",
    "Accept": "application/json"
  },
  "body": null,
  "params": {
    "page": 5
  }
}
================================================================================

{
  "timestamp": "2026-01-15T15:46:47.227Z",
  "type": "request",
  "endpoint": "GET /games",
  "fullUrl": "https://staging.slotegrator.com/api/index.php/v1/games?page=4",
  "headers": {
    "X-Merchant-Id": "dbb46701285c1a2e24a0bf92f00501e5",
    "X-Timestamp": "1768492007",
    "X-Nonce": "fbfb6d05dcd5502037019aba55a14c27",
    "X-Sign": "e212c84d...",
    "Accept": "application/json"
  },
  "body": null,
  "params": {
    "page": 4
  }
}
================================================================================

{
  "timestamp": "2026-01-15T15:46:47.562Z",
  "type": "request",
  "endpoint": "GET /games",
  "fullUrl": "https://staging.slotegrator.com/api/index.php/v1/games?page=6",
  "headers": {
    "X-Merchant-Id": "dbb46701285c1a2e24a0bf92f00501e5",
    "X-Timestamp": "1768492007",
    "X-Nonce": "1b0d51ff37a84273ffb476207dab0a7a",
    "X-Sign": "cc2eabbb...",
    "Accept": "application/json"
  },
  "body": null,
  "params": {
    "page": 6
  }
}
================================================================================

{
  "timestamp": "2026-01-15T15:46:47.745Z",
  "type": "request",
  "endpoint": "GET /games",
  "fullUrl": "https://staging.slotegrator.com/api/index.php/v1/games?page=5",
  "headers": {
    "X-Merchant-Id": "dbb46701285c1a2e24a0bf92f00501e5",
    "X-Timestamp": "1768492007",
    "X-Nonce": "5bbed8ff822e4732907516a1d5cc4921",
    "X-Sign": "01dbb532...",
    "Accept": "application/json"
  },
  "body": null,
  "params": {
    "page": 5
  }
}
================================================================================

{
  "timestamp": "2026-01-15T15:46:48.011Z",
  "type": "request",
  "endpoint": "GET /games",
  "fullUrl": "https://staging.slotegrator.com/api/index.php/v1/games?page=7",
  "headers": {
    "X-Merchant-Id": "dbb46701285c1a2e24a0bf92f00501e5",
    "X-Timestamp": "1768492008",
    "X-Nonce": "65f6a3a967ad902cdb00f9ba3511aab9",
    "X-Sign": "9d172c9a...",
    "Accept": "application/json"
  },
  "body": null,
  "params": {
    "page": 7
  }
}
================================================================================

{
  "timestamp": "2026-01-15T15:46:48.276Z",
  "type": "request",
  "endpoint": "GET /games",
  "fullUrl": "https://staging.slotegrator.com/api/index.php/v1/games?page=6",
  "headers": {
    "X-Merchant-Id": "dbb46701285c1a2e24a0bf92f00501e5",
    "X-Timestamp": "1768492008",
    "X-Nonce": "31f01d362d06e55cc33130c82eb72d72",
    "X-Sign": "fd4a4262...",
    "Accept": "application/json"
  },
  "body": null,
  "params": {
    "page": 6
  }
}
================================================================================

{
  "timestamp": "2026-01-15T15:46:48.460Z",
  "type": "request",
  "endpoint": "GET /games",
  "fullUrl": "https://staging.slotegrator.com/api/index.php/v1/games?page=8",
  "headers": {
    "X-Merchant-Id": "dbb46701285c1a2e24a0bf92f00501e5",
    "X-Timestamp": "1768492008",
    "X-Nonce": "41be8e540bd552c15e6a9fc7c83dd9a3",
    "X-Sign": "3c9afb43...",
    "Accept": "application/json"
  },
  "body": null,
  "params": {
    "page": 8
  }
}
================================================================================

{
  "timestamp": "2026-01-15T15:46:48.848Z",
  "type": "request",
  "endpoint": "GET /games",
  "fullUrl": "https://staging.slotegrator.com/api/index.php/v1/games?page=7",
  "headers": {
    "X-Merchant-Id": "dbb46701285c1a2e24a0bf92f00501e5",
    "X-Timestamp": "1768492008",
    "X-Nonce": "a679d49f8a7c1b8a35ebf47eb38081b8",
    "X-Sign": "afc55e89...",
    "Accept": "application/json"
  },
  "body": null,
  "params": {
    "page": 7
  }
}
================================================================================

{
  "timestamp": "2026-01-15T15:46:48.960Z",
  "type": "request",
  "endpoint": "GET /games",
  "fullUrl": "https://staging.slotegrator.com/api/index.php/v1/games?page=9",
  "headers": {
    "X-Merchant-Id": "dbb46701285c1a2e24a0bf92f00501e5",
    "X-Timestamp": "1768492008",
    "X-Nonce": "ab3b3cec1c62a6b4b0411cfaa2fd6d9f",
    "X-Sign": "b7239a06...",
    "Accept": "application/json"
  },
  "body": null,
  "params": {
    "page": 9
  }
}
================================================================================

{
  "timestamp": "2026-01-15T15:46:49.396Z",
  "type": "request",
  "endpoint": "GET /games",
  "fullUrl": "https://staging.slotegrator.com/api/index.php/v1/games?page=8",
  "headers": {
    "X-Merchant-Id": "dbb46701285c1a2e24a0bf92f00501e5",
    "X-Timestamp": "1768492009",
    "X-Nonce": "dd514b76d926a6fbee8d89fcc9b42821",
    "X-Sign": "f17c536f...",
    "Accept": "application/json"
  },
  "body": null,
  "params": {
    "page": 8
  }
}
================================================================================

{
  "timestamp": "2026-01-15T15:46:49.445Z",
  "type": "request",
  "endpoint": "GET /games",
  "fullUrl": "https://staging.slotegrator.com/api/index.php/v1/games?page=10",
  "headers": {
    "X-Merchant-Id": "dbb46701285c1a2e24a0bf92f00501e5",
    "X-Timestamp": "1768492009",
    "X-Nonce": "f31c7bf5942c6f844243dafc16ddc388",
    "X-Sign": "70516b0d...",
    "Accept": "application/json"
  },
  "body": null,
  "params": {
    "page": 10
  }
}
================================================================================

{
  "timestamp": "2026-01-15T15:46:49.896Z",
  "type": "request",
  "endpoint": "POST /games/init",
  "fullUrl": "https://staging.slotegrator.com/api/index.php/v1/games/init",
  "headers": {
    "X-Merchant-Id": "dbb46701285c1a2e24a0bf92f00501e5",
    "X-Timestamp": "1768492009",
    "X-Nonce": "382cc70d2045df7e6e52a6e01031aa84",
    "X-Sign": "b2847875...",
    "Accept": "application/json",
    "Content-Type": "application/x-www-form-urlencoded"
  },
  "body": "game_uuid=29e6dcde1cd11b432106af0937cb9e4e558b8689&player_id=q92o3gyn8kOF5pE7BW-pk&player_name=wissal&currency=EUR&session_id=session_q92o3gyn8kOF5pE7BW-pk_1768492009893_vet2s&device=desktop&return_url=https%3A%2F%2Fboztestarea.ngrok.app&language=fr&email=wissal%40gmail.com",
  "params": {
    "game_uuid": "29e6dcde1cd11b432106af0937cb9e4e558b8689",
    "player_id": "q92o3gyn8kOF5pE7BW-pk",
    "player_name": "wissal",
    "currency": "EUR",
    "session_id": "session_q92o3gyn8kOF5pE7BW-pk_1768492009893_vet2s",
    "device": "desktop",
    "return_url": "https://boztestarea.ngrok.app",
    "language": "fr",
    "email": "wissal@gmail.com"
  }
}
================================================================================

{
  "timestamp": "2026-01-15T15:46:49.960Z",
  "type": "request",
  "endpoint": "GET /games",
  "fullUrl": "https://staging.slotegrator.com/api/index.php/v1/games?page=9",
  "headers": {
    "X-Merchant-Id": "dbb46701285c1a2e24a0bf92f00501e5",
    "X-Timestamp": "1768492009",
    "X-Nonce": "7501e35d854f0f9e1c0fc03a6f35d39c",
    "X-Sign": "6ccf7128...",
    "Accept": "application/json"
  },
  "body": null,
  "params": {
    "page": 9
  }
}
================================================================================

{
  "timestamp": "2026-01-15T15:46:50.454Z",
  "type": "request",
  "endpoint": "GET /games",
  "fullUrl": "https://staging.slotegrator.com/api/index.php/v1/games?page=10",
  "headers": {
    "X-Merchant-Id": "dbb46701285c1a2e24a0bf92f00501e5",
    "X-Timestamp": "1768492010",
    "X-Nonce": "f5a6b64638f3865f1aae0211520940de",
    "X-Sign": "b2ae50de...",
    "Accept": "application/json"
  },
  "body": null,
  "params": {
    "page": 10
  }
}
================================================================================

{
  "timestamp": "2026-01-15T15:46:50.880Z",
  "type": "request",
  "endpoint": "POST /games/init",
  "fullUrl": "https://staging.slotegrator.com/api/index.php/v1/games/init",
  "headers": {
    "X-Merchant-Id": "dbb46701285c1a2e24a0bf92f00501e5",
    "X-Timestamp": "1768492010",
    "X-Nonce": "ab9ce5593872a8fb9cdac18088e4918a",
    "X-Sign": "ef2bba64...",
    "Accept": "application/json",
    "Content-Type": "application/x-www-form-urlencoded"
  },
  "body": "game_uuid=29e6dcde1cd11b432106af0937cb9e4e558b8689&player_id=q92o3gyn8kOF5pE7BW-pk&player_name=wissal&currency=EUR&session_id=session_q92o3gyn8kOF5pE7BW-pk_1768492010879_4ntnon&device=desktop&return_url=https%3A%2F%2Fboztestarea.ngrok.app&language=fr&email=wissal%40gmail.com",
  "params": {
    "game_uuid": "29e6dcde1cd11b432106af0937cb9e4e558b8689",
    "player_id": "q92o3gyn8kOF5pE7BW-pk",
    "player_name": "wissal",
    "currency": "EUR",
    "session_id": "session_q92o3gyn8kOF5pE7BW-pk_1768492010879_4ntnon",
    "device": "desktop",
    "return_url": "https://boztestarea.ngrok.app",
    "language": "fr",
    "email": "wissal@gmail.com"
  }
}
================================================================================

